start date, end date, method, input port, notes, method creation date, error log
[2025] Jan 02 14:34:27, [2025] Jan 02 15:00:58, 2000 mL Ref, 15, cool down returned: -28.30.  sampling returned: 2002.60.  check heater returned: 297.90. , [2024] Jul 19 14:59:55, 
[2025] Jan 02 15:35:32, [2025] Jan 02 16:02:02, 2000 mL Ref, 15, cool down returned: -31.80.  sampling returned: 2002.60.  check heater returned: 302.00. , [2024] Jul 19 14:59:55, 
[2025] Jan 02 18:51:24, [2025] Jan 02 18:52:51, change over, 14, , [2024] Feb 22 14:51:17, 
[2025] Jan 02 18:51:19, [2025] Jan 02 18:57:04, nat gas process, 14, , [2024] Nov 20 17:47:56, Failed at [2025] Jan 02 18:57:04 on flush, line 811: <class 'TypeError'> signal_handler() takes 2 positional arguments but 3 were given.
[2025] Jan 02 18:57:20, [2025] Jan 02 19:21:22, uVolume plus 2L.txt, 14, cool down returned: -28.10.  trap power check returned: 7.16. , [2024] Dec 29 16:11:25, Failed at [2025] Jan 02 19:21:22 on drop backflush, line 811: <class 'RuntimeError'> Setpoint not reached before the timeout of 30 s.>>>  (from uPy device).
[2025] Jan 02 19:22:18, [2025] Jan 02 19:27:41, process sample.txt, 14, , [2024] Mar 04 17:22:19, 
[2025] Jan 03 10:38:54, [2025] Jan 03 10:40:29, bake out.txt, 14, , [2024] Sep 01 17:56:21, Failed at [2025] Jan 03 10:40:29 on check heater, line 811: <class 'SystemError'> ads failed to reach 270 in time. Last measured: 31.40.
[2025] Jan 03 12:00:56, [2025] Jan 03 12:05:00, bake out.txt, 14, check heater returned: 287.30. , [2024] Sep 01 17:56:21, 
[2025] Jan 03 12:48:48, [2025] Jan 03 13:15:24, uVolume plus 2L.txt, 14, cool down returned: -28.80.  trap power check returned: 7.16.  check heater returned: 307.50. , [2024] Dec 29 16:11:25, 
[2025] Jan 03 13:30:35, [2025] Jan 03 13:54:40, uVolume plus 2L.txt, 14, cool down returned: -28.30.  trap power check returned: 7.16. , [2024] Dec 29 16:11:25, Failed at [2025] Jan 03 13:54:40 on drop backflush, line 811: <class 'RuntimeError'> Setpoint not reached before the timeout of 30 s.>>>  (from uPy device).
[2025] Jan 03 14:50:15, [2025] Jan 03 14:56:05, process sample.txt, 14, , [2024] Mar 04 17:22:19, 
[2025] Jan 03 15:05:57, [2025] Jan 03 15:46:02, uVolume plus 2L.txt, 14, cool down returned: -28.10.  trap power check returned: 7.16.  check heater returned: 308.30. , [2024] Dec 29 16:11:25, 
[2025] Jan 03 16:24:11, [2025] Jan 03 16:50:41, uVolume plus 2L.txt, 14, cool down returned: -29.40.  trap power check returned: 7.16.  check heater returned: 304.80. , [2024] Dec 29 16:11:25, 
[2025] Jan 03 20:07:45, [2025] Jan 03 20:11:51, bake out.txt, 14, check heater returned: 291.00. , [2024] Sep 01 17:56:21, 
[2025] Jan 03 20:51:24, [2025] Jan 03 20:51:28, 2000 mL SA, 14, cool down returned: -28.90. , [2024] Jul 19 14:59:42, Failed at [2025] Jan 03 20:51:28 on flush, line 811: <class 'TypeError'> signal_handler() takes 2 positional arguments but 3 were given.
[2025] Jan 03 20:51:38, [2025] Jan 03 21:18:03, 2000 mL Ref, 14, cool down returned: -28.80.  sampling returned: 2002.70.  check heater returned: 297.50. , [2024] Jul 19 14:59:55, 
[2025] Jan 06 13:54:30, [2025] Jan 06 13:58:35, bake out.txt, 14, check heater returned: 288.20. , [2024] Sep 01 17:56:21, 
[2025] Jan 06 14:01:46, [2025] Jan 06 14:03:13, change over, 15, , [2024] Feb 22 14:51:17, 
[2025] Jan 06 14:01:44, [2025] Jan 06 14:35:27, 2000 mL Ref, 15, cool down returned: -28.10.  sampling returned: 2003.90.  check heater returned: 299.80. , [2024] Jul 19 14:59:55, 
[2025] Jan 07 15:31:51, [2025] Jan 07 16:09:24, 2000 mL SA, 15, cool down returned: -28.10.  sampling returned: 2001.60.  check heater returned: 300.00. , [2024] Jul 19 14:59:42, 
[2025] Jan 12 14:18:53, [2025] Jan 12 14:22:54, bake out.txt, 15, check heater returned: 294.70. , [2024] Sep 01 17:56:21, 
[2025] Jan 12 16:46:18, [2025] Jan 12 17:13:23, 2000 mL SA, 15, cool down returned: -28.30.  sampling returned: 2003.70.  check heater returned: 300.10. , [2024] Jul 19 14:59:42, 
[2025] Jan 12 17:36:29, [2025] Jan 12 18:02:58, 2000 mL Ref, 15, cool down returned: -28.70.  sampling returned: 2002.70.  check heater returned: 294.80. , [2024] Jul 19 14:59:55, 
[2025] Jan 12 19:55:55, [2025] Jan 12 20:00:01, bake out.txt, 15, check heater returned: 290.30. , [2024] Sep 01 17:56:21, 
[2025] Jan 12 20:12:01, [2025] Jan 12 20:40:42, 2000 mL Ref, 15, cool down returned: -28.10.  sampling returned: 2003.20.  check heater returned: 297.60. , [2024] Jul 19 14:59:55, 
[2025] Jan 12 23:54:20, [2025] Jan 12 23:58:25, bake out.txt, 15, check heater returned: 272.10. , [2024] Sep 01 17:56:21, 
[2025] Jan 15 13:13:04, [2025] Jan 15 13:17:07, bake out.txt, 15, check heater returned: 278.00. , [2024] Sep 01 17:56:21, 
[2025] Jan 15 15:07:11, [2025] Jan 15 15:39:15, 2000 mL SA, 15, cool down returned: -28.10.  sampling returned: 2001.50.  check heater returned: 292.10. , [2024] Jul 19 14:59:42, 
[2025] Jan 15 15:57:35, [2025] Jan 15 16:24:35, 2000 mL SA, 15, cool down returned: -31.70.  sampling returned: 2001.30.  check heater returned: 295.30. , [2024] Jul 19 14:59:42, 
[2025] Jan 15 17:11:16, [2025] Jan 15 17:37:45, 2000 mL Ref, 15, cool down returned: -32.10.  sampling returned: 2002.10.  check heater returned: 295.10. , [2024] Jul 19 14:59:55, 
[2025] Jan 15 18:25:47, [2025] Jan 15 18:52:16, 2000 mL Ref, 15, cool down returned: -31.50.  sampling returned: 2001.20.  check heater returned: 298.10. , [2024] Jul 19 14:59:55, 
[2025] Jan 15 21:02:02, [2025] Jan 15 21:28:31, 2000 mL Ref, 15, cool down returned: -32.10.  sampling returned: 2002.10.  check heater returned: 296.30. , [2024] Jul 19 14:59:55, 
[2025] Jan 15 21:44:56, [2025] Jan 15 22:11:25, 2000 mL Ref, 15, Sample Name: breathing air cool down returned: -29.60.  sampling returned: 2002.10.  check heater returned: 294.50. , [2024] Jul 19 14:59:55, 
[2025] Jan 15 22:29:55, [2025] Jan 15 22:56:23, 2000 mL Ref, 15, Sample Name: breathing air cool down returned: -31.10.  sampling returned: 2001.50.  check heater returned: 295.60. , [2024] Jul 19 14:59:55, 
[2025] Jan 15 23:14:54, [2025] Jan 15 23:41:22, 2000 mL Ref, 15, Sample Name: breathing air cool down returned: -30.80.  sampling returned: 2000.80.  check heater returned: 296.80. , [2024] Jul 19 14:59:55, 
[2025] Jan 15 23:59:55, [2025] Jan 16 00:26:23, 2000 mL Ref, 15, Sample Name: breathing air cool down returned: -31.20.  sampling returned: 2001.60.  check heater returned: 296.30. , [2024] Jul 19 14:59:55, 
[2025] Jan 16 00:44:54, [2025] Jan 16 01:11:22, 2000 mL Ref, 15, Sample Name: breathing air cool down returned: -31.00.  sampling returned: 2001.40.  check heater returned: 296.20. , [2024] Jul 19 14:59:55, 
[2025] Jan 16 01:29:54, [2025] Jan 16 01:56:22, 2000 mL Ref, 15, Sample Name: breathing air cool down returned: -30.60.  sampling returned: 2001.90.  check heater returned: 296.30. , [2024] Jul 19 14:59:55, 
[2025] Jan 16 02:14:53, [2025] Jan 16 02:41:21, 2000 mL Ref, 15, Sample Name: breathing air cool down returned: -32.00.  sampling returned: 2000.90.  check heater returned: 295.20. , [2024] Jul 19 14:59:55, 
[2025] Jan 16 02:59:53, [2025] Jan 16 03:26:21, 2000 mL Ref, 15, Sample Name: breathing air cool down returned: -31.70.  sampling returned: 2000.70.  check heater returned: 295.70. , [2024] Jul 19 14:59:55, 
[2025] Jan 16 03:44:53, [2025] Jan 16 04:11:21, 2000 mL Ref, 15, Sample Name: breathing air cool down returned: -31.90.  sampling returned: 2000.60.  check heater returned: 295.30. , [2024] Jul 19 14:59:55, 
[2025] Jan 16 04:29:52, [2025] Jan 16 04:56:21, 2000 mL Ref, 15, Sample Name: breathing air cool down returned: -31.30.  sampling returned: 2001.80.  check heater returned: 295.60. , [2024] Jul 19 14:59:55, 
[2025] Jan 16 05:14:53, [2025] Jan 16 05:41:20, 2000 mL Ref, 15, Sample Name: breathing air cool down returned: -31.70.  sampling returned: 2000.90.  check heater returned: 295.10. , [2024] Jul 19 14:59:55, 
[2025] Jan 16 05:59:52, [2025] Jan 16 06:26:21, 2000 mL Ref, 15, Sample Name: breathing air cool down returned: -31.70.  sampling returned: 2001.00.  check heater returned: 294.30. , [2024] Jul 19 14:59:55, 
[2025] Jan 16 06:44:52, [2025] Jan 16 07:11:20, 2000 mL Ref, 15, Sample Name: breathing air cool down returned: -30.80.  sampling returned: 2001.70.  check heater returned: 295.40. , [2024] Jul 19 14:59:55, 
[2025] Jan 16 07:29:51, [2025] Jan 16 07:56:19, 2000 mL Ref, 15, Sample Name: breathing air cool down returned: -32.30.  sampling returned: 2000.80.  check heater returned: 294.50. , [2024] Jul 19 14:59:55, 
[2025] Jan 16 08:14:51, [2025] Jan 16 08:41:19, 2000 mL Ref, 15, Sample Name: breathing air cool down returned: -32.00.  sampling returned: 2002.00.  check heater returned: 294.30. , [2024] Jul 19 14:59:55, 
[2025] Jan 16 08:59:51, [2025] Jan 16 09:26:19, 2000 mL Ref, 15, Sample Name: breathing air cool down returned: -31.60.  sampling returned: 2002.40.  check heater returned: 294.70. , [2024] Jul 19 14:59:55, 
[2025] Jan 16 09:44:50, [2025] Jan 16 10:11:19, 2000 mL Ref, 15, Sample Name: breathing air cool down returned: -31.40.  sampling returned: 2001.80.  check heater returned: 294.70. , [2024] Jul 19 14:59:55, 
[2025] Jan 16 10:29:50, [2025] Jan 16 10:56:19, 2000 mL Ref, 15, Sample Name: breathing air cool down returned: -32.20.  sampling returned: 2002.20.  check heater returned: 294.30. , [2024] Jul 19 14:59:55, 
[2025] Jan 16 11:14:50, [2025] Jan 16 11:41:17, 2000 mL Ref, 15, Sample Name: breathing air cool down returned: -32.20.  sampling returned: 2001.10.  check heater returned: 293.50. , [2024] Jul 19 14:59:55, 
[2025] Jan 16 11:59:49, [2025] Jan 16 12:26:18, 2000 mL Ref, 15, Sample Name: breathing air cool down returned: -31.10.  sampling returned: 2001.40.  check heater returned: 294.20. , [2024] Jul 19 14:59:55, 
[2025] Jan 16 12:44:49, [2025] Jan 16 13:11:17, 2000 mL Ref, 15, Sample Name: breathing air cool down returned: -32.10.  sampling returned: 2002.00.  check heater returned: 294.60. , [2024] Jul 19 14:59:55, 
[2025] Jan 16 13:29:48, [2025] Jan 16 13:56:17, 2000 mL Ref, 15, Sample Name: breathing air cool down returned: -32.90.  sampling returned: 2001.10.  check heater returned: 294.70. , [2024] Jul 19 14:59:55, 
[2025] Jan 16 14:14:48, [2025] Jan 16 14:41:16, 2000 mL Ref, 15, Sample Name: breathing air cool down returned: -32.70.  sampling returned: 2001.90.  check heater returned: 294.50. , [2024] Jul 19 14:59:55, 
[2025] Jan 16 14:59:47, [2025] Jan 16 15:26:17, 2000 mL Ref, 15, Sample Name: breathing air cool down returned: -32.30.  sampling returned: 2002.20.  check heater returned: 294.00. , [2024] Jul 19 14:59:55, 
[2025] Jan 16 15:44:47, [2025] Jan 16 16:14:21, 2000 mL Ref, 15, Sample Name: breathing air cool down returned: -32.60.  sampling returned: 2002.50. , [2024] Jul 19 14:59:55, Failed at [2025] Jan 16 16:14:21 on check GC, line 811: <class 'RuntimeError'> GC not ready in time. Aborting run.
[2025] Jan 16 16:48:09, [2025] Jan 16 16:52:14, bake out.txt, 15, check heater returned: 270.70. , [2024] Sep 01 17:56:21, 
[2025] Jan 16 16:58:34, [2025] Jan 16 17:02:32, bake out.txt, 3, check heater returned: 278.70. , [2024] Sep 01 17:56:21, 
[2025] Jan 16 19:23:49, [2025] Jan 16 19:26:48, 2000 mL Ref, 3, cool down returned: -28.10. , [2024] Jul 19 14:59:55, Failed at [2025] Jan 16 19:26:48 on flush, line 811: <class 'RuntimeError'> Setpoint not reached before the timeout of 30 s.>>>  (from uPy device).
[2025] Jan 16 19:29:58, [2025] Jan 16 19:31:19, change over, 15, , [2024] Feb 22 14:51:17, 
[2025] Jan 16 19:29:53, [2025] Jan 16 19:57:37, 2000 mL Ref, 15, cool down returned: -32.50.  sampling returned: 2001.80.  check heater returned: 292.80. , [2024] Jul 19 14:59:55, 
[2025] Jan 16 20:36:43, [2025] Jan 16 21:03:09, 2000 mL Ref, 15, cool down returned: -31.30.  sampling returned: 2001.30.  check heater returned: 294.50. , [2024] Jul 19 14:59:55, 
[2025] Jan 17 13:16:27, [2025] Jan 17 13:32:40, custom.txt, 15, flow=100 volume=1000 temp=310 inject=30.0.  cool down returned: -30.10.  sampling returned: 1000.00.  check heater returned: 298.00. , [2025] Jan 17 13:16:27, 
[2025] Jan 17 14:55:05, [2025] Jan 17 15:11:10, custom.txt, 15, flow=100 volume=1000 temp=310 inject=30.0.  cool down returned: -32.20.  sampling returned: 999.70.  check heater returned: 298.00. , [2025] Jan 17 14:55:05, 
[2025] Jan 17 16:16:21, [2025] Jan 17 16:32:30, custom.txt, 15, flow=100 volume=1000 temp=310 inject=30.0.  cool down returned: -30.40.  sampling returned: 1000.30.  check heater returned: 301.40. , [2025] Jan 17 16:16:21, 
[2025] Feb 15 16:08:18, [2025] Feb 15 16:12:19, bake out.txt, 2, check heater returned: 279.90. , [2024] Sep 01 17:56:21, 
[2025] Feb 15 17:02:55, [2025] Feb 15 17:07:46, custom.txt, 2, flow=100 volume=2000 temp=305 inject=30.0.  cool down returned: -28.10. , [2025] Feb 15 17:02:55, Failed at [2025] Feb 15 17:07:46 on flush, line 811: <class 'RuntimeError'> Setpoint not reached before the timeout of 30 s.>>>  (from uPy device).
[2025] Feb 15 17:54:01, [2025] Feb 15 17:55:28, change over, 15, , [2024] Feb 22 14:51:17, 
[2025] Feb 15 17:53:57, [2025] Feb 15 17:59:12, custom.txt, 15, flow=100 volume=2000 temp=305 inject=30.0.  cool down returned: -31.30. , [2025] Feb 15 17:53:57, Failed at [2025] Feb 15 17:59:12 on sampling, line 811: <class 'TypeError'> signal_handler() takes 2 positional arguments but 3 were given.
[2025] Feb 18 14:01:42, [2025] Feb 18 14:01:42, line purge, 14, , [2025] Feb 18 14:01:23, Failed at [2025] Feb 18 14:01:42 on Input Sample ID, line 811: <class 'ValueError'> tuple.index(x): x not in tuple.
[2025] Feb 18 14:02:45, [2025] Feb 18 14:02:56, line purge, 14, , [2025] Feb 18 14:01:23, Failed at [2025] Feb 18 14:02:56 on Input Sample ID, line 821: <class 'ValueError'> Unknown format code 'f' for object of type 'str'.
[2025] Feb 18 14:06:27, [2025] Feb 18 14:06:30, line purge, 14, , [2025] Feb 18 14:01:23, Failed at [2025] Feb 18 14:06:30 on Input Sample ID, line 824: <class 'ValueError'> Unknown format code 'f' for object of type 'str'.
[2025] Feb 18 14:07:13, [2025] Feb 18 14:07:14, line purge, 14, , [2025] Feb 18 14:01:23, Failed at [2025] Feb 18 14:07:14 on Input Sample ID, line 825: <class 'ValueError'> Unknown format code 'f' for object of type 'str'.
[2025] Feb 18 14:08:03, [2025] Feb 18 14:08:06, line purge, 14, Input Sample ID returned: test. , [2025] Feb 18 14:01:23, 
[2025] Feb 18 14:22:43, [2025] Feb 18 14:22:47, line purge, 14, Archive 1 returned: 1.  Archive 2 returned: 2.  Archive 3 returned: 3.  Archive 4 returned: 4.  Archive 5 returned: 5.  Archive 6 returned: 6. , [2025] Feb 18 14:22:38, 
[2025] Feb 18 14:25:21, [2025] Feb 18 14:25:25, input archive IDs, 14, Sample Name: None Archive 1 returned: 1.  Archive 2 returned: 2.  Archive 3 returned: 3.  Archive 4 returned: 4.  Archive 5 returned: 5.  Archive 6 returned: 6. , [2025] Feb 18 14:23:43, 
[2025] Feb 18 14:52:36, [2025] Feb 18 14:52:41, off, 14, , , 
[2025] Feb 18 17:55:49, [2025] Feb 18 17:55:53, tester.m, 2, Sample Name: None, [2025] Feb 18 17:45:41, 
[2025] Feb 18 17:55:55, [2025] Feb 18 17:55:59, change over.m, 4, , [2024] Feb 22 14:51:17, Failed at [2025] Feb 18 17:55:59 on evacuate, line 820: <class 'TypeError'> signal_handler() takes 2 positional arguments but 3 were given.
[2025] Feb 24 15:57:05, [2025] Feb 24 15:58:33, change over.m, 15, , [2024] Feb 22 14:51:17, 
[2025] Feb 24 15:57:01, [2025] Feb 24 16:27:46, 2000 mL Ref.m, 15, cool down returned: -28.10.  sampling returned: 2002.00.  check heater returned: 292.80. , [2024] Jul 19 14:59:55, 
[2025] Feb 24 16:50:22, [2025] Feb 24 17:16:46, 2000 mL Ref.m, 15, cool down returned: -32.20.  sampling returned: 2001.20.  check heater returned: 296.20. , [2024] Jul 19 14:59:55, 
[2025] Feb 24 17:46:00, [2025] Feb 24 18:12:28, 2000 mL Ref.m, 15, cool down returned: -33.10.  sampling returned: 2001.90.  check heater returned: 296.40. , [2024] Jul 19 14:59:55, 
[2025] Feb 25 13:28:44, [2025] Feb 25 14:01:11, 2000 mL Ref.m, 15, cool down returned: -28.10.  sampling returned: 2001.30.  check heater returned: 295.90. , [2024] Jul 19 14:59:55, 
[2025] Feb 25 15:13:59, [2025] Feb 25 15:42:02, 2000 mL Ref.m, 15, cool down returned: -29.10.  sampling returned: 2002.10.  check heater returned: 294.50. , [2024] Jul 19 14:59:55, 
[2025] Feb 25 16:02:31, [2025] Feb 25 16:29:00, 2000 mL Ref.m, 15, cool down returned: -30.40.  sampling returned: 2001.90.  check heater returned: 294.70. , [2024] Jul 19 14:59:55, 
[2025] Feb 27 14:34:45, [2025] Feb 27 15:04:01, 2000 mL Ref.m, 15, cool down returned: -28.10.  sampling returned: 2000.80.  check heater returned: 298.50. , [2024] Jul 19 14:59:55, 
[2025] Feb 27 16:05:00, [2025] Feb 27 16:31:27, 2000 mL Ref.m, 15, cool down returned: -30.10.  sampling returned: 2001.50.  check heater returned: 295.50. , [2024] Jul 19 14:59:55, 
[2025] Feb 27 17:37:00, [2025] Feb 27 17:38:22, change over.m, 15, , [2024] Feb 22 14:51:17, 
[2025] Feb 27 17:36:58, [2025] Feb 27 18:04:42, 2000 mL Ref.m, 15, Sample Name: Breathing Air cool down returned: -30.10.  sampling returned: 2001.70.  check heater returned: 295.00. , [2024] Jul 19 14:59:55, 
[2025] Feb 27 18:04:44, [2025] Feb 27 18:06:10, change over.m, 2, , [2024] Feb 22 14:51:17, 
[2025] Feb 27 18:04:42, [2025] Feb 27 18:43:07, 2000 mL Ref.m, 2, Sample Name: Archive cool down returned: -28.10.  sampling returned: 1824.40.  check heater returned: 295.50. , [2024] Jul 19 14:59:55, 
[2025] Feb 27 18:43:09, [2025] Feb 27 18:44:32, change over.m, 4, , [2024] Feb 22 14:51:17, 
[2025] Feb 27 18:43:07, [2025] Feb 27 19:21:33, 2000 mL Ref.m, 4, Sample Name: Archive cool down returned: -30.10.  sampling returned: 2000.70.  check heater returned: 294.10. , [2024] Jul 19 14:59:55, 
[2025] Feb 27 19:21:35, [2025] Feb 27 19:22:58, change over.m, 6, , [2024] Feb 22 14:51:17, 
[2025] Feb 27 19:21:33, [2025] Feb 27 20:00:05, 2000 mL Ref.m, 6, Sample Name: Archive cool down returned: -30.10.  sampling returned: 2000.40.  check heater returned: 293.00. , [2024] Jul 19 14:59:55, 
[2025] Feb 27 20:00:07, [2025] Feb 27 20:01:30, change over.m, 8, , [2024] Feb 22 14:51:17, 
[2025] Feb 27 20:00:05, [2025] Feb 27 20:39:46, 2000 mL Ref.m, 8, Sample Name: Archive cool down returned: -30.10.  sampling returned: 2001.10.  check heater returned: 293.90. , [2024] Jul 19 14:59:55, 
[2025] Feb 27 20:39:48, [2025] Feb 27 20:41:11, change over.m, 10, , [2024] Feb 22 14:51:17, 
[2025] Feb 27 20:39:46, [2025] Feb 27 21:18:09, 2000 mL Ref.m, 10, Sample Name: Archive cool down returned: -30.10.  sampling returned: 2002.60.  check heater returned: 292.70. , [2024] Jul 19 14:59:55, 
[2025] Feb 27 21:18:10, [2025] Feb 27 21:19:37, change over.m, 12, , [2024] Feb 22 14:51:17, 
[2025] Feb 27 21:18:09, [2025] Feb 27 21:57:03, 2000 mL Ref.m, 12, Sample Name: Archive cool down returned: -30.10.  sampling returned: 2001.40.  check heater returned: 293.00. , [2024] Jul 19 14:59:55, 
[2025] Feb 27 21:57:05, [2025] Feb 27 21:58:31, change over.m, 15, , [2024] Feb 22 14:51:17, 
[2025] Feb 27 21:57:03, [2025] Feb 27 22:39:04, 2000 mL Ref.m, 15, Sample Name: Breathing Air cool down returned: -30.10.  sampling returned: 2001.50.  check heater returned: 293.90. , [2024] Jul 19 14:59:55, 
[2025] Feb 28 13:56:43, [2025] Feb 28 14:33:14, 2000 mL Ref.m, 15, cool down returned: -30.10.  sampling returned: 2000.90. , [2024] Jul 19 14:59:55, Failed at [2025] Feb 28 14:33:14 on check GC, line 821: <class 'RuntimeError'> GC not ready in time. Aborting run.
[2025] Feb 28 14:57:45, [2025] Feb 28 15:01:51, bake out.m, 15, check heater returned: 275.30. , [2024] Sep 01 17:56:21, 
[2025] Feb 28 15:17:59, [2025] Feb 28 15:44:30, 2000 mL Ref.m, 15, cool down returned: -31.60.  sampling returned: 2001.30.  check heater returned: 294.60. , [2024] Jul 19 14:59:55, 
[2025] Feb 28 15:54:07, [2025] Feb 28 15:55:34, change over.m, 10, , [2024] Feb 22 14:51:17, 
[2025] Feb 28 15:54:03, [2025] Feb 28 16:23:54, 2000 mL Ref.m, 10, cool down returned: -30.10.  sampling returned: 2000.60.  check heater returned: 293.30. , [2024] Jul 19 14:59:55, 
[2025] Feb 28 16:46:09, [2025] Feb 28 16:47:34, change over.m, 15, , [2024] Feb 22 14:51:17, 
[2025] Feb 28 16:46:07, [2025] Feb 28 17:13:55, 2000 mL Ref.m, 15, cool down returned: -31.60.  sampling returned: 2001.50.  check heater returned: 294.60. , [2024] Jul 19 14:59:55, 
[2025] Feb 28 17:32:53, [2025] Feb 28 17:59:27, 2000 mL Ref.m, 15, Sample Name: Breathing Air cool down returned: -30.20.  sampling returned: 2002.20.  check heater returned: 293.60. , [2024] Jul 19 14:59:55, 
[2025] Feb 28 18:05:22, [2025] Feb 28 18:06:46, change over.m, 2, , [2024] Feb 22 14:51:17, 
[2025] Feb 28 18:05:20, [2025] Feb 28 18:37:49, 2000 mL Ref.m, 2, Sample Name: Archive cool down returned: -30.10.  sampling returned: 1688.20.  check heater returned: 290.10. , [2024] Jul 19 14:59:55, 
[2025] Feb 28 18:37:51, [2025] Feb 28 18:39:17, change over.m, 4, , [2024] Feb 22 14:51:17, 
[2025] Feb 28 18:37:49, [2025] Feb 28 19:18:05, 2000 mL Ref.m, 4, Sample Name: Archive cool down returned: -30.10.  sampling returned: 1388.50.  check heater returned: 292.80. , [2024] Jul 19 14:59:55, 
[2025] Feb 28 19:18:07, [2025] Feb 28 19:19:29, change over.m, 6, , [2024] Feb 22 14:51:17, 
[2025] Feb 28 19:25:44, [2025] Feb 28 19:27:06, change over.m, 10, , [2024] Feb 22 14:51:17, 
[2025] Feb 28 19:25:41, [2025] Feb 28 19:57:43, 2000 mL Ref.m, 10, cool down returned: -30.10.  sampling returned: 2001.50.  check heater returned: 296.00. , [2025] Feb 28 19:16:57, 
[2025] Feb 28 20:05:56, [2025] Feb 28 20:40:11, 2000 mL Ref.m, 10, cool down returned: -30.10.  sampling returned: 2000.80.  check heater returned: 296.90. , [2025] Feb 28 19:16:57, 
[2025] Mar 01 14:26:00, [2025] Mar 01 14:33:16, 2000 mL Ref.m, 10, cool down returned: -30.10. , [2025] Feb 28 19:16:57, Failed at [2025] Mar 01 14:33:16 on flush, line 821: <class 'RuntimeError'> Setpoint not reached before the timeout of 30 s.>>>  (from uPy device).
[2025] Mar 01 14:59:09, [2025] Mar 01 15:25:41, 2000 mL Ref.m, 10, cool down returned: -32.40.  sampling returned: 2001.60.  check heater returned: 297.00. , [2025] Feb 28 19:16:57, 
[2025] Mar 01 15:45:25, [2025] Mar 01 16:11:53, 2000 mL Ref.m, 10, cool down returned: -30.50.  sampling returned: 2000.90.  check heater returned: 297.60. , [2025] Feb 28 19:16:57, 
[2025] Mar 01 16:33:36, [2025] Mar 01 16:34:59, change over.m, 15, , [2024] Feb 22 14:51:17, 
[2025] Mar 01 16:33:34, [2025] Mar 01 17:01:17, 2000 mL Ref.m, 15, cool down returned: -30.50.  sampling returned: 2001.30.  check heater returned: 296.70. , [2025] Feb 28 19:16:57, 
[2025] Mar 01 17:19:11, [2025] Mar 01 17:45:39, 2000 mL Ref.m, 15, cool down returned: -30.30.  sampling returned: 2002.00.  check heater returned: 295.80. , [2025] Feb 28 19:16:57, 
[2025] Mar 01 18:51:52, [2025] Mar 01 19:18:19, 2000 mL Ref.m, 15, cool down returned: -31.70.  sampling returned: 2002.00.  check heater returned: 294.30. , [2025] Feb 28 19:16:57, 
[2025] Mar 01 19:25:50, [2025] Mar 01 19:57:29, 2000 mL Ref.m, 15, cool down returned: -30.10.  sampling returned: 2002.00.  check heater returned: 293.40. , [2025] Feb 28 19:16:57, 
[2025] Mar 01 20:15:18, [2025] Mar 01 20:41:44, 2000 mL Ref.m, 15, cool down returned: -31.40.  sampling returned: 2002.10.  check heater returned: 295.00. , [2025] Feb 28 19:16:57, 
[2025] Mar 01 21:12:23, [2025] Mar 01 21:12:26, 2000 mL Ref.m, 15, Sample Name: Breathing Air, [2025] Feb 28 19:16:57, Failed at [2025] Mar 01 21:12:26 on cool down, line 821: <class 'TypeError'> signal_handler() takes 2 positional arguments but 3 were given.
[2025] Mar 01 21:13:21, [2025] Mar 01 21:13:25, 2000 mL Ref.m, 15, Sample Name: Breathing Air, [2025] Feb 28 19:16:57, Failed at [2025] Mar 01 21:13:25 on cool down, line 821: <class 'TypeError'> signal_handler() takes 2 positional arguments but 3 were given.
[2025] Mar 01 21:13:58, [2025] Mar 01 21:40:27, 2000 mL Ref.m, 15, Sample Name: Breathing Air cool down returned: -34.30.  sampling returned: 2002.00.  check heater returned: 296.10. , [2025] Feb 28 19:16:57, 
[2025] Mar 01 21:48:57, [2025] Mar 01 22:19:51, 2000 mL Ref.m, 15, Sample Name: Breathing Air cool down returned: -30.10.  sampling returned: 2002.20.  check heater returned: 294.70. , [2025] Feb 28 19:16:57, 
[2025] Mar 01 22:23:56, [2025] Mar 01 22:59:13, 2000 mL Ref.m, 15, Sample Name: Breathing Air cool down returned: -30.10.  sampling returned: 2001.90.  check heater returned: 294.50. , [2025] Feb 28 19:16:57, 
[2025] Mar 01 22:59:13, [2025] Mar 01 23:37:35, 2000 mL Ref.m, 15, Sample Name: Breathing Air cool down returned: -30.10.  sampling returned: 2002.40.  check heater returned: 294.70. , [2025] Feb 28 19:16:57, 
[2025] Mar 01 23:37:35, [2025] Mar 02 00:17:09, 2000 mL Ref.m, 15, Sample Name: Breathing Air cool down returned: -30.10.  sampling returned: 2001.30.  check heater returned: 295.30. , [2025] Feb 28 19:16:57, 
[2025] Mar 02 00:17:09, [2025] Mar 02 00:56:43, 2000 mL Ref.m, 15, Sample Name: Breathing Air cool down returned: -30.10.  sampling returned: 2001.50.  check heater returned: 295.80. , [2025] Feb 28 19:16:57, 
[2025] Mar 02 00:56:43, [2025] Mar 02 01:37:20, 2000 mL Ref.m, 15, Sample Name: Breathing Air cool down returned: -30.20.  sampling returned: 2001.70.  check heater returned: 296.20. , [2025] Feb 28 19:16:57, 
[2025] Mar 02 01:37:20, [2025] Mar 02 02:16:39, 2000 mL Ref.m, 15, Sample Name: Breathing Air cool down returned: -30.10.  sampling returned: 2002.20.  check heater returned: 295.30. , [2025] Feb 28 19:16:57, 
[2025] Mar 02 02:16:39, [2025] Mar 02 02:56:01, 2000 mL Ref.m, 15, Sample Name: Breathing Air cool down returned: -30.10.  sampling returned: 2001.30.  check heater returned: 294.20. , [2025] Feb 28 19:16:57, 
[2025] Mar 02 02:56:01, [2025] Mar 02 03:34:19, 2000 mL Ref.m, 15, Sample Name: Breathing Air cool down returned: -30.10.  sampling returned: 2001.90.  check heater returned: 294.50. , [2025] Feb 28 19:16:57, 
[2025] Mar 02 03:34:19, [2025] Mar 02 04:12:37, 2000 mL Ref.m, 15, Sample Name: Breathing Air cool down returned: -30.10.  sampling returned: 2001.40.  check heater returned: 293.70. , [2025] Feb 28 19:16:57, 
[2025] Mar 02 04:12:37, [2025] Mar 02 04:51:50, 2000 mL Ref.m, 15, Sample Name: Breathing Air cool down returned: -30.10.  sampling returned: 2002.60.  check heater returned: 294.60. , [2025] Feb 28 19:16:57, 
[2025] Mar 02 04:51:50, [2025] Mar 02 05:31:03, 2000 mL Ref.m, 15, Sample Name: Breathing Air cool down returned: -30.10.  sampling returned: 2001.70.  check heater returned: 294.30. , [2025] Feb 28 19:16:57, 
[2025] Mar 02 05:31:03, [2025] Mar 02 06:10:17, 2000 mL Ref.m, 15, Sample Name: Breathing Air cool down returned: -30.10.  sampling returned: 2002.40.  check heater returned: 293.60. , [2025] Feb 28 19:16:57, 
[2025] Mar 02 06:10:17, [2025] Mar 02 06:49:30, 2000 mL Ref.m, 15, Sample Name: Breathing Air cool down returned: -30.10.  sampling returned: 2001.20.  check heater returned: 292.60. , [2025] Feb 28 19:16:57, 
[2025] Mar 02 06:49:30, [2025] Mar 02 07:28:42, 2000 mL Ref.m, 15, Sample Name: Breathing Air cool down returned: -30.10.  sampling returned: 2001.70.  check heater returned: 292.50. , [2025] Feb 28 19:16:57, 
[2025] Mar 02 07:28:42, [2025] Mar 02 08:07:54, 2000 mL Ref.m, 15, Sample Name: Breathing Air cool down returned: -30.10.  sampling returned: 2001.40.  check heater returned: 291.90. , [2025] Feb 28 19:16:57, 
[2025] Mar 02 08:07:54, [2025] Mar 02 08:47:07, 2000 mL Ref.m, 15, Sample Name: Breathing Air cool down returned: -30.10.  sampling returned: 2002.50.  check heater returned: 290.60. , [2025] Feb 28 19:16:57, 
[2025] Mar 02 08:47:07, [2025] Mar 02 09:26:15, 2000 mL Ref.m, 15, Sample Name: Breathing Air cool down returned: -30.10.  sampling returned: 2001.10.  check heater returned: 290.30. , [2025] Feb 28 19:16:57, 
[2025] Mar 02 09:26:15, [2025] Mar 02 10:05:26, 2000 mL Ref.m, 15, Sample Name: Breathing Air cool down returned: -30.10.  sampling returned: 2000.80.  check heater returned: 290.20. , [2025] Feb 28 19:16:57, 
[2025] Mar 02 15:36:17, [2025] Mar 02 15:40:23, bake out.m, 15, check heater returned: 278.80. , [2024] Sep 01 17:56:21, 
[2025] Mar 02 15:44:20, [2025] Mar 02 16:20:23, 2000 mL Ref.m, 15, cool down returned: -30.10.  sampling returned: 2001.00.  check heater returned: 293.90. , [2025] Feb 28 19:16:57, 
[2025] Mar 02 16:37:24, [2025] Mar 02 16:38:48, change over.m, 10, , [2024] Feb 22 14:51:17, 
[2025] Mar 02 16:37:20, [2025] Mar 02 17:05:06, 2000 mL Ref.m, 10, cool down returned: -30.50.  sampling returned: 2001.40.  check heater returned: 295.20. , [2025] Feb 28 19:16:57, 
[2025] Mar 02 17:19:15, [2025] Mar 02 17:45:52, 2000 mL Ref.m, 10, cool down returned: -30.10.  sampling returned: 2001.40.  check heater returned: 295.40. , [2025] Feb 28 19:16:57, 
[2025] Mar 02 18:00:37, [2025] Mar 02 18:04:23, bake out.m, 10, check heater returned: 273.50. , [2024] Sep 01 17:56:21, 
[2025] Mar 02 18:06:46, [2025] Mar 02 18:41:13, 2000 mL Ref.m, 10, cool down returned: -30.10.  sampling returned: 2001.10.  check heater returned: 293.70. , [2025] Mar 02 17:58:24, 
[2025] Mar 02 18:49:17, [2025] Mar 02 18:50:43, change over.m, 15, , [2024] Feb 22 14:51:17, 
[2025] Mar 02 18:49:14, [2025] Mar 02 19:21:42, 2000 mL Ref.m, 15, cool down returned: -30.10.  sampling returned: 2001.50.  check heater returned: 295.10. , [2025] Mar 02 17:58:24, 
[2025] Mar 02 19:35:50, [2025] Mar 02 20:01:52, 2000 mL Ref.m, 15, cool down returned: -30.10.  sampling returned: 2002.70.  check heater returned: 296.10. , [2025] Mar 02 19:35:42, 
[2025] Mar 02 20:51:27, [2025] Mar 02 21:17:32, 2000 mL Ref.m, 15, Sample Name: Breathing Air cool down returned: -31.00.  sampling returned: 2001.50.  check heater returned: 295.90. , [2025] Mar 02 19:35:42, 
[2025] Mar 02 21:26:27, [2025] Mar 02 21:57:05, 2000 mL Ref.m, 15, Sample Name: Breathing Air cool down returned: -30.10.  sampling returned: 2002.20.  check heater returned: 295.90. , [2025] Mar 02 19:35:42, 
[2025] Mar 02 22:01:26, [2025] Mar 02 22:38:01, 2000 mL Ref.m, 15, Sample Name: Breathing Air cool down returned: -30.10.  sampling returned: 2002.30.  check heater returned: 296.30. , [2025] Mar 02 19:35:42, 
[2025] Mar 02 22:38:01, [2025] Mar 02 23:16:22, 2000 mL Ref.m, 15, Sample Name: Breathing Air cool down returned: -30.10.  sampling returned: 2001.60.  check heater returned: 294.10. , [2025] Mar 02 19:35:42, 
[2025] Mar 02 23:16:22, [2025] Mar 02 23:55:01, 2000 mL Ref.m, 15, Sample Name: Breathing Air cool down returned: -30.10.  sampling returned: 2001.90.  check heater returned: 295.30. , [2025] Mar 02 19:35:42, 
[2025] Mar 02 23:55:01, [2025] Mar 03 00:34:26, 2000 mL Ref.m, 15, Sample Name: Breathing Air cool down returned: -30.10.  sampling returned: 2001.10.  check heater returned: 295.10. , [2025] Mar 02 19:35:42, 
[2025] Mar 03 00:34:26, [2025] Mar 03 01:14:54, 2000 mL Ref.m, 15, Sample Name: Breathing Air cool down returned: -30.10.  sampling returned: 2002.10.  check heater returned: 296.30. , [2025] Mar 02 19:35:42, 
[2025] Mar 03 01:14:54, [2025] Mar 03 01:54:25, 2000 mL Ref.m, 15, Sample Name: Breathing Air cool down returned: -30.10.  sampling returned: 2002.00.  check heater returned: 295.90. , [2025] Mar 02 19:35:42, 
[2025] Mar 03 01:54:25, [2025] Mar 03 02:32:57, 2000 mL Ref.m, 15, Sample Name: Breathing Air cool down returned: -30.10.  sampling returned: 2002.70.  check heater returned: 295.40. , [2025] Mar 02 19:35:42, 
[2025] Mar 03 02:32:57, [2025] Mar 03 03:12:41, 2000 mL Ref.m, 15, Sample Name: Breathing Air cool down returned: -30.10.  sampling returned: 2002.60.  check heater returned: 296.90. , [2025] Mar 02 19:35:42, 
[2025] Mar 03 03:12:41, [2025] Mar 03 03:58:47, 2000 mL Ref.m, 15, Sample Name: Breathing Air cool down returned: -29.80.  sampling returned: 2002.70.  check heater returned: 297.70. , [2025] Mar 02 19:35:42, 
[2025] Mar 03 03:58:47, [2025] Mar 03 04:18:51, 2000 mL Ref.m, 15, Sample Name: Breathing Air, [2025] Mar 02 19:35:42, Failed at [2025] Mar 03 04:18:51 on cool down, line 821: <class 'SystemError'> ads failed to reach -30 in time. Last measured: -29.50.
[2025] Mar 03 11:48:01, [2025] Mar 03 11:52:07, bake out.m, 15, check heater returned: 277.10. , [2024] Sep 01 17:56:21, 
[2025] Mar 03 11:56:05, [2025] Mar 03 12:16:08, 2000 mL Ref.m, 15, , [2025] Mar 03 11:55:43, Failed at [2025] Mar 03 12:16:08 on cool down, line 821: <class 'SystemError'> ads failed to reach -30 in time. Last measured: -29.60.
[2025] Mar 03 12:34:24, [2025] Mar 03 13:01:08, 2000 mL Ref.m, 15, cool down returned: -29.40.  sampling returned: 2002.50.  check heater returned: 294.60. , [2025] Mar 03 11:55:43, 
[2025] Mar 03 13:23:14, [2025] Mar 03 13:49:55, 2000 mL Ref.m, 15, cool down returned: -29.50.  sampling returned: 2001.50.  check heater returned: 300.60. , [2025] Mar 03 11:55:43, 
[2025] Mar 03 15:44:52, [2025] Mar 03 16:11:34, 2000 mL Ref.m, 15, cool down returned: -29.30.  sampling returned: 2001.10.  check heater returned: 301.30. , [2025] Mar 03 11:55:43, 
[2025] Mar 03 16:24:20, [2025] Mar 03 16:53:00, 2000 mL Ref.m, 15, cool down returned: -29.10.  sampling returned: 2002.30.  check heater returned: 298.50. , [2025] Mar 03 11:55:43, 
[2025] Mar 03 17:45:28, [2025] Mar 03 18:12:08, 2000 mL Ref.m, 15, Sample Name: Archive cool down returned: -30.80.  sampling returned: 2002.80.  check heater returned: 303.10. , [2025] Mar 03 17:18:27, 
[2025] Mar 03 18:12:10, [2025] Mar 03 18:13:34, change over.m, 2, , [2024] Feb 22 14:51:17, 
[2025] Mar 03 18:12:08, [2025] Mar 03 18:46:58, 2000 mL Ref.m, 2, Sample Name: Archive cool down returned: -29.10.  sampling returned: 1699.50.  check heater returned: 302.70. , [2025] Mar 03 17:18:27, 
[2025] Mar 03 18:46:59, [2025] Mar 03 18:48:25, change over.m, 4, , [2024] Feb 22 14:51:17, 
[2025] Mar 03 18:46:58, [2025] Mar 03 19:26:56, 2000 mL Ref.m, 4, Sample Name: Archive cool down returned: -29.10.  sampling returned: 1396.20.  check heater returned: 303.10. , [2025] Mar 03 17:18:27, 
[2025] Mar 03 19:26:58, [2025] Mar 03 19:28:20, change over.m, 6, , [2024] Feb 22 14:51:17, 
[2025] Mar 03 19:26:56, [2025] Mar 03 20:05:02, 2000 mL Ref.m, 6, Sample Name: Archive cool down returned: -29.10.  sampling returned: 2000.00.  check heater returned: 297.90. , [2025] Mar 03 18:58:35, 
[2025] Mar 03 20:05:03, [2025] Mar 03 20:06:27, change over.m, 8, , [2024] Feb 22 14:51:17, 
[2025] Mar 03 20:05:02, [2025] Mar 03 20:43:10, 2000 mL Ref.m, 8, Sample Name: Archive cool down returned: -29.10.  sampling returned: 1502.60.  check heater returned: 301.00. , [2025] Mar 03 18:58:35, 
[2025] Mar 03 20:43:12, [2025] Mar 03 20:44:34, change over.m, 10, , [2024] Feb 22 14:51:17, 
[2025] Mar 03 20:43:10, [2025] Mar 03 21:21:27, 2000 mL Ref.m, 10, Sample Name: Archive cool down returned: -29.10.  sampling returned: -34.30.  check heater returned: 299.50. , [2025] Mar 03 18:58:35, 
[2025] Mar 03 21:21:29, [2025] Mar 03 21:22:54, change over.m, 12, , [2024] Feb 22 14:51:17, 
[2025] Mar 03 21:21:27, [2025] Mar 03 21:59:48, 2000 mL Ref.m, 12, Sample Name: Archive cool down returned: -29.10.  sampling returned: 1529.80.  check heater returned: 304.10. , [2025] Mar 03 18:58:35, 
[2025] Mar 03 21:59:50, [2025] Mar 03 22:01:16, change over.m, 15, , [2024] Feb 22 14:51:17, 
[2025] Mar 03 21:59:48, [2025] Mar 03 22:21:33, 2000 mL Ref.m, 15, Sample Name: Archive cool down returned: -29.10. , [2025] Mar 03 18:58:35, Failed at [2025] Mar 03 22:21:33 on sampling, line 821: <class 'TypeError'> signal_handler() takes 2 positional arguments but 3 were given.
[2025] Mar 03 22:22:18, [2025] Mar 03 22:26:23, bake out.m, 15, check heater returned: 285.20. , [2024] Sep 01 17:56:21, 
[2025] Mar 03 22:53:43, [2025] Mar 03 23:20:04, 1000 mL.m, 2, Sample Name: Archive cool down returned: -30.10.  sampling returned: 1001.80.  check heater returned: 301.50. , [2025] Mar 03 22:19:55, 
[2025] Mar 03 23:20:06, [2025] Mar 03 23:21:28, change over.m, 4, , [2024] Feb 22 14:51:17, 
[2025] Mar 03 23:20:04, [2025] Mar 03 23:58:53, 1000 mL.m, 4, Sample Name: Archive cool down returned: -29.10.  sampling returned: 1001.20.  check heater returned: 303.10. , [2025] Mar 03 22:19:55, 
[2025] Mar 03 23:58:54, [2025] Mar 04 00:00:19, change over.m, 6, , [2024] Feb 22 14:51:17, 
[2025] Mar 03 23:58:53, [2025] Mar 04 00:38:26, 1000 mL.m, 6, Sample Name: Archive cool down returned: -29.10.  sampling returned: 1000.90.  check heater returned: 302.40. , [2025] Mar 03 22:19:55, 
[2025] Mar 04 00:38:28, [2025] Mar 04 00:39:54, change over.m, 8, , [2024] Feb 22 14:51:17, 
[2025] Mar 04 00:38:26, [2025] Mar 04 01:17:39, 1000 mL.m, 8, Sample Name: Archive cool down returned: -29.10.  sampling returned: 1000.90.  check heater returned: 302.90. , [2025] Mar 03 22:19:55, 
[2025] Mar 04 01:17:40, [2025] Mar 04 01:19:06, change over.m, 10, , [2024] Feb 22 14:51:17, 
[2025] Mar 04 01:17:39, [2025] Mar 04 01:56:51, 1000 mL.m, 10, Sample Name: Archive cool down returned: -29.10.  sampling returned: 1001.30.  check heater returned: 302.40. , [2025] Mar 03 22:19:55, 
[2025] Mar 04 01:56:52, [2025] Mar 04 01:58:18, change over.m, 12, , [2024] Feb 22 14:51:17, 
[2025] Mar 04 01:56:51, [2025] Mar 04 02:37:12, 1000 mL.m, 12, Sample Name: Archive cool down returned: -29.10.  sampling returned: 1001.40.  check heater returned: 303.80. , [2025] Mar 03 22:19:55, 
[2025] Mar 04 02:37:14, [2025] Mar 04 02:38:39, change over.m, 15, , [2024] Feb 22 14:51:17, 
[2025] Mar 04 02:37:12, [2025] Mar 04 03:18:34, 1000 mL.m, 15, Sample Name: breathing air cool down returned: -29.10.  sampling returned: 1000.90.  check heater returned: 302.90. , [2025] Mar 03 22:19:55, 
[2025] Mar 04 03:18:34, [2025] Mar 04 03:56:51, 1000 mL.m, 15, Sample Name: breathing air cool down returned: -29.10.  sampling returned: 1000.90.  check heater returned: 301.70. , [2025] Mar 03 22:19:55, 
[2025] Mar 04 03:56:51, [2025] Mar 04 04:35:00, 1000 mL.m, 15, Sample Name: breathing air cool down returned: -29.10.  sampling returned: 1000.80.  check heater returned: 300.30. , [2025] Mar 03 22:19:55, 
[2025] Mar 04 04:35:00, [2025] Mar 04 05:13:14, 1000 mL.m, 15, Sample Name: breathing air cool down returned: -29.10.  sampling returned: 1000.90.  check heater returned: 300.30. , [2025] Mar 03 22:19:55, 
[2025] Mar 04 05:13:14, [2025] Mar 04 05:51:29, 1000 mL.m, 15, Sample Name: breathing air cool down returned: -29.10.  sampling returned: 1000.60.  check heater returned: 300.50. , [2025] Mar 03 22:19:55, 
[2025] Mar 04 05:51:29, [2025] Mar 04 06:29:45, 1000 mL.m, 15, Sample Name: breathing air cool down returned: -29.10.  sampling returned: 1001.00.  check heater returned: 301.00. , [2025] Mar 03 22:19:55, 
[2025] Mar 04 06:29:45, [2025] Mar 04 07:08:37, 1000 mL.m, 15, Sample Name: breathing air cool down returned: -29.10.  sampling returned: 1001.00.  check heater returned: 302.30. , [2025] Mar 03 22:19:55, 
[2025] Mar 04 07:08:37, [2025] Mar 04 07:46:57, 1000 mL.m, 15, Sample Name: breathing air cool down returned: -29.10.  sampling returned: 1000.50.  check heater returned: 302.70. , [2025] Mar 03 22:19:55, 
[2025] Mar 04 07:46:57, [2025] Mar 04 08:25:12, 1000 mL.m, 15, Sample Name: breathing air cool down returned: -29.10.  sampling returned: 1000.50.  check heater returned: 298.60. , [2025] Mar 03 22:19:55, 
[2025] Mar 04 08:25:12, [2025] Mar 04 09:03:38, 1000 mL.m, 15, Sample Name: breathing air cool down returned: -29.10.  sampling returned: 1000.70.  check heater returned: 302.00. , [2025] Mar 03 22:19:55, 
[2025] Mar 04 09:03:38, [2025] Mar 04 09:41:49, 1000 mL.m, 15, Sample Name: breathing air cool down returned: -29.10.  sampling returned: 1001.20.  check heater returned: 305.60. , [2025] Mar 03 22:19:55, 
[2025] Mar 04 09:41:49, [2025] Mar 04 10:19:01, 1000 mL.m, 15, Sample Name: breathing air cool down returned: -29.20.  sampling returned: 1001.10.  check heater returned: 300.70. , [2025] Mar 03 22:19:55, 
[2025] Mar 04 10:19:01, [2025] Mar 04 10:57:16, 1000 mL.m, 15, Sample Name: breathing air cool down returned: -29.10.  sampling returned: 1001.30.  check heater returned: 300.10. , [2025] Mar 03 22:19:55, 
[2025] Mar 04 10:57:16, [2025] Mar 04 11:35:26, 1000 mL.m, 15, Sample Name: breathing air cool down returned: -29.10.  sampling returned: 1000.60.  check heater returned: 300.50. , [2025] Mar 03 22:19:55, 
[2025] Mar 04 11:35:26, [2025] Mar 04 12:13:40, 1000 mL.m, 15, Sample Name: breathing air cool down returned: -29.10.  sampling returned: 1000.80.  check heater returned: 299.90. , [2025] Mar 03 22:19:55, 
[2025] Mar 04 12:13:40, [2025] Mar 04 12:51:51, 1000 mL.m, 15, Sample Name: breathing air cool down returned: -29.10.  sampling returned: 1001.30.  check heater returned: 300.40. , [2025] Mar 03 22:19:55, 
[2025] Mar 04 12:51:51, [2025] Mar 04 13:30:05, 1000 mL.m, 15, Sample Name: breathing air cool down returned: -29.10.  sampling returned: 1001.00.  check heater returned: 300.40. , [2025] Mar 03 22:19:55, 
[2025] Mar 04 13:30:05, [2025] Mar 04 14:07:19, 1000 mL.m, 15, Sample Name: breathing air cool down returned: -29.10.  sampling returned: 1000.70.  check heater returned: 299.10. , [2025] Mar 03 22:19:55, 
[2025] Mar 04 14:07:19, [2025] Mar 04 14:45:38, 1000 mL.m, 15, Sample Name: breathing air cool down returned: -29.10.  sampling returned: 1000.80.  check heater returned: 300.80. , [2025] Mar 03 22:19:55, 
[2025] Mar 04 14:45:38, [2025] Mar 04 15:22:56, 1000 mL.m, 15, Sample Name: breathing air cool down returned: -29.10.  sampling returned: 1000.60.  check heater returned: 300.70. , [2025] Mar 03 22:19:55, 
[2025] Mar 04 16:59:23, [2025] Mar 04 17:25:44, 1000 mL.m, 2, Sample Name: Archive cool down returned: -29.50.  sampling returned: 1001.60.  check heater returned: 301.30. , [2025] Mar 03 22:19:55, 
[2025] Mar 04 17:34:24, [2025] Mar 04 17:35:47, change over.m, 4, , [2024] Feb 22 14:51:17, 
[2025] Mar 04 17:34:22, [2025] Mar 04 17:36:22, 1000 mL.m, 4, Sample Name: Archive, [2025] Mar 03 22:19:55, Failed at [2025] Mar 04 17:36:22 on cool down, line 821: <class 'TypeError'> signal_handler() takes 2 positional arguments but 3 were given.
[2025] Mar 06 15:53:12, [2025] Mar 06 16:19:42, 1000 mL.m, 4, cool down returned: -30.70.  sampling returned: 43.10.  check heater returned: 299.30. , [2025] Mar 03 22:19:55, 
[2025] Mar 06 17:10:59, [2025] Mar 06 17:12:25, change over.m, 15, , [2024] Feb 22 14:51:17, 
[2025] Mar 06 17:10:55, [2025] Mar 06 17:38:42, 1000 mL.m, 15, cool down returned: -30.90.  sampling returned: 1000.60.  check heater returned: 302.10. , [2025] Mar 03 22:19:55, 
[2025] Mar 06 18:05:59, [2025] Mar 06 18:32:28, 1000 mL.m, 15, cool down returned: -30.00.  sampling returned: 1000.40.  check heater returned: 301.50. , [2025] Mar 03 22:19:55, 
[2025] Mar 06 19:18:11, [2025] Mar 06 19:19:37, change over.m, 2, , [2024] Feb 22 14:51:17, 
[2025] Mar 06 19:18:09, [2025] Mar 06 19:20:58, change over.m, 2, Sample Name: zero air, [2024] Feb 22 14:51:17, 
[2025] Mar 06 19:21:00, [2025] Mar 06 19:22:22, change over.m, 4, , [2024] Feb 22 14:51:17, 
[2025] Mar 06 19:20:58, [2025] Mar 06 19:23:43, change over.m, 4, Sample Name: zero air, [2024] Feb 22 14:51:17, 
[2025] Mar 06 19:23:44, [2025] Mar 06 19:25:06, change over.m, 6, , [2024] Feb 22 14:51:17, 
[2025] Mar 06 19:23:43, [2025] Mar 06 19:26:27, change over.m, 6, Sample Name: zero air, [2024] Feb 22 14:51:17, 
[2025] Mar 06 19:26:28, [2025] Mar 06 19:27:50, change over.m, 8, , [2024] Feb 22 14:51:17, 
[2025] Mar 06 19:26:27, [2025] Mar 06 19:29:10, change over.m, 8, Sample Name: zero air, [2024] Feb 22 14:51:17, 
[2025] Mar 06 19:29:12, [2025] Mar 06 19:30:33, change over.m, 10, , [2024] Feb 22 14:51:17, 
[2025] Mar 06 19:29:10, [2025] Mar 06 19:31:54, change over.m, 10, Sample Name: zero air, [2024] Feb 22 14:51:17, 
[2025] Mar 06 19:31:55, [2025] Mar 06 19:33:19, change over.m, 12, , [2024] Feb 22 14:51:17, 
[2025] Mar 06 19:31:54, [2025] Mar 06 19:34:39, change over.m, 12, Sample Name: zero air, [2024] Feb 22 14:51:17, 
[2025] Mar 06 19:34:42, [2025] Mar 06 19:36:03, change over.m, 2, , [2024] Feb 22 14:51:17, 
[2025] Mar 06 19:34:39, [2025] Mar 06 19:37:24, change over.m, 2, Sample Name: zero air, [2024] Feb 22 14:51:17, 
[2025] Mar 06 19:37:26, [2025] Mar 06 19:38:47, change over.m, 4, , [2024] Feb 22 14:51:17, 
[2025] Mar 06 19:37:24, [2025] Mar 06 19:40:08, change over.m, 4, Sample Name: zero air, [2024] Feb 22 14:51:17, 
[2025] Mar 06 19:40:10, [2025] Mar 06 19:41:31, change over.m, 6, , [2024] Feb 22 14:51:17, 
[2025] Mar 06 19:40:08, [2025] Mar 06 19:42:52, change over.m, 6, Sample Name: zero air, [2024] Feb 22 14:51:17, 
[2025] Mar 06 19:42:53, [2025] Mar 06 19:44:14, change over.m, 8, , [2024] Feb 22 14:51:17, 
[2025] Mar 06 19:42:52, [2025] Mar 06 19:45:35, change over.m, 8, Sample Name: zero air, [2024] Feb 22 14:51:17, 
[2025] Mar 06 19:45:37, [2025] Mar 06 19:46:57, change over.m, 10, , [2024] Feb 22 14:51:17, 
[2025] Mar 06 19:45:35, [2025] Mar 06 19:48:18, change over.m, 10, Sample Name: zero air, [2024] Feb 22 14:51:17, 
[2025] Mar 06 19:48:20, [2025] Mar 06 19:49:42, change over.m, 12, , [2024] Feb 22 14:51:17, 
[2025] Mar 06 19:48:18, [2025] Mar 06 19:51:05, change over.m, 12, Sample Name: zero air, [2024] Feb 22 14:51:17, 
[2025] Mar 06 19:51:08, [2025] Mar 06 19:52:29, change over.m, 2, , [2024] Feb 22 14:51:17, 
[2025] Mar 06 19:51:05, [2025] Mar 06 19:53:50, change over.m, 2, Sample Name: zero air, [2024] Feb 22 14:51:17, 
[2025] Mar 06 19:53:51, [2025] Mar 06 19:55:13, change over.m, 4, , [2024] Feb 22 14:51:17, 
[2025] Mar 06 19:53:50, [2025] Mar 06 19:56:33, change over.m, 4, Sample Name: zero air, [2024] Feb 22 14:51:17, 
[2025] Mar 06 19:56:35, [2025] Mar 06 19:57:56, change over.m, 6, , [2024] Feb 22 14:51:17, 
[2025] Mar 06 19:56:33, [2025] Mar 06 19:59:16, change over.m, 6, Sample Name: zero air, [2024] Feb 22 14:51:17, 
[2025] Mar 06 19:59:18, [2025] Mar 06 20:00:39, change over.m, 8, , [2024] Feb 22 14:51:17, 
[2025] Mar 06 19:59:16, [2025] Mar 06 20:02:00, change over.m, 8, Sample Name: zero air, [2024] Feb 22 14:51:17, 
[2025] Mar 06 20:02:01, [2025] Mar 06 20:03:22, change over.m, 10, , [2024] Feb 22 14:51:17, 
[2025] Mar 06 20:02:00, [2025] Mar 06 20:04:42, change over.m, 10, Sample Name: zero air, [2024] Feb 22 14:51:17, 
[2025] Mar 06 20:04:44, [2025] Mar 06 20:06:06, change over.m, 12, , [2024] Feb 22 14:51:17, 
[2025] Mar 06 20:04:42, [2025] Mar 06 20:07:27, change over.m, 12, Sample Name: zero air, [2024] Feb 22 14:51:17, 
[2025] Mar 06 20:07:29, [2025] Mar 06 20:08:51, change over.m, 2, , [2024] Feb 22 14:51:17, 
[2025] Mar 06 20:07:27, [2025] Mar 06 20:10:12, change over.m, 2, Sample Name: zero air, [2024] Feb 22 14:51:17, 
[2025] Mar 06 20:10:13, [2025] Mar 06 20:11:34, change over.m, 4, , [2024] Feb 22 14:51:17, 
[2025] Mar 06 20:10:12, [2025] Mar 06 20:12:55, change over.m, 4, Sample Name: zero air, [2024] Feb 22 14:51:17, 
[2025] Mar 06 20:12:57, [2025] Mar 06 20:14:17, change over.m, 6, , [2024] Feb 22 14:51:17, 
[2025] Mar 06 20:12:55, [2025] Mar 06 20:15:38, change over.m, 6, Sample Name: zero air, [2024] Feb 22 14:51:17, 
[2025] Mar 06 20:15:40, [2025] Mar 06 20:17:00, change over.m, 8, , [2024] Feb 22 14:51:17, 
[2025] Mar 06 20:15:38, [2025] Mar 06 20:18:21, change over.m, 8, Sample Name: zero air, [2024] Feb 22 14:51:17, 
[2025] Mar 06 20:18:23, [2025] Mar 06 20:19:43, change over.m, 10, , [2024] Feb 22 14:51:17, 
[2025] Mar 06 20:18:21, [2025] Mar 06 20:21:04, change over.m, 10, Sample Name: zero air, [2024] Feb 22 14:51:17, 
[2025] Mar 06 20:21:05, [2025] Mar 06 20:22:28, change over.m, 12, , [2024] Feb 22 14:51:17, 
[2025] Mar 06 20:21:04, [2025] Mar 06 20:23:50, change over.m, 12, Sample Name: zero air, [2024] Feb 22 14:51:17, 
[2025] Mar 06 20:23:53, [2025] Mar 06 20:25:14, change over.m, 2, , [2024] Feb 22 14:51:17, 
[2025] Mar 06 20:23:50, [2025] Mar 06 20:26:35, change over.m, 2, Sample Name: zero air, [2024] Feb 22 14:51:17, 
[2025] Mar 06 20:26:37, [2025] Mar 06 20:27:57, change over.m, 4, , [2024] Feb 22 14:51:17, 
[2025] Mar 06 20:26:35, [2025] Mar 06 20:29:18, change over.m, 4, Sample Name: zero air, [2024] Feb 22 14:51:17, 
[2025] Mar 06 20:29:19, [2025] Mar 06 20:30:40, change over.m, 6, , [2024] Feb 22 14:51:17, 
[2025] Mar 06 20:29:18, [2025] Mar 06 20:32:01, change over.m, 6, Sample Name: zero air, [2024] Feb 22 14:51:17, 
[2025] Mar 06 20:32:02, [2025] Mar 06 20:33:23, change over.m, 8, , [2024] Feb 22 14:51:17, 
[2025] Mar 06 20:32:01, [2025] Mar 06 20:34:43, change over.m, 8, Sample Name: zero air, [2024] Feb 22 14:51:17, 
[2025] Mar 06 20:34:45, [2025] Mar 06 20:36:06, change over.m, 10, , [2024] Feb 22 14:51:17, 
[2025] Mar 06 20:34:43, [2025] Mar 06 20:37:26, change over.m, 10, Sample Name: zero air, [2024] Feb 22 14:51:17, 
[2025] Mar 06 20:37:28, [2025] Mar 06 20:38:50, change over.m, 12, , [2024] Feb 22 14:51:17, 
[2025] Mar 06 20:37:26, [2025] Mar 06 20:40:11, change over.m, 12, Sample Name: zero air, [2024] Feb 22 14:51:17, 
[2025] Mar 06 20:40:13, [2025] Mar 06 20:41:35, change over.m, 2, , [2024] Feb 22 14:51:17, 
[2025] Mar 06 20:40:11, [2025] Mar 06 20:42:56, change over.m, 2, Sample Name: zero air, [2024] Feb 22 14:51:17, 
[2025] Mar 06 20:42:57, [2025] Mar 06 20:44:18, change over.m, 4, , [2024] Feb 22 14:51:17, 
[2025] Mar 06 20:42:56, [2025] Mar 06 20:45:39, change over.m, 4, Sample Name: zero air, [2024] Feb 22 14:51:17, 
[2025] Mar 06 20:45:40, [2025] Mar 06 20:47:01, change over.m, 6, , [2024] Feb 22 14:51:17, 
[2025] Mar 06 20:45:39, [2025] Mar 06 20:48:21, change over.m, 6, Sample Name: zero air, [2024] Feb 22 14:51:17, 
[2025] Mar 06 20:48:23, [2025] Mar 06 20:49:44, change over.m, 8, , [2024] Feb 22 14:51:17, 
[2025] Mar 06 20:48:21, [2025] Mar 06 20:51:04, change over.m, 8, Sample Name: zero air, [2024] Feb 22 14:51:17, 
[2025] Mar 06 20:51:06, [2025] Mar 06 20:52:26, change over.m, 10, , [2024] Feb 22 14:51:17, 
[2025] Mar 06 20:51:04, [2025] Mar 06 20:53:47, change over.m, 10, Sample Name: zero air, [2024] Feb 22 14:51:17, 
[2025] Mar 06 20:53:48, [2025] Mar 06 20:55:09, change over.m, 12, , [2024] Feb 22 14:51:17, 
[2025] Mar 06 20:53:47, [2025] Mar 06 20:56:29, change over.m, 12, Sample Name: zero air, [2024] Feb 22 14:51:17, 
[2025] Mar 06 20:56:31, [2025] Mar 06 20:57:52, change over.m, 2, , [2024] Feb 22 14:51:17, 
[2025] Mar 06 20:56:29, [2025] Mar 06 20:59:13, change over.m, 2, Sample Name: zero air, [2024] Feb 22 14:51:17, 
[2025] Mar 06 20:59:15, [2025] Mar 06 21:00:36, change over.m, 4, , [2024] Feb 22 14:51:17, 
[2025] Mar 06 20:59:13, [2025] Mar 06 21:01:56, change over.m, 4, Sample Name: zero air, [2024] Feb 22 14:51:17, 
[2025] Mar 06 21:01:58, [2025] Mar 06 21:03:18, change over.m, 6, , [2024] Feb 22 14:51:17, 
[2025] Mar 06 21:01:56, [2025] Mar 06 21:04:39, change over.m, 6, Sample Name: zero air, [2024] Feb 22 14:51:17, 
[2025] Mar 06 21:04:41, [2025] Mar 06 21:06:01, change over.m, 8, , [2024] Feb 22 14:51:17, 
[2025] Mar 06 21:04:39, [2025] Mar 06 21:07:22, change over.m, 8, Sample Name: zero air, [2024] Feb 22 14:51:17, 
[2025] Mar 06 21:07:23, [2025] Mar 06 21:08:44, change over.m, 10, , [2024] Feb 22 14:51:17, 
[2025] Mar 06 21:07:22, [2025] Mar 06 21:10:04, change over.m, 10, Sample Name: zero air, [2024] Feb 22 14:51:17, 
[2025] Mar 06 21:10:05, [2025] Mar 06 21:11:26, change over.m, 12, , [2024] Feb 22 14:51:17, 
[2025] Mar 06 21:10:04, [2025] Mar 06 21:12:46, change over.m, 12, Sample Name: zero air, [2024] Feb 22 14:51:17, 
[2025] Mar 06 21:12:49, [2025] Mar 06 21:14:10, change over.m, 2, , [2024] Feb 22 14:51:17, 
[2025] Mar 06 21:12:46, [2025] Mar 06 21:15:30, change over.m, 2, Sample Name: zero air, [2024] Feb 22 14:51:17, 
[2025] Mar 06 21:15:32, [2025] Mar 06 21:16:53, change over.m, 4, , [2024] Feb 22 14:51:17, 
[2025] Mar 06 21:15:30, [2025] Mar 06 21:18:13, change over.m, 4, Sample Name: zero air, [2024] Feb 22 14:51:17, 
[2025] Mar 06 21:18:15, [2025] Mar 06 21:19:35, change over.m, 6, , [2024] Feb 22 14:51:17, 
[2025] Mar 06 21:18:13, [2025] Mar 06 21:20:55, change over.m, 6, Sample Name: zero air, [2024] Feb 22 14:51:17, 
[2025] Mar 06 21:20:57, [2025] Mar 06 21:22:18, change over.m, 8, , [2024] Feb 22 14:51:17, 
[2025] Mar 06 21:20:55, [2025] Mar 06 21:23:38, change over.m, 8, Sample Name: zero air, [2024] Feb 22 14:51:17, 
[2025] Mar 06 21:23:40, [2025] Mar 06 21:25:00, change over.m, 10, , [2024] Feb 22 14:51:17, 
[2025] Mar 06 21:23:38, [2025] Mar 06 21:26:20, change over.m, 10, Sample Name: zero air, [2024] Feb 22 14:51:17, 
[2025] Mar 06 21:26:21, [2025] Mar 06 21:27:44, change over.m, 12, , [2024] Feb 22 14:51:17, 
[2025] Mar 06 21:26:20, [2025] Mar 06 21:29:04, change over.m, 12, Sample Name: zero air, [2024] Feb 22 14:51:17, 
[2025] Mar 06 21:29:07, [2025] Mar 06 21:30:28, change over.m, 2, , [2024] Feb 22 14:51:17, 
[2025] Mar 06 21:29:04, [2025] Mar 06 21:31:48, change over.m, 2, Sample Name: zero air, [2024] Feb 22 14:51:17, 
[2025] Mar 06 21:31:50, [2025] Mar 06 21:33:11, change over.m, 4, , [2024] Feb 22 14:51:17, 
[2025] Mar 06 21:31:48, [2025] Mar 06 21:34:31, change over.m, 4, Sample Name: zero air, [2024] Feb 22 14:51:17, 
[2025] Mar 06 21:34:32, [2025] Mar 06 21:35:53, change over.m, 6, , [2024] Feb 22 14:51:17, 
[2025] Mar 06 21:34:31, [2025] Mar 06 21:37:13, change over.m, 6, Sample Name: zero air, [2024] Feb 22 14:51:17, 
[2025] Mar 06 21:37:15, [2025] Mar 06 21:38:35, change over.m, 8, , [2024] Feb 22 14:51:17, 
[2025] Mar 06 21:37:13, [2025] Mar 06 21:39:55, change over.m, 8, Sample Name: zero air, [2024] Feb 22 14:51:17, 
[2025] Mar 06 21:39:57, [2025] Mar 06 21:41:17, change over.m, 10, , [2024] Feb 22 14:51:17, 
[2025] Mar 06 21:39:55, [2025] Mar 06 21:42:37, change over.m, 10, Sample Name: zero air, [2024] Feb 22 14:51:17, 
[2025] Mar 06 21:42:39, [2025] Mar 06 21:43:59, change over.m, 12, , [2024] Feb 22 14:51:17, 
[2025] Mar 06 21:42:37, [2025] Mar 06 21:45:19, change over.m, 12, Sample Name: zero air, [2024] Feb 22 14:51:17, 
[2025] Mar 06 21:45:22, [2025] Mar 06 21:46:43, change over.m, 2, , [2024] Feb 22 14:51:17, 
[2025] Mar 06 21:45:19, [2025] Mar 06 21:48:03, change over.m, 2, Sample Name: zero air, [2024] Feb 22 14:51:17, 
[2025] Mar 06 21:48:05, [2025] Mar 06 21:49:26, change over.m, 4, , [2024] Feb 22 14:51:17, 
[2025] Mar 06 21:48:03, [2025] Mar 06 21:50:46, change over.m, 4, Sample Name: zero air, [2024] Feb 22 14:51:17, 
[2025] Mar 06 21:50:48, [2025] Mar 06 21:52:08, change over.m, 6, , [2024] Feb 22 14:51:17, 
[2025] Mar 06 21:50:46, [2025] Mar 06 21:53:28, change over.m, 6, Sample Name: zero air, [2024] Feb 22 14:51:17, 
[2025] Mar 06 21:53:30, [2025] Mar 06 21:54:50, change over.m, 8, , [2024] Feb 22 14:51:17, 
[2025] Mar 06 21:53:28, [2025] Mar 06 21:56:11, change over.m, 8, Sample Name: zero air, [2024] Feb 22 14:51:17, 
[2025] Mar 06 21:56:12, [2025] Mar 06 21:57:33, change over.m, 10, , [2024] Feb 22 14:51:17, 
[2025] Mar 06 21:56:11, [2025] Mar 06 21:58:53, change over.m, 10, Sample Name: zero air, [2024] Feb 22 14:51:17, 
[2025] Mar 06 21:58:54, [2025] Mar 06 22:00:14, change over.m, 12, , [2024] Feb 22 14:51:17, 
[2025] Mar 06 21:58:53, [2025] Mar 06 22:01:34, change over.m, 12, Sample Name: zero air, [2024] Feb 22 14:51:17, 
[2025] Mar 06 22:01:37, [2025] Mar 06 22:02:58, change over.m, 2, , [2024] Feb 22 14:51:17, 
[2025] Mar 06 22:01:34, [2025] Mar 06 22:04:19, change over.m, 2, Sample Name: zero air, [2024] Feb 22 14:51:17, 
[2025] Mar 06 22:04:20, [2025] Mar 06 22:05:41, change over.m, 4, , [2024] Feb 22 14:51:17, 
[2025] Mar 06 22:04:19, [2025] Mar 06 22:07:01, change over.m, 4, Sample Name: zero air, [2024] Feb 22 14:51:17, 
[2025] Mar 06 22:07:03, [2025] Mar 06 22:08:23, change over.m, 6, , [2024] Feb 22 14:51:17, 
[2025] Mar 06 22:07:01, [2025] Mar 06 22:09:43, change over.m, 6, Sample Name: zero air, [2024] Feb 22 14:51:17, 
[2025] Mar 06 22:09:45, [2025] Mar 06 22:11:05, change over.m, 8, , [2024] Feb 22 14:51:17, 
[2025] Mar 06 22:09:43, [2025] Mar 06 22:12:25, change over.m, 8, Sample Name: zero air, [2024] Feb 22 14:51:17, 
[2025] Mar 06 22:12:27, [2025] Mar 06 22:13:47, change over.m, 10, , [2024] Feb 22 14:51:17, 
[2025] Mar 06 22:12:25, [2025] Mar 06 22:15:07, change over.m, 10, Sample Name: zero air, [2024] Feb 22 14:51:17, 
[2025] Mar 06 22:15:09, [2025] Mar 06 22:16:29, change over.m, 12, , [2024] Feb 22 14:51:17, 
[2025] Mar 06 22:15:07, [2025] Mar 06 22:17:49, change over.m, 12, Sample Name: zero air, [2024] Feb 22 14:51:17, 
[2025] Mar 06 22:17:52, [2025] Mar 06 22:19:13, change over.m, 2, , [2024] Feb 22 14:51:17, 
[2025] Mar 06 22:17:49, [2025] Mar 06 22:20:33, change over.m, 2, Sample Name: zero air, [2024] Feb 22 14:51:17, 
[2025] Mar 06 22:20:35, [2025] Mar 06 22:21:56, change over.m, 4, , [2024] Feb 22 14:51:17, 
[2025] Mar 06 22:20:33, [2025] Mar 06 22:23:16, change over.m, 4, Sample Name: zero air, [2024] Feb 22 14:51:17, 
[2025] Mar 06 22:23:18, [2025] Mar 06 22:24:38, change over.m, 6, , [2024] Feb 22 14:51:17, 
[2025] Mar 06 22:23:16, [2025] Mar 06 22:25:58, change over.m, 6, Sample Name: zero air, [2024] Feb 22 14:51:17, 
[2025] Mar 06 22:26:00, [2025] Mar 06 22:27:20, change over.m, 8, , [2024] Feb 22 14:51:17, 
[2025] Mar 06 22:25:58, [2025] Mar 06 22:28:40, change over.m, 8, Sample Name: zero air, [2024] Feb 22 14:51:17, 
[2025] Mar 06 22:28:42, [2025] Mar 06 22:30:02, change over.m, 10, , [2024] Feb 22 14:51:17, 
[2025] Mar 06 22:28:40, [2025] Mar 06 22:31:22, change over.m, 10, Sample Name: zero air, [2024] Feb 22 14:51:17, 
[2025] Mar 06 22:31:24, [2025] Mar 06 22:32:44, change over.m, 12, , [2024] Feb 22 14:51:17, 
[2025] Mar 06 22:31:22, [2025] Mar 06 22:34:03, change over.m, 12, Sample Name: zero air, [2024] Feb 22 14:51:17, 
[2025] Mar 06 22:34:06, [2025] Mar 06 22:35:27, change over.m, 2, , [2024] Feb 22 14:51:17, 
[2025] Mar 06 22:34:03, [2025] Mar 06 22:36:48, change over.m, 2, Sample Name: zero air, [2024] Feb 22 14:51:17, 
[2025] Mar 06 22:36:49, [2025] Mar 06 22:38:10, change over.m, 4, , [2024] Feb 22 14:51:17, 
[2025] Mar 06 22:36:48, [2025] Mar 06 22:39:30, change over.m, 4, Sample Name: zero air, [2024] Feb 22 14:51:17, 
[2025] Mar 06 22:39:32, [2025] Mar 06 22:40:52, change over.m, 6, , [2024] Feb 22 14:51:17, 
[2025] Mar 06 22:39:30, [2025] Mar 06 22:42:12, change over.m, 6, Sample Name: zero air, [2024] Feb 22 14:51:17, 
[2025] Mar 06 22:42:14, [2025] Mar 06 22:43:34, change over.m, 8, , [2024] Feb 22 14:51:17, 
[2025] Mar 06 22:42:12, [2025] Mar 06 22:44:54, change over.m, 8, Sample Name: zero air, [2024] Feb 22 14:51:17, 
[2025] Mar 06 22:44:56, [2025] Mar 06 22:46:16, change over.m, 10, , [2024] Feb 22 14:51:17, 
[2025] Mar 06 22:44:54, [2025] Mar 06 22:47:36, change over.m, 10, Sample Name: zero air, [2024] Feb 22 14:51:17, 
[2025] Mar 06 22:47:38, [2025] Mar 06 22:48:59, change over.m, 12, , [2024] Feb 22 14:51:17, 
[2025] Mar 06 22:47:36, [2025] Mar 06 22:50:19, change over.m, 12, Sample Name: zero air, [2024] Feb 22 14:51:17, 
[2025] Mar 06 22:50:22, [2025] Mar 06 22:51:42, change over.m, 2, , [2024] Feb 22 14:51:17, 
[2025] Mar 06 22:50:19, [2025] Mar 06 22:53:03, change over.m, 2, Sample Name: zero air, [2024] Feb 22 14:51:17, 
[2025] Mar 06 22:53:05, [2025] Mar 06 22:54:25, change over.m, 4, , [2024] Feb 22 14:51:17, 
[2025] Mar 06 22:53:03, [2025] Mar 06 22:55:45, change over.m, 4, Sample Name: zero air, [2024] Feb 22 14:51:17, 
[2025] Mar 06 22:55:47, [2025] Mar 06 22:57:07, change over.m, 6, , [2024] Feb 22 14:51:17, 
[2025] Mar 06 22:55:45, [2025] Mar 06 22:58:28, change over.m, 6, Sample Name: zero air, [2024] Feb 22 14:51:17, 
[2025] Mar 06 22:58:29, [2025] Mar 06 22:59:50, change over.m, 8, , [2024] Feb 22 14:51:17, 
[2025] Mar 06 22:58:28, [2025] Mar 06 23:01:10, change over.m, 8, Sample Name: zero air, [2024] Feb 22 14:51:17, 
[2025] Mar 06 23:01:12, [2025] Mar 06 23:02:32, change over.m, 10, , [2024] Feb 22 14:51:17, 
[2025] Mar 06 23:01:10, [2025] Mar 06 23:03:51, change over.m, 10, Sample Name: zero air, [2024] Feb 22 14:51:17, 
[2025] Mar 06 23:03:53, [2025] Mar 06 23:05:13, change over.m, 12, , [2024] Feb 22 14:51:17, 
[2025] Mar 06 23:03:51, [2025] Mar 06 23:06:35, change over.m, 12, Sample Name: zero air, [2024] Feb 22 14:51:17, 
[2025] Mar 06 23:06:37, [2025] Mar 06 23:07:58, change over.m, 2, , [2024] Feb 22 14:51:17, 
[2025] Mar 06 23:06:35, [2025] Mar 06 23:09:19, change over.m, 2, Sample Name: zero air, [2024] Feb 22 14:51:17, 
[2025] Mar 06 23:09:20, [2025] Mar 06 23:10:41, change over.m, 4, , [2024] Feb 22 14:51:17, 
[2025] Mar 06 23:09:19, [2025] Mar 06 23:12:01, change over.m, 4, Sample Name: zero air, [2024] Feb 22 14:51:17, 
[2025] Mar 06 23:12:03, [2025] Mar 06 23:13:23, change over.m, 6, , [2024] Feb 22 14:51:17, 
[2025] Mar 06 23:12:01, [2025] Mar 06 23:14:43, change over.m, 6, Sample Name: zero air, [2024] Feb 22 14:51:17, 
[2025] Mar 06 23:14:44, [2025] Mar 06 23:16:05, change over.m, 8, , [2024] Feb 22 14:51:17, 
[2025] Mar 06 23:14:43, [2025] Mar 06 23:17:25, change over.m, 8, Sample Name: zero air, [2024] Feb 22 14:51:17, 
[2025] Mar 06 23:17:27, [2025] Mar 06 23:18:47, change over.m, 10, , [2024] Feb 22 14:51:17, 
[2025] Mar 06 23:17:25, [2025] Mar 06 23:20:06, change over.m, 10, Sample Name: zero air, [2024] Feb 22 14:51:17, 
[2025] Mar 06 23:20:08, [2025] Mar 06 23:21:28, change over.m, 12, , [2024] Feb 22 14:51:17, 
[2025] Mar 06 23:20:06, [2025] Mar 06 23:22:48, change over.m, 12, Sample Name: zero air, [2024] Feb 22 14:51:17, 
[2025] Mar 06 23:22:50, [2025] Mar 06 23:24:11, change over.m, 2, , [2024] Feb 22 14:51:17, 
[2025] Mar 06 23:22:48, [2025] Mar 06 23:25:31, change over.m, 2, Sample Name: zero air, [2024] Feb 22 14:51:17, 
[2025] Mar 06 23:25:33, [2025] Mar 06 23:26:54, change over.m, 4, , [2024] Feb 22 14:51:17, 
[2025] Mar 06 23:25:31, [2025] Mar 06 23:28:14, change over.m, 4, Sample Name: zero air, [2024] Feb 22 14:51:17, 
[2025] Mar 06 23:28:16, [2025] Mar 06 23:29:36, change over.m, 6, , [2024] Feb 22 14:51:17, 
[2025] Mar 06 23:28:14, [2025] Mar 06 23:30:56, change over.m, 6, Sample Name: zero air, [2024] Feb 22 14:51:17, 
[2025] Mar 06 23:30:57, [2025] Mar 06 23:32:18, change over.m, 8, , [2024] Feb 22 14:51:17, 
[2025] Mar 06 23:30:56, [2025] Mar 06 23:33:38, change over.m, 8, Sample Name: zero air, [2024] Feb 22 14:51:17, 
[2025] Mar 06 23:33:40, [2025] Mar 06 23:34:59, change over.m, 10, , [2024] Feb 22 14:51:17, 
[2025] Mar 06 23:33:38, [2025] Mar 06 23:36:19, change over.m, 10, Sample Name: zero air, [2024] Feb 22 14:51:17, 
[2025] Mar 06 23:36:21, [2025] Mar 06 23:37:41, change over.m, 12, , [2024] Feb 22 14:51:17, 
[2025] Mar 06 23:36:19, [2025] Mar 06 23:39:00, change over.m, 12, Sample Name: zero air, [2024] Feb 22 14:51:17, 
[2025] Mar 06 23:39:03, [2025] Mar 06 23:40:24, change over.m, 2, , [2024] Feb 22 14:51:17, 
[2025] Mar 06 23:39:00, [2025] Mar 06 23:41:44, change over.m, 2, Sample Name: zero air, [2024] Feb 22 14:51:17, 
[2025] Mar 06 23:41:46, [2025] Mar 06 23:43:06, change over.m, 4, , [2024] Feb 22 14:51:17, 
[2025] Mar 06 23:41:44, [2025] Mar 06 23:44:26, change over.m, 4, Sample Name: zero air, [2024] Feb 22 14:51:17, 
[2025] Mar 06 23:44:28, [2025] Mar 06 23:45:48, change over.m, 6, , [2024] Feb 22 14:51:17, 
[2025] Mar 06 23:44:26, [2025] Mar 06 23:47:08, change over.m, 6, Sample Name: zero air, [2024] Feb 22 14:51:17, 
[2025] Mar 06 23:47:10, [2025] Mar 06 23:48:30, change over.m, 8, , [2024] Feb 22 14:51:17, 
[2025] Mar 06 23:47:08, [2025] Mar 06 23:49:50, change over.m, 8, Sample Name: zero air, [2024] Feb 22 14:51:17, 
[2025] Mar 06 23:49:52, [2025] Mar 06 23:51:11, change over.m, 10, , [2024] Feb 22 14:51:17, 
[2025] Mar 06 23:49:50, [2025] Mar 06 23:52:31, change over.m, 10, Sample Name: zero air, [2024] Feb 22 14:51:17, 
[2025] Mar 06 23:52:33, [2025] Mar 06 23:53:53, change over.m, 12, , [2024] Feb 22 14:51:17, 
[2025] Mar 06 23:52:31, [2025] Mar 06 23:55:12, change over.m, 12, Sample Name: zero air, [2024] Feb 22 14:51:17, 
[2025] Mar 06 23:55:15, [2025] Mar 06 23:56:36, change over.m, 2, , [2024] Feb 22 14:51:17, 
[2025] Mar 06 23:55:12, [2025] Mar 06 23:57:56, change over.m, 2, Sample Name: zero air, [2024] Feb 22 14:51:17, 
[2025] Mar 06 23:57:58, [2025] Mar 06 23:59:18, change over.m, 4, , [2024] Feb 22 14:51:17, 
[2025] Mar 06 23:57:56, [2025] Mar 07 00:00:38, change over.m, 4, Sample Name: zero air, [2024] Feb 22 14:51:17, 
[2025] Mar 07 00:00:40, [2025] Mar 07 00:02:00, change over.m, 6, , [2024] Feb 22 14:51:17, 
[2025] Mar 07 00:00:38, [2025] Mar 07 00:03:20, change over.m, 6, Sample Name: zero air, [2024] Feb 22 14:51:17, 
[2025] Mar 07 00:03:22, [2025] Mar 07 00:04:42, change over.m, 8, , [2024] Feb 22 14:51:17, 
[2025] Mar 07 00:03:20, [2025] Mar 07 00:06:02, change over.m, 8, Sample Name: zero air, [2024] Feb 22 14:51:17, 
[2025] Mar 07 00:06:04, [2025] Mar 07 00:07:24, change over.m, 10, , [2024] Feb 22 14:51:17, 
[2025] Mar 07 00:06:02, [2025] Mar 07 00:08:43, change over.m, 10, Sample Name: zero air, [2024] Feb 22 14:51:17, 
[2025] Mar 07 00:08:45, [2025] Mar 07 00:10:05, change over.m, 12, , [2024] Feb 22 14:51:17, 
[2025] Mar 07 00:08:43, [2025] Mar 07 00:11:25, change over.m, 12, Sample Name: zero air, [2024] Feb 22 14:51:17, 
[2025] Mar 07 00:11:28, [2025] Mar 07 00:12:48, change over.m, 2, , [2024] Feb 22 14:51:17, 
[2025] Mar 07 00:11:25, [2025] Mar 07 00:14:08, change over.m, 2, Sample Name: zero air, [2024] Feb 22 14:51:17, 
[2025] Mar 07 00:14:10, [2025] Mar 07 00:15:30, change over.m, 4, , [2024] Feb 22 14:51:17, 
[2025] Mar 07 00:14:08, [2025] Mar 07 00:16:51, change over.m, 4, Sample Name: zero air, [2024] Feb 22 14:51:17, 
[2025] Mar 07 00:16:52, [2025] Mar 07 00:18:12, change over.m, 6, , [2024] Feb 22 14:51:17, 
[2025] Mar 07 00:16:51, [2025] Mar 07 00:19:32, change over.m, 6, Sample Name: zero air, [2024] Feb 22 14:51:17, 
[2025] Mar 07 00:19:34, [2025] Mar 07 00:20:54, change over.m, 8, , [2024] Feb 22 14:51:17, 
[2025] Mar 07 00:19:32, [2025] Mar 07 00:22:14, change over.m, 8, Sample Name: zero air, [2024] Feb 22 14:51:17, 
[2025] Mar 07 00:22:16, [2025] Mar 07 00:23:36, change over.m, 10, , [2024] Feb 22 14:51:17, 
[2025] Mar 07 00:22:14, [2025] Mar 07 00:24:56, change over.m, 10, Sample Name: zero air, [2024] Feb 22 14:51:17, 
[2025] Mar 07 00:24:57, [2025] Mar 07 00:26:17, change over.m, 12, , [2024] Feb 22 14:51:17, 
[2025] Mar 07 00:24:56, [2025] Mar 07 00:27:37, change over.m, 12, Sample Name: zero air, [2024] Feb 22 14:51:17, 
[2025] Mar 07 00:27:40, [2025] Mar 07 00:29:00, change over.m, 2, , [2024] Feb 22 14:51:17, 
[2025] Mar 07 00:27:37, [2025] Mar 07 00:30:21, change over.m, 2, Sample Name: zero air, [2024] Feb 22 14:51:17, 
[2025] Mar 07 00:30:22, [2025] Mar 07 00:31:43, change over.m, 4, , [2024] Feb 22 14:51:17, 
[2025] Mar 07 00:30:21, [2025] Mar 07 00:33:03, change over.m, 4, Sample Name: zero air, [2024] Feb 22 14:51:17, 
[2025] Mar 07 00:33:04, [2025] Mar 07 00:34:25, change over.m, 6, , [2024] Feb 22 14:51:17, 
[2025] Mar 07 00:33:03, [2025] Mar 07 00:35:45, change over.m, 6, Sample Name: zero air, [2024] Feb 22 14:51:17, 
[2025] Mar 07 00:35:46, [2025] Mar 07 00:37:07, change over.m, 8, , [2024] Feb 22 14:51:17, 
[2025] Mar 07 00:35:45, [2025] Mar 07 00:38:27, change over.m, 8, Sample Name: zero air, [2024] Feb 22 14:51:17, 
[2025] Mar 07 00:38:28, [2025] Mar 07 00:39:48, change over.m, 10, , [2024] Feb 22 14:51:17, 
[2025] Mar 07 00:38:27, [2025] Mar 07 00:41:08, change over.m, 10, Sample Name: zero air, [2024] Feb 22 14:51:17, 
[2025] Mar 07 00:41:09, [2025] Mar 07 00:42:29, change over.m, 12, , [2024] Feb 22 14:51:17, 
[2025] Mar 07 00:41:08, [2025] Mar 07 00:43:49, change over.m, 12, Sample Name: zero air, [2024] Feb 22 14:51:17, 
[2025] Mar 07 12:39:34, [2025] Mar 07 12:41:00, change over.m, 2, , [2024] Feb 22 14:51:17, 
[2025] Mar 07 12:39:32, [2025] Mar 07 12:42:21, change over.m, 2, Sample Name: zero air, [2024] Feb 22 14:51:17, 
[2025] Mar 07 12:42:23, [2025] Mar 07 12:43:44, change over.m, 4, , [2024] Feb 22 14:51:17, 
[2025] Mar 07 12:42:21, [2025] Mar 07 12:45:05, change over.m, 4, Sample Name: zero air, [2024] Feb 22 14:51:17, 
[2025] Mar 07 12:45:07, [2025] Mar 07 12:46:28, change over.m, 6, , [2024] Feb 22 14:51:17, 
[2025] Mar 07 12:45:05, [2025] Mar 07 12:47:48, change over.m, 6, Sample Name: zero air, [2024] Feb 22 14:51:17, 
[2025] Mar 07 12:47:50, [2025] Mar 07 12:49:11, change over.m, 8, , [2024] Feb 22 14:51:17, 
[2025] Mar 07 12:47:48, [2025] Mar 07 12:50:32, change over.m, 8, Sample Name: zero air, [2024] Feb 22 14:51:17, 
[2025] Mar 07 12:50:33, [2025] Mar 07 12:51:54, change over.m, 10, , [2024] Feb 22 14:51:17, 
[2025] Mar 07 12:50:32, [2025] Mar 07 12:53:14, change over.m, 10, Sample Name: zero air, [2024] Feb 22 14:51:17, 
[2025] Mar 07 12:53:16, [2025] Mar 07 12:54:39, change over.m, 12, , [2024] Feb 22 14:51:17, 
[2025] Mar 07 12:53:14, [2025] Mar 07 12:56:01, change over.m, 12, Sample Name: zero air, [2024] Feb 22 14:51:17, 
[2025] Mar 07 12:56:04, [2025] Mar 07 12:57:25, change over.m, 2, , [2024] Feb 22 14:51:17, 
[2025] Mar 07 12:56:01, [2025] Mar 07 12:58:47, change over.m, 2, Sample Name: zero air, [2024] Feb 22 14:51:17, 
[2025] Mar 07 12:58:48, [2025] Mar 07 13:00:09, change over.m, 4, , [2024] Feb 22 14:51:17, 
[2025] Mar 07 12:58:47, [2025] Mar 07 13:01:30, change over.m, 4, Sample Name: zero air, [2024] Feb 22 14:51:17, 
[2025] Mar 07 13:01:32, [2025] Mar 07 13:02:52, change over.m, 6, , [2024] Feb 22 14:51:17, 
[2025] Mar 07 13:01:30, [2025] Mar 07 13:04:13, change over.m, 6, Sample Name: zero air, [2024] Feb 22 14:51:17, 
[2025] Mar 07 13:04:15, [2025] Mar 07 13:05:35, change over.m, 8, , [2024] Feb 22 14:51:17, 
[2025] Mar 07 13:04:13, [2025] Mar 07 13:06:56, change over.m, 8, Sample Name: zero air, [2024] Feb 22 14:51:17, 
[2025] Mar 07 13:06:57, [2025] Mar 07 13:08:18, change over.m, 10, , [2024] Feb 22 14:51:17, 
[2025] Mar 07 13:06:56, [2025] Mar 07 13:09:38, change over.m, 10, Sample Name: zero air, [2024] Feb 22 14:51:17, 
[2025] Mar 07 13:09:40, [2025] Mar 07 13:11:00, change over.m, 12, , [2024] Feb 22 14:51:17, 
[2025] Mar 07 13:09:38, [2025] Mar 07 13:12:22, change over.m, 12, Sample Name: zero air, [2024] Feb 22 14:51:17, 
[2025] Mar 07 13:12:25, [2025] Mar 07 13:13:46, change over.m, 2, , [2024] Feb 22 14:51:17, 
[2025] Mar 07 13:12:22, [2025] Mar 07 13:15:07, change over.m, 2, Sample Name: zero air, [2024] Feb 22 14:51:17, 
[2025] Mar 07 13:15:09, [2025] Mar 07 13:16:29, change over.m, 4, , [2024] Feb 22 14:51:17, 
[2025] Mar 07 13:15:07, [2025] Mar 07 13:17:50, change over.m, 4, Sample Name: zero air, [2024] Feb 22 14:51:17, 
[2025] Mar 07 13:17:52, [2025] Mar 07 13:19:12, change over.m, 6, , [2024] Feb 22 14:51:17, 
[2025] Mar 07 13:17:50, [2025] Mar 07 13:20:33, change over.m, 6, Sample Name: zero air, [2024] Feb 22 14:51:17, 
[2025] Mar 07 13:20:34, [2025] Mar 07 13:21:55, change over.m, 8, , [2024] Feb 22 14:51:17, 
[2025] Mar 07 13:20:33, [2025] Mar 07 13:23:15, change over.m, 8, Sample Name: zero air, [2024] Feb 22 14:51:17, 
[2025] Mar 07 13:23:17, [2025] Mar 07 13:24:37, change over.m, 10, , [2024] Feb 22 14:51:17, 
[2025] Mar 07 13:23:15, [2025] Mar 07 13:25:57, change over.m, 10, Sample Name: zero air, [2024] Feb 22 14:51:17, 
[2025] Mar 07 13:25:59, [2025] Mar 07 13:27:21, change over.m, 12, , [2024] Feb 22 14:51:17, 
[2025] Mar 07 13:25:57, [2025] Mar 07 13:28:44, change over.m, 12, Sample Name: zero air, [2024] Feb 22 14:51:17, 
[2025] Mar 07 13:28:46, [2025] Mar 07 13:30:07, change over.m, 2, , [2024] Feb 22 14:51:17, 
[2025] Mar 07 13:28:44, [2025] Mar 07 13:31:28, change over.m, 2, Sample Name: zero air, [2024] Feb 22 14:51:17, 
[2025] Mar 07 13:31:30, [2025] Mar 07 13:32:51, change over.m, 4, , [2024] Feb 22 14:51:17, 
[2025] Mar 07 13:31:28, [2025] Mar 07 13:34:11, change over.m, 4, Sample Name: zero air, [2024] Feb 22 14:51:17, 
[2025] Mar 07 13:34:13, [2025] Mar 07 13:35:33, change over.m, 6, , [2024] Feb 22 14:51:17, 
[2025] Mar 07 13:34:11, [2025] Mar 07 13:36:54, change over.m, 6, Sample Name: zero air, [2024] Feb 22 14:51:17, 
[2025] Mar 07 13:36:55, [2025] Mar 07 13:38:16, change over.m, 8, , [2024] Feb 22 14:51:17, 
[2025] Mar 07 13:36:54, [2025] Mar 07 13:39:36, change over.m, 8, Sample Name: zero air, [2024] Feb 22 14:51:17, 
[2025] Mar 07 13:39:38, [2025] Mar 07 13:40:58, change over.m, 10, , [2024] Feb 22 14:51:17, 
[2025] Mar 07 13:39:36, [2025] Mar 07 13:42:18, change over.m, 10, Sample Name: zero air, [2024] Feb 22 14:51:17, 
[2025] Mar 07 13:42:20, [2025] Mar 07 13:43:40, change over.m, 12, , [2024] Feb 22 14:51:17, 
[2025] Mar 07 13:42:18, [2025] Mar 07 13:45:02, change over.m, 12, Sample Name: zero air, [2024] Feb 22 14:51:17, 
[2025] Mar 07 13:45:05, [2025] Mar 07 13:46:26, change over.m, 2, , [2024] Feb 22 14:51:17, 
[2025] Mar 07 13:45:02, [2025] Mar 07 13:47:47, change over.m, 2, Sample Name: zero air, [2024] Feb 22 14:51:17, 
[2025] Mar 07 13:47:48, [2025] Mar 07 13:49:09, change over.m, 4, , [2024] Feb 22 14:51:17, 
[2025] Mar 07 13:47:47, [2025] Mar 07 13:50:29, change over.m, 4, Sample Name: zero air, [2024] Feb 22 14:51:17, 
[2025] Mar 07 13:50:31, [2025] Mar 07 13:51:51, change over.m, 6, , [2024] Feb 22 14:51:17, 
[2025] Mar 07 13:50:29, [2025] Mar 07 13:53:12, change over.m, 6, Sample Name: zero air, [2024] Feb 22 14:51:17, 
[2025] Mar 07 13:53:13, [2025] Mar 07 13:54:34, change over.m, 8, , [2024] Feb 22 14:51:17, 
[2025] Mar 07 13:53:12, [2025] Mar 07 13:55:54, change over.m, 8, Sample Name: zero air, [2024] Feb 22 14:51:17, 
[2025] Mar 07 13:55:56, [2025] Mar 07 13:57:16, change over.m, 10, , [2024] Feb 22 14:51:17, 
[2025] Mar 07 13:55:54, [2025] Mar 07 13:58:36, change over.m, 10, Sample Name: zero air, [2024] Feb 22 14:51:17, 
[2025] Mar 07 13:58:38, [2025] Mar 07 13:59:58, change over.m, 12, , [2024] Feb 22 14:51:17, 
[2025] Mar 07 13:58:36, [2025] Mar 07 14:01:18, change over.m, 12, Sample Name: zero air, [2024] Feb 22 14:51:17, 
[2025] Mar 07 14:01:21, [2025] Mar 07 14:02:41, change over.m, 2, , [2024] Feb 22 14:51:17, 
[2025] Mar 07 14:01:18, [2025] Mar 07 14:04:02, change over.m, 2, Sample Name: zero air, [2024] Feb 22 14:51:17, 
[2025] Mar 07 14:04:04, [2025] Mar 07 14:05:24, change over.m, 4, , [2024] Feb 22 14:51:17, 
[2025] Mar 07 14:04:02, [2025] Mar 07 14:06:45, change over.m, 4, Sample Name: zero air, [2024] Feb 22 14:51:17, 
[2025] Mar 07 14:06:47, [2025] Mar 07 14:08:07, change over.m, 6, , [2024] Feb 22 14:51:17, 
[2025] Mar 07 14:06:45, [2025] Mar 07 14:09:27, change over.m, 6, Sample Name: zero air, [2024] Feb 22 14:51:17, 
[2025] Mar 07 14:09:29, [2025] Mar 07 14:10:49, change over.m, 8, , [2024] Feb 22 14:51:17, 
[2025] Mar 07 14:09:27, [2025] Mar 07 14:12:10, change over.m, 8, Sample Name: zero air, [2024] Feb 22 14:51:17, 
[2025] Mar 07 14:12:11, [2025] Mar 07 14:13:31, change over.m, 10, , [2024] Feb 22 14:51:17, 
[2025] Mar 07 14:12:10, [2025] Mar 07 14:14:51, change over.m, 10, Sample Name: zero air, [2024] Feb 22 14:51:17, 
[2025] Mar 07 14:14:53, [2025] Mar 07 14:16:13, change over.m, 12, , [2024] Feb 22 14:51:17, 
[2025] Mar 07 14:14:51, [2025] Mar 07 14:17:33, change over.m, 12, Sample Name: zero air, [2024] Feb 22 14:51:17, 
[2025] Mar 07 14:17:36, [2025] Mar 07 14:18:57, change over.m, 2, , [2024] Feb 22 14:51:17, 
[2025] Mar 07 14:17:33, [2025] Mar 07 14:20:17, change over.m, 2, Sample Name: zero air, [2024] Feb 22 14:51:17, 
[2025] Mar 07 14:20:19, [2025] Mar 07 14:21:40, change over.m, 4, , [2024] Feb 22 14:51:17, 
[2025] Mar 07 14:20:17, [2025] Mar 07 14:23:00, change over.m, 4, Sample Name: zero air, [2024] Feb 22 14:51:17, 
[2025] Mar 07 14:23:02, [2025] Mar 07 14:24:22, change over.m, 6, , [2024] Feb 22 14:51:17, 
[2025] Mar 07 14:23:00, [2025] Mar 07 14:25:42, change over.m, 6, Sample Name: zero air, [2024] Feb 22 14:51:17, 
[2025] Mar 07 14:25:44, [2025] Mar 07 14:27:04, change over.m, 8, , [2024] Feb 22 14:51:17, 
[2025] Mar 07 14:25:42, [2025] Mar 07 14:28:25, change over.m, 8, Sample Name: zero air, [2024] Feb 22 14:51:17, 
[2025] Mar 07 14:28:26, [2025] Mar 07 14:29:46, change over.m, 10, , [2024] Feb 22 14:51:17, 
[2025] Mar 07 14:28:25, [2025] Mar 07 14:31:06, change over.m, 10, Sample Name: zero air, [2024] Feb 22 14:51:17, 
[2025] Mar 07 14:31:08, [2025] Mar 07 14:32:28, change over.m, 12, , [2024] Feb 22 14:51:17, 
[2025] Mar 07 14:31:06, [2025] Mar 07 14:33:48, change over.m, 12, Sample Name: zero air, [2024] Feb 22 14:51:17, 
[2025] Mar 07 14:33:51, [2025] Mar 07 14:35:12, change over.m, 2, , [2024] Feb 22 14:51:17, 
[2025] Mar 07 14:33:48, [2025] Mar 07 14:36:33, change over.m, 2, Sample Name: zero air, [2024] Feb 22 14:51:17, 
[2025] Mar 07 14:36:34, [2025] Mar 07 14:37:55, change over.m, 4, , [2024] Feb 22 14:51:17, 
[2025] Mar 07 14:36:33, [2025] Mar 07 14:39:15, change over.m, 4, Sample Name: zero air, [2024] Feb 22 14:51:17, 
[2025] Mar 07 14:39:17, [2025] Mar 07 14:40:37, change over.m, 6, , [2024] Feb 22 14:51:17, 
[2025] Mar 07 14:39:15, [2025] Mar 07 14:41:57, change over.m, 6, Sample Name: zero air, [2024] Feb 22 14:51:17, 
[2025] Mar 07 14:41:59, [2025] Mar 07 14:43:19, change over.m, 8, , [2024] Feb 22 14:51:17, 
[2025] Mar 07 14:41:57, [2025] Mar 07 14:44:40, change over.m, 8, Sample Name: zero air, [2024] Feb 22 14:51:17, 
[2025] Mar 07 14:44:41, [2025] Mar 07 14:46:01, change over.m, 10, , [2024] Feb 22 14:51:17, 
[2025] Mar 07 14:44:40, [2025] Mar 07 14:47:21, change over.m, 10, Sample Name: zero air, [2024] Feb 22 14:51:17, 
[2025] Mar 07 14:47:23, [2025] Mar 07 14:48:43, change over.m, 12, , [2024] Feb 22 14:51:17, 
[2025] Mar 07 14:47:21, [2025] Mar 07 14:50:03, change over.m, 12, Sample Name: zero air, [2024] Feb 22 14:51:17, 
[2025] Mar 07 14:50:06, [2025] Mar 07 14:51:26, change over.m, 2, , [2024] Feb 22 14:51:17, 
[2025] Mar 07 14:50:03, [2025] Mar 07 14:52:47, change over.m, 2, Sample Name: zero air, [2024] Feb 22 14:51:17, 
[2025] Mar 07 14:52:49, [2025] Mar 07 14:54:09, change over.m, 4, , [2024] Feb 22 14:51:17, 
[2025] Mar 07 14:52:47, [2025] Mar 07 14:55:29, change over.m, 4, Sample Name: zero air, [2024] Feb 22 14:51:17, 
[2025] Mar 07 14:55:31, [2025] Mar 07 14:56:51, change over.m, 6, , [2024] Feb 22 14:51:17, 
[2025] Mar 07 14:55:29, [2025] Mar 07 14:58:11, change over.m, 6, Sample Name: zero air, [2024] Feb 22 14:51:17, 
[2025] Mar 07 14:58:13, [2025] Mar 07 14:59:33, change over.m, 8, , [2024] Feb 22 14:51:17, 
[2025] Mar 07 14:58:11, [2025] Mar 07 15:00:53, change over.m, 8, Sample Name: zero air, [2024] Feb 22 14:51:17, 
[2025] Mar 07 15:00:55, [2025] Mar 07 15:02:15, change over.m, 10, , [2024] Feb 22 14:51:17, 
[2025] Mar 07 15:00:53, [2025] Mar 07 15:03:35, change over.m, 10, Sample Name: zero air, [2024] Feb 22 14:51:17, 
[2025] Mar 07 15:03:37, [2025] Mar 07 15:04:59, change over.m, 12, , [2024] Feb 22 14:51:17, 
[2025] Mar 07 15:03:35, [2025] Mar 07 15:06:20, change over.m, 12, Sample Name: zero air, [2024] Feb 22 14:51:17, 
[2025] Mar 07 15:06:23, [2025] Mar 07 15:07:43, change over.m, 2, , [2024] Feb 22 14:51:17, 
[2025] Mar 07 15:06:20, [2025] Mar 07 15:09:04, change over.m, 2, Sample Name: zero air, [2024] Feb 22 14:51:17, 
[2025] Mar 07 15:09:06, [2025] Mar 07 15:10:26, change over.m, 4, , [2024] Feb 22 14:51:17, 
[2025] Mar 07 15:09:04, [2025] Mar 07 15:11:46, change over.m, 4, Sample Name: zero air, [2024] Feb 22 14:51:17, 
[2025] Mar 07 15:11:48, [2025] Mar 07 15:13:08, change over.m, 6, , [2024] Feb 22 14:51:17, 
[2025] Mar 07 15:11:46, [2025] Mar 07 15:14:28, change over.m, 6, Sample Name: zero air, [2024] Feb 22 14:51:17, 
[2025] Mar 07 15:14:30, [2025] Mar 07 15:15:50, change over.m, 8, , [2024] Feb 22 14:51:17, 
[2025] Mar 07 15:14:28, [2025] Mar 07 15:17:10, change over.m, 8, Sample Name: zero air, [2024] Feb 22 14:51:17, 
[2025] Mar 07 15:17:12, [2025] Mar 07 15:18:32, change over.m, 10, , [2024] Feb 22 14:51:17, 
[2025] Mar 07 15:17:10, [2025] Mar 07 15:19:52, change over.m, 10, Sample Name: zero air, [2024] Feb 22 14:51:17, 
[2025] Mar 07 15:19:54, [2025] Mar 07 15:21:14, change over.m, 12, , [2024] Feb 22 14:51:17, 
[2025] Mar 07 15:19:52, [2025] Mar 07 15:22:33, change over.m, 12, Sample Name: zero air, [2024] Feb 22 14:51:17, 
[2025] Mar 07 15:22:36, [2025] Mar 07 15:23:57, change over.m, 2, , [2024] Feb 22 14:51:17, 
[2025] Mar 07 15:22:33, [2025] Mar 07 15:25:18, change over.m, 2, Sample Name: zero air, [2024] Feb 22 14:51:17, 
[2025] Mar 07 15:25:19, [2025] Mar 07 15:26:40, change over.m, 4, , [2024] Feb 22 14:51:17, 
[2025] Mar 07 15:25:18, [2025] Mar 07 15:28:00, change over.m, 4, Sample Name: zero air, [2024] Feb 22 14:51:17, 
[2025] Mar 07 15:28:02, [2025] Mar 07 15:29:22, change over.m, 6, , [2024] Feb 22 14:51:17, 
[2025] Mar 07 15:28:00, [2025] Mar 07 15:30:42, change over.m, 6, Sample Name: zero air, [2024] Feb 22 14:51:17, 
[2025] Mar 07 15:30:44, [2025] Mar 07 15:32:04, change over.m, 8, , [2024] Feb 22 14:51:17, 
[2025] Mar 07 15:30:42, [2025] Mar 07 15:33:24, change over.m, 8, Sample Name: zero air, [2024] Feb 22 14:51:17, 
[2025] Mar 07 15:33:26, [2025] Mar 07 15:34:46, change over.m, 10, , [2024] Feb 22 14:51:17, 
[2025] Mar 07 15:33:24, [2025] Mar 07 15:36:06, change over.m, 10, Sample Name: zero air, [2024] Feb 22 14:51:17, 
[2025] Mar 07 15:36:08, [2025] Mar 07 15:37:27, change over.m, 12, , [2024] Feb 22 14:51:17, 
[2025] Mar 07 15:36:06, [2025] Mar 07 15:38:47, change over.m, 12, Sample Name: zero air, [2024] Feb 22 14:51:17, 
[2025] Mar 07 15:38:50, [2025] Mar 07 15:40:11, change over.m, 2, , [2024] Feb 22 14:51:17, 
[2025] Mar 07 15:38:47, [2025] Mar 07 15:41:32, change over.m, 2, Sample Name: zero air, [2024] Feb 22 14:51:17, 
[2025] Mar 07 15:41:33, [2025] Mar 07 15:42:54, change over.m, 4, , [2024] Feb 22 14:51:17, 
[2025] Mar 07 15:41:32, [2025] Mar 07 15:44:14, change over.m, 4, Sample Name: zero air, [2024] Feb 22 14:51:17, 
[2025] Mar 07 15:44:16, [2025] Mar 07 15:45:36, change over.m, 6, , [2024] Feb 22 14:51:17, 
[2025] Mar 07 15:44:14, [2025] Mar 07 15:46:56, change over.m, 6, Sample Name: zero air, [2024] Feb 22 14:51:17, 
[2025] Mar 07 15:46:58, [2025] Mar 07 15:48:18, change over.m, 8, , [2024] Feb 22 14:51:17, 
[2025] Mar 07 15:46:56, [2025] Mar 07 15:49:38, change over.m, 8, Sample Name: zero air, [2024] Feb 22 14:51:17, 
[2025] Mar 07 15:49:40, [2025] Mar 07 15:51:00, change over.m, 10, , [2024] Feb 22 14:51:17, 
[2025] Mar 07 15:49:38, [2025] Mar 07 15:52:20, change over.m, 10, Sample Name: zero air, [2024] Feb 22 14:51:17, 
[2025] Mar 07 15:52:21, [2025] Mar 07 15:53:41, change over.m, 12, , [2024] Feb 22 14:51:17, 
[2025] Mar 07 15:52:20, [2025] Mar 07 15:55:01, change over.m, 12, Sample Name: zero air, [2024] Feb 22 14:51:17, 
[2025] Mar 07 15:55:04, [2025] Mar 07 15:56:25, change over.m, 2, , [2024] Feb 22 14:51:17, 
[2025] Mar 07 15:55:01, [2025] Mar 07 15:57:45, change over.m, 2, Sample Name: zero air, [2024] Feb 22 14:51:17, 
[2025] Mar 07 15:57:47, [2025] Mar 07 15:59:07, change over.m, 4, , [2024] Feb 22 14:51:17, 
[2025] Mar 07 15:57:45, [2025] Mar 07 16:00:27, change over.m, 4, Sample Name: zero air, [2024] Feb 22 14:51:17, 
[2025] Mar 07 16:00:29, [2025] Mar 07 16:01:49, change over.m, 6, , [2024] Feb 22 14:51:17, 
[2025] Mar 07 16:00:27, [2025] Mar 07 16:03:09, change over.m, 6, Sample Name: zero air, [2024] Feb 22 14:51:17, 
[2025] Mar 07 16:03:11, [2025] Mar 07 16:04:31, change over.m, 8, , [2024] Feb 22 14:51:17, 
[2025] Mar 07 16:03:09, [2025] Mar 07 16:05:51, change over.m, 8, Sample Name: zero air, [2024] Feb 22 14:51:17, 
[2025] Mar 07 16:05:53, [2025] Mar 07 16:07:13, change over.m, 10, , [2024] Feb 22 14:51:17, 
[2025] Mar 07 16:05:51, [2025] Mar 07 16:08:33, change over.m, 10, Sample Name: zero air, [2024] Feb 22 14:51:17, 
[2025] Mar 07 16:08:34, [2025] Mar 07 16:09:54, change over.m, 12, , [2024] Feb 22 14:51:17, 
[2025] Mar 07 16:08:33, [2025] Mar 07 16:11:14, change over.m, 12, Sample Name: zero air, [2024] Feb 22 14:51:17, 
[2025] Mar 07 16:11:17, [2025] Mar 07 16:12:37, change over.m, 2, , [2024] Feb 22 14:51:17, 
[2025] Mar 07 16:11:14, [2025] Mar 07 16:13:58, change over.m, 2, Sample Name: zero air, [2024] Feb 22 14:51:17, 
[2025] Mar 07 16:14:00, [2025] Mar 07 16:15:20, change over.m, 4, , [2024] Feb 22 14:51:17, 
[2025] Mar 07 16:13:58, [2025] Mar 07 16:16:40, change over.m, 4, Sample Name: zero air, [2024] Feb 22 14:51:17, 
[2025] Mar 07 16:16:42, [2025] Mar 07 16:18:02, change over.m, 6, , [2024] Feb 22 14:51:17, 
[2025] Mar 07 16:16:40, [2025] Mar 07 16:19:22, change over.m, 6, Sample Name: zero air, [2024] Feb 22 14:51:17, 
[2025] Mar 07 16:19:24, [2025] Mar 07 16:20:44, change over.m, 8, , [2024] Feb 22 14:51:17, 
[2025] Mar 07 16:19:22, [2025] Mar 07 16:22:04, change over.m, 8, Sample Name: zero air, [2024] Feb 22 14:51:17, 
[2025] Mar 07 16:22:06, [2025] Mar 07 16:23:26, change over.m, 10, , [2024] Feb 22 14:51:17, 
[2025] Mar 07 16:22:04, [2025] Mar 07 16:24:46, change over.m, 10, Sample Name: zero air, [2024] Feb 22 14:51:17, 
[2025] Mar 07 16:24:48, [2025] Mar 07 16:26:08, change over.m, 12, , [2024] Feb 22 14:51:17, 
[2025] Mar 07 16:24:46, [2025] Mar 07 16:27:27, change over.m, 12, Sample Name: zero air, [2024] Feb 22 14:51:17, 
[2025] Mar 07 16:27:30, [2025] Mar 07 16:28:51, change over.m, 2, , [2024] Feb 22 14:51:17, 
[2025] Mar 07 16:27:27, [2025] Mar 07 16:30:11, change over.m, 2, Sample Name: zero air, [2024] Feb 22 14:51:17, 
[2025] Mar 07 16:30:13, [2025] Mar 07 16:31:33, change over.m, 4, , [2024] Feb 22 14:51:17, 
[2025] Mar 07 16:30:11, [2025] Mar 07 16:32:54, change over.m, 4, Sample Name: zero air, [2024] Feb 22 14:51:17, 
[2025] Mar 07 16:32:55, [2025] Mar 07 16:34:15, change over.m, 6, , [2024] Feb 22 14:51:17, 
[2025] Mar 07 16:32:54, [2025] Mar 07 16:35:35, change over.m, 6, Sample Name: zero air, [2024] Feb 22 14:51:17, 
[2025] Mar 07 16:35:37, [2025] Mar 07 16:36:57, change over.m, 8, , [2024] Feb 22 14:51:17, 
[2025] Mar 07 16:35:35, [2025] Mar 07 16:38:18, change over.m, 8, Sample Name: zero air, [2024] Feb 22 14:51:17, 
[2025] Mar 07 16:38:19, [2025] Mar 07 16:39:39, change over.m, 10, , [2024] Feb 22 14:51:17, 
[2025] Mar 07 16:38:18, [2025] Mar 07 16:40:59, change over.m, 10, Sample Name: zero air, [2024] Feb 22 14:51:17, 
[2025] Mar 07 16:41:01, [2025] Mar 07 16:42:21, change over.m, 12, , [2024] Feb 22 14:51:17, 
[2025] Mar 07 16:40:59, [2025] Mar 07 16:43:40, change over.m, 12, Sample Name: zero air, [2024] Feb 22 14:51:17, 
[2025] Mar 07 16:43:43, [2025] Mar 07 16:45:04, change over.m, 2, , [2024] Feb 22 14:51:17, 
[2025] Mar 07 16:43:40, [2025] Mar 07 16:46:25, change over.m, 2, Sample Name: zero air, [2024] Feb 22 14:51:17, 
[2025] Mar 07 16:46:26, [2025] Mar 07 16:47:47, change over.m, 4, , [2024] Feb 22 14:51:17, 
[2025] Mar 07 16:46:25, [2025] Mar 07 16:49:07, change over.m, 4, Sample Name: zero air, [2024] Feb 22 14:51:17, 
[2025] Mar 07 16:49:08, [2025] Mar 07 16:50:29, change over.m, 6, , [2024] Feb 22 14:51:17, 
[2025] Mar 07 16:49:07, [2025] Mar 07 16:51:49, change over.m, 6, Sample Name: zero air, [2024] Feb 22 14:51:17, 
[2025] Mar 07 16:51:50, [2025] Mar 07 16:53:11, change over.m, 8, , [2024] Feb 22 14:51:17, 
[2025] Mar 07 16:51:49, [2025] Mar 07 16:54:31, change over.m, 8, Sample Name: zero air, [2024] Feb 22 14:51:17, 
[2025] Mar 07 16:54:33, [2025] Mar 07 16:55:52, change over.m, 10, , [2024] Feb 22 14:51:17, 
[2025] Mar 07 16:54:31, [2025] Mar 07 16:57:12, change over.m, 10, Sample Name: zero air, [2024] Feb 22 14:51:17, 
[2025] Mar 07 16:57:14, [2025] Mar 07 16:58:34, change over.m, 12, , [2024] Feb 22 14:51:17, 
[2025] Mar 07 16:57:12, [2025] Mar 07 16:59:54, change over.m, 12, Sample Name: zero air, [2024] Feb 22 14:51:17, 
[2025] Mar 07 16:59:56, [2025] Mar 07 17:01:17, change over.m, 2, , [2024] Feb 22 14:51:17, 
[2025] Mar 07 16:59:54, [2025] Mar 07 17:02:37, change over.m, 2, Sample Name: zero air, [2024] Feb 22 14:51:17, 
[2025] Mar 07 17:02:39, [2025] Mar 07 17:03:59, change over.m, 4, , [2024] Feb 22 14:51:17, 
[2025] Mar 07 17:02:37, [2025] Mar 07 17:05:20, change over.m, 4, Sample Name: zero air, [2024] Feb 22 14:51:17, 
[2025] Mar 07 17:05:22, [2025] Mar 07 17:06:42, change over.m, 6, , [2024] Feb 22 14:51:17, 
[2025] Mar 07 17:05:20, [2025] Mar 07 17:08:02, change over.m, 6, Sample Name: zero air, [2024] Feb 22 14:51:17, 
[2025] Mar 07 17:08:04, [2025] Mar 07 17:09:24, change over.m, 8, , [2024] Feb 22 14:51:17, 
[2025] Mar 07 17:08:02, [2025] Mar 07 17:10:44, change over.m, 8, Sample Name: zero air, [2024] Feb 22 14:51:17, 
[2025] Mar 07 17:10:46, [2025] Mar 07 17:12:06, change over.m, 10, , [2024] Feb 22 14:51:17, 
[2025] Mar 07 17:10:44, [2025] Mar 07 17:13:25, change over.m, 10, Sample Name: zero air, [2024] Feb 22 14:51:17, 
[2025] Mar 07 17:13:27, [2025] Mar 07 17:14:49, change over.m, 12, , [2024] Feb 22 14:51:17, 
[2025] Mar 07 17:13:25, [2025] Mar 07 17:16:08, change over.m, 12, Sample Name: zero air, [2024] Feb 22 14:51:17, 
[2025] Mar 07 17:16:11, [2025] Mar 07 17:17:32, change over.m, 2, , [2024] Feb 22 14:51:17, 
[2025] Mar 07 17:16:08, [2025] Mar 07 17:18:52, change over.m, 2, Sample Name: zero air, [2024] Feb 22 14:51:17, 
[2025] Mar 07 17:18:54, [2025] Mar 07 17:20:14, change over.m, 4, , [2024] Feb 22 14:51:17, 
[2025] Mar 07 17:18:52, [2025] Mar 07 17:21:34, change over.m, 4, Sample Name: zero air, [2024] Feb 22 14:51:17, 
[2025] Mar 07 17:21:36, [2025] Mar 07 17:22:56, change over.m, 6, , [2024] Feb 22 14:51:17, 
[2025] Mar 07 17:21:34, [2025] Mar 07 17:24:16, change over.m, 6, Sample Name: zero air, [2024] Feb 22 14:51:17, 
[2025] Mar 07 17:24:18, [2025] Mar 07 17:25:38, change over.m, 8, , [2024] Feb 22 14:51:17, 
[2025] Mar 07 17:24:16, [2025] Mar 07 17:26:58, change over.m, 8, Sample Name: zero air, [2024] Feb 22 14:51:17, 
[2025] Mar 07 17:27:00, [2025] Mar 07 17:28:20, change over.m, 10, , [2024] Feb 22 14:51:17, 
[2025] Mar 07 17:26:58, [2025] Mar 07 17:29:39, change over.m, 10, Sample Name: zero air, [2024] Feb 22 14:51:17, 
[2025] Mar 07 17:29:41, [2025] Mar 07 17:31:01, change over.m, 12, , [2024] Feb 22 14:51:17, 
[2025] Mar 07 17:29:39, [2025] Mar 07 17:32:20, change over.m, 12, Sample Name: zero air, [2024] Feb 22 14:51:17, 
[2025] Mar 07 17:32:23, [2025] Mar 07 17:33:44, change over.m, 2, , [2024] Feb 22 14:51:17, 
[2025] Mar 07 17:32:20, [2025] Mar 07 17:35:04, change over.m, 2, Sample Name: zero air, [2024] Feb 22 14:51:17, 
[2025] Mar 07 17:35:06, [2025] Mar 07 17:36:26, change over.m, 4, , [2024] Feb 22 14:51:17, 
[2025] Mar 07 17:35:04, [2025] Mar 07 17:37:09, change over.m, 4, Sample Name: zero air, [2024] Feb 22 14:51:17, Failed at [2025] Mar 07 17:37:09 on flush, line 821: <class 'TypeError'> signal_handler() takes 2 positional arguments but 3 were given.
[2025] Mar 07 17:37:26, [2025] Mar 07 17:38:46, change over.m, 15, , [2024] Feb 22 14:51:17, 
[2025] Mar 07 17:37:22, [2025] Mar 07 18:09:16, 1000 mL.m, 15, cool down returned: -29.10.  sampling returned: 1000.70.  check heater returned: 301.80. , [2025] Mar 03 22:19:55, 
[2025] Mar 07 18:41:30, [2025] Mar 07 19:08:00, 1000 mL.m, 15, cool down returned: -33.90.  sampling returned: 1000.70.  check heater returned: 302.30. , [2025] Mar 03 22:19:55, 
[2025] Mar 09 16:45:11, [2025] Mar 09 17:12:27, 2000 mL Ref.m, 15, cool down returned: -30.30.  sampling returned: 2002.00.  check heater returned: 299.90. , [2025] Mar 03 18:58:35, 
[2025] Mar 09 18:14:31, [2025] Mar 09 18:41:20, 2000 mL Ref.m, 15, cool down returned: -30.50.  sampling returned: 2002.10.  check heater returned: 303.20. , [2025] Mar 03 18:58:35, 
[2025] Mar 09 19:13:06, [2025] Mar 09 19:46:09, custom.m, 15, flow=75 volume=2000 temp=310 inject=30.0.  cool down returned: -33.30.  sampling returned: 1999.30.  check heater returned: 306.70. , [2025] Mar 09 19:13:06, 
[2025] Mar 09 19:56:57, [2025] Mar 09 19:57:48, custom.m, 15, cool down returned: -29.10. , [2025] Mar 09 19:13:06, Failed at [2025] Mar 09 19:57:48 on flush, line 821: <class 'TypeError'> signal_handler() takes 2 positional arguments but 3 were given.
[2025] Mar 09 19:58:17, [2025] Mar 09 20:31:25, custom.m, 15, flow=75 volume=2000 temp=310 inject=60.  cool down returned: -29.40.  sampling returned: 1999.60.  check heater returned: 305.20. , [2025] Mar 09 19:58:17, 
[2025] Mar 10 16:59:35, [2025] Mar 10 17:43:10, custom.m, 15, flow=100 volume=1000 temp=310 inject=30.  cool down returned: -30.10.  sampling returned: 1000.40. , [2025] Mar 10 16:59:35, Failed at [2025] Mar 10 17:43:10 on check gc, line 821: <class 'RuntimeError'> GC not ready in time. Aborting run.
[2025] Mar 10 17:43:59, [2025] Mar 10 17:49:33, process sample.m, 15, , [2024] Mar 04 17:22:19, 
[2025] Mar 10 18:49:14, [2025] Mar 10 19:05:37, custom.m, 15, cool down returned: -29.70.  sampling returned: 1000.30.  check heater returned: 304.80. , [2025] Mar 10 16:59:35, 
[2025] Mar 12 16:24:03, [2025] Mar 12 16:56:15, custom.m, 15, flow=100 volume=2000 temp=310 inject=60.  cool down returned: -29.10.  sampling returned: 2001.50.  check heater returned: 305.40. , [2025] Mar 12 16:24:03, 
[2025] Mar 12 18:07:39, [2025] Mar 12 18:34:05, custom.m, 15, cool down returned: -29.70.  sampling returned: 2001.60.  check heater returned: 305.70. , [2025] Mar 12 16:24:03, 
[2025] Mar 16 12:36:40, [2025] Mar 16 13:09:18, custom.m, 15, flow=100 volume=2000 temp=310 inject=45.  cool down returned: -29.10.  sampling returned: 2002.10.  check heater returned: 304.40. , [2025] Mar 16 12:36:39, 
[2025] Mar 16 13:18:59, [2025] Mar 16 13:48:38, custom.m, 15, cool down returned: -29.10.  sampling returned: 2001.00.  check heater returned: 302.50. , [2025] Mar 16 12:36:39, 
[2025] Mar 16 13:55:19, [2025] Mar 16 14:27:01, custom.m, 15, cool down returned: -29.10.  sampling returned: 2002.30.  check heater returned: 302.70. , [2025] Mar 16 12:36:39, 
[2025] Mar 16 14:34:20, [2025] Mar 16 15:05:41, custom.m, 15, cool down returned: -29.10.  sampling returned: 2001.60.  check heater returned: 302.90. , [2025] Mar 16 12:36:39, 
[2025] Mar 16 15:53:21, [2025] Mar 16 16:19:45, custom.m, 15, cool down returned: -30.30.  sampling returned: 2002.50.  check heater returned: 303.10. , [2025] Mar 16 12:36:39, 
[2025] Mar 16 16:27:14, [2025] Mar 16 16:27:31, custom.m, 15, , [2025] Mar 16 12:36:39, Failed at [2025] Mar 16 16:27:31 on cool down, line 821: <class 'TypeError'> signal_handler() takes 2 positional arguments but 3 were given.
[2025] Mar 16 16:28:36, [2025] Mar 16 16:59:00, custom.m, 15, flow=100 volume=2000 temp=310 inject=30.  cool down returned: -29.10.  sampling returned: 2002.60.  check heater returned: 301.20. , [2025] Mar 16 16:28:36, 
[2025] Mar 16 17:51:44, [2025] Mar 16 17:51:55, custom.m, 15, flow=50 volume=2000 temp=300 inject=60.  cool down returned: -29.90. , [2025] Mar 16 17:51:44, Failed at [2025] Mar 16 17:51:55 on flush, line 821: <class 'TypeError'> signal_handler() takes 2 positional arguments but 3 were given.
[2025] Mar 16 17:54:15, [2025] Mar 16 18:41:10, custom.m, 15, Sample Name: breathing air cool down returned: -30.20.  sampling returned: 2002.70.  check heater returned: 291.10. , [2025] Mar 16 17:51:44, 
[2025] Mar 16 18:41:10, [2025] Mar 16 19:38:28, custom.m, 15, Sample Name: breathing air cool down returned: -29.10.  sampling returned: 2003.20.  check heater returned: 291.10. , [2025] Mar 16 17:51:44, 
[2025] Mar 16 19:38:28, [2025] Mar 16 19:58:07, custom.m, 15, Sample Name: breathing air cool down returned: -29.10. , [2025] Mar 16 17:51:44, Failed at [2025] Mar 16 19:58:07 on sampling, line 821: <class 'TypeError'> signal_handler() takes 2 positional arguments but 3 were given.
[2025] Mar 16 19:58:41, [2025] Mar 16 20:02:47, bake out.m, 15, check heater returned: 279.20. , [2024] Sep 01 17:56:21, 
[2025] Mar 16 21:36:41, [2025] Mar 16 21:40:26, bake out.m, 15, check heater returned: 277.40. , [2024] Sep 01 17:56:21, 
[2025] Mar 16 21:40:43, [2025] Mar 16 22:18:14, 2000 mL Ref.m, 15, cool down returned: -29.10.  sampling returned: 2002.50.  check heater returned: 296.30. , [2025] Mar 03 18:58:35, 
[2025] Mar 16 22:23:08, [2025] Mar 16 22:58:26, custom.m, 15, flow=100 volume=2000 temp=310 inject=60.  cool down returned: -29.10.  sampling returned: 2002.90.  check heater returned: 300.40. , [2025] Mar 16 22:23:08, 
[2025] Mar 16 23:10:28, [2025] Mar 16 23:10:49, custom.m, 15, flow=100 volume=2000 temp=310 inject=120. , [2025] Mar 16 23:10:28, Failed at [2025] Mar 16 23:10:49 on cool down, line 821: <class 'TypeError'> signal_handler() takes 2 positional arguments but 3 were given.
[2025] Mar 16 23:11:21, [2025] Mar 16 23:47:58, custom.m, 15, flow=100 volume=2000 temp=295 inject=120.  cool down returned: -29.10.  sampling returned: 2002.10.  check heater returned: 294.70. , [2025] Mar 16 23:11:21, 
[2025] Mar 17 00:20:41, [2025] Mar 17 00:37:05, custom.m, 15, flow=100 volume=1000 temp=295 inject=120.  cool down returned: -33.40.  sampling returned: 999.80.  check heater returned: 295.20. , [2025] Mar 17 00:20:41, 
[2025] Mar 19 14:39:17, [2025] Mar 19 15:01:42, custom.m, 15, cool down returned: -29.10.  sampling returned: 1000.70.  check heater returned: 295.70. , [2025] Mar 17 00:20:41, 
[2025] Mar 19 15:48:26, [2025] Mar 19 16:04:51, custom.m, 15, cool down returned: -30.00.  sampling returned: 1000.90.  check heater returned: 296.40. , [2025] Mar 17 00:20:41, 
[2025] Mar 19 16:11:52, [2025] Mar 19 16:44:49, custom.m, 15, flow=100 volume=2000 temp=300 inject=120.  cool down returned: -29.10.  sampling returned: 2001.60.  check heater returned: 303.30. , [2025] Mar 19 16:11:52, 
[2025] Mar 19 17:42:26, [2025] Mar 19 18:08:51, custom.m, 15, flow=100 volume=2000 temp=300 inject=90.  cool down returned: -29.60.  sampling returned: 2001.80.  check heater returned: 302.20. , [2025] Mar 19 17:42:26, 
[2025] Mar 19 18:15:27, [2025] Mar 19 18:49:11, custom.m, 15, cool down returned: -29.10.  sampling returned: 2002.50.  check heater returned: 301.60. , [2025] Mar 19 17:42:26, 
[2025] Mar 19 18:58:00, [2025] Mar 19 19:29:16, custom.m, 15, flow=100 volume=2000 temp=300 inject=30.  cool down returned: -29.10.  sampling returned: 2001.50.  check heater returned: 301.20. , [2025] Mar 19 18:58:00, 
[2025] Mar 22 16:39:32, [2025] Mar 22 17:12:07, custom.m, 15, flow=100 volume=2000 temp=300 inject=30.  cool down returned: -29.10.  sampling returned: 2001.10.  check heater returned: 302.30. , [2025] Mar 22 16:39:32, 
[2025] Mar 22 18:08:46, [2025] Mar 22 18:35:11, custom.m, 15, cool down returned: -30.30.  sampling returned: 2001.30.  check heater returned: 301.80. , [2025] Mar 22 16:39:32, 
[2025] Mar 22 19:21:41, [2025] Mar 22 19:48:07, custom.m, 15, flow=100 volume=2000 temp=305 inject=30.  cool down returned: -29.10.  sampling returned: 2000.90.  check heater returned: 308.40. , [2025] Mar 22 19:21:41, 
[2025] Mar 23 19:48:32, [2025] Mar 23 20:20:58, custom.m, 15, cool down returned: -29.10.  sampling returned: 2000.90.  check heater returned: 308.00. , [2025] Mar 22 19:21:41, 
[2025] Apr 03 17:26:42, [2025] Apr 03 17:58:31, custom.m, 15, flow=100 volume=2000 temp=300 inject=30.  cool down returned: -29.10.  sampling returned: 2001.80.  check heater returned: 357.40. , [2025] Apr 03 17:26:42, 
[2025] Apr 03 18:17:13, [2025] Apr 03 18:43:36, custom.m, 15, cool down returned: -33.40.  sampling returned: 2002.00.  check heater returned: 351.70. , [2025] Apr 03 17:26:42, 
[2025] Apr 03 18:51:05, [2025] Apr 03 19:19:23, custom.m, 15, cool down returned: -29.60.  sampling returned: 2002.70.  check heater returned: 313.80. , [2025] Apr 03 17:26:42, 
[2025] Apr 03 19:28:06, [2025] Apr 03 19:31:58, bake out.m, 15, Sample Name:  check heater returned: 352.90. , [2024] Sep 01 17:56:21, 
[2025] Apr 03 19:59:04, [2025] Apr 03 20:03:02, bake out.m, 15, Sample Name:  check heater returned: 323.70. , [2024] Sep 01 17:56:21, 
[2025] Apr 03 20:44:07, [2025] Apr 03 20:48:13, bake out.m, 15, Sample Name:  check heater returned: 317.10. , [2024] Sep 01 17:56:21, 
[2025] Apr 03 21:29:10, [2025] Apr 03 21:33:16, bake out.m, 15, Sample Name:  check heater returned: 324.50. , [2024] Sep 01 17:56:21, 
[2025] Apr 03 22:14:14, [2025] Apr 03 22:18:19, bake out.m, 15, Sample Name:  check heater returned: 324.80. , [2024] Sep 01 17:56:21, 
[2025] Apr 03 22:59:17, [2025] Apr 03 23:03:23, bake out.m, 15, Sample Name:  check heater returned: 325.70. , [2024] Sep 01 17:56:21, 
[2025] Apr 03 23:44:20, [2025] Apr 03 23:48:26, bake out.m, 15, Sample Name:  check heater returned: 323.40. , [2024] Sep 01 17:56:21, 
[2025] Apr 04 00:29:24, [2025] Apr 04 00:33:29, bake out.m, 15, Sample Name:  check heater returned: 314.30. , [2024] Sep 01 17:56:21, 
[2025] Apr 04 01:14:27, [2025] Apr 04 01:18:33, bake out.m, 15, Sample Name:  check heater returned: 324.70. , [2024] Sep 01 17:56:21, 
[2025] Apr 04 01:59:30, [2025] Apr 04 02:03:36, bake out.m, 15, Sample Name:  check heater returned: 325.00. , [2024] Sep 01 17:56:21, 
[2025] Apr 04 02:44:34, [2025] Apr 04 02:48:39, bake out.m, 15, Sample Name:  check heater returned: 325.80. , [2024] Sep 01 17:56:21, 
[2025] Apr 04 03:29:37, [2025] Apr 04 03:33:42, bake out.m, 15, Sample Name:  check heater returned: 323.10. , [2024] Sep 01 17:56:21, 
[2025] Apr 04 04:14:40, [2025] Apr 04 04:18:46, bake out.m, 15, Sample Name:  check heater returned: 314.60. , [2024] Sep 01 17:56:21, 
[2025] Apr 04 04:59:43, [2025] Apr 04 05:03:49, bake out.m, 15, Sample Name:  check heater returned: 325.90. , [2024] Sep 01 17:56:21, 
[2025] Apr 04 05:44:47, [2025] Apr 04 05:48:52, bake out.m, 15, Sample Name:  check heater returned: 325.90. , [2024] Sep 01 17:56:21, 
[2025] Apr 04 06:29:50, [2025] Apr 04 06:33:56, bake out.m, 15, Sample Name:  check heater returned: 325.10. , [2024] Sep 01 17:56:21, 
[2025] Apr 04 07:14:53, [2025] Apr 04 07:18:59, bake out.m, 15, Sample Name:  check heater returned: 324.90. , [2024] Sep 01 17:56:21, 
[2025] Apr 04 07:59:57, [2025] Apr 04 08:04:02, bake out.m, 15, Sample Name:  check heater returned: 313.40. , [2024] Sep 01 17:56:21, 
[2025] Apr 04 08:45:00, [2025] Apr 04 08:49:05, bake out.m, 15, Sample Name:  check heater returned: 323.20. , [2024] Sep 01 17:56:21, 
[2025] Apr 04 09:30:03, [2025] Apr 04 09:34:09, bake out.m, 15, Sample Name:  check heater returned: 314.90. , [2024] Sep 01 17:56:21, 
[2025] Apr 04 10:15:06, [2025] Apr 04 10:19:12, bake out.m, 15, Sample Name:  check heater returned: 323.00. , [2024] Sep 01 17:56:21, 
[2025] Apr 04 11:00:10, [2025] Apr 04 11:04:15, bake out.m, 15, Sample Name:  check heater returned: 315.30. , [2024] Sep 01 17:56:21, 
[2025] Apr 04 11:45:20, [2025] Apr 04 11:49:25, bake out.m, 15, Sample Name:  check heater returned: 316.10. , [2024] Sep 01 17:56:21, 
[2025] Apr 04 12:30:23, [2025] Apr 04 12:34:29, bake out.m, 15, Sample Name:  check heater returned: 323.50. , [2024] Sep 01 17:56:21, 
[2025] Apr 04 13:15:26, [2025] Apr 04 13:19:32, bake out.m, 15, Sample Name:  check heater returned: 321.50. , [2024] Sep 01 17:56:21, 
[2025] Apr 04 14:00:30, [2025] Apr 04 14:04:35, bake out.m, 15, Sample Name:  check heater returned: 320.10. , [2024] Sep 01 17:56:21, 
[2025] Apr 04 14:38:58, [2025] Apr 04 15:05:23, custom.m, 15, flow=100 volume=2000 temp=295 inject=30.  cool down returned: -31.20.  sampling returned: 2001.40.  check heater returned: 282.50. , [2025] Apr 04 14:38:58, 
[2025] Apr 04 15:14:33, [2025] Apr 04 15:44:52, 2000 mL Ref.m, 15, cool down returned: -29.10.  sampling returned: 2002.70.  check heater returned: 297.10. , [2025] Mar 03 18:58:35, 
[2025] Apr 04 16:02:08, [2025] Apr 04 16:03:20, custom.m, 15, flow=100 volume=2000 temp=310 inject=45.  cool down returned: -30.30. , [2025] Apr 04 16:02:08, Failed at [2025] Apr 04 16:03:20 on sampling, line 821: <class 'TypeError'> signal_handler() takes 2 positional arguments but 3 were given.
[2025] Apr 04 16:04:34, [2025] Apr 04 16:30:53, custom.m, 15, cool down returned: -30.50.  sampling returned: 2002.50.  check heater returned: 302.90. , [2025] Apr 04 16:02:08, 
[2025] Apr 04 21:20:14, [2025] Apr 04 21:47:03, 2000 mL Ref.m, 15, cool down returned: -31.40.  sampling returned: 2001.70.  check heater returned: 292.90. , [2025] Mar 03 18:58:35, 
[2025] Apr 04 21:56:07, [2025] Apr 04 22:26:13, custom.m, 15, flow=100 volume=2000 temp=305 inject=40.  cool down returned: -29.10.  sampling returned: 2001.80.  check heater returned: 280.80. , [2025] Apr 04 21:56:07, 
[2025] Apr 04 22:45:00, [2025] Apr 04 23:15:16, 2000 mL Ref.m, 15, Sample Name:  cool down returned: -25.10.  sampling returned: 2002.80.  check heater returned: 285.90. , [2025] Apr 04 22:43:26, 
[2025] Apr 04 23:34:59, [2025] Apr 05 00:01:50, 2000 mL Ref.m, 15, Sample Name:  cool down returned: -30.70.  sampling returned: 2002.40.  check heater returned: 288.00. , [2025] Apr 04 22:43:26, 
[2025] Apr 05 00:24:59, [2025] Apr 05 00:51:50, 2000 mL Ref.m, 15, Sample Name:  cool down returned: -30.90.  sampling returned: 2003.50.  check heater returned: 286.80. , [2025] Apr 04 22:43:26, 
[2025] Apr 05 01:14:58, [2025] Apr 05 01:41:49, 2000 mL Ref.m, 15, Sample Name:  cool down returned: -30.70.  sampling returned: 2002.90.  check heater returned: 289.60. , [2025] Apr 04 22:43:26, 
[2025] Apr 05 02:04:58, [2025] Apr 05 02:31:48, 2000 mL Ref.m, 15, Sample Name:  cool down returned: -30.90.  sampling returned: 2002.00.  check heater returned: 289.80. , [2025] Apr 04 22:43:26, 
[2025] Apr 05 02:54:57, [2025] Apr 05 03:21:53, 2000 mL Ref.m, 15, Sample Name:  cool down returned: -30.70.  sampling returned: 2002.30.  check heater returned: 295.50. , [2025] Apr 04 22:43:26, 
[2025] Apr 05 03:44:57, [2025] Apr 05 04:11:48, 2000 mL Ref.m, 15, Sample Name:  cool down returned: -30.80.  sampling returned: 2002.50.  check heater returned: 287.40. , [2025] Apr 04 22:43:26, 
[2025] Apr 05 04:34:58, [2025] Apr 05 05:01:48, 2000 mL Ref.m, 15, Sample Name:  cool down returned: -31.00.  sampling returned: 2002.10.  check heater returned: 288.10. , [2025] Apr 04 22:43:26, 
[2025] Apr 05 05:24:58, [2025] Apr 05 05:51:48, 2000 mL Ref.m, 15, Sample Name:  cool down returned: -31.10.  sampling returned: 2002.40.  check heater returned: 289.00. , [2025] Apr 04 22:43:26, 
[2025] Apr 05 06:14:57, [2025] Apr 05 06:41:48, 2000 mL Ref.m, 15, Sample Name:  cool down returned: -30.90.  sampling returned: 2002.40.  check heater returned: 287.80. , [2025] Apr 04 22:43:26, 
[2025] Apr 05 07:04:57, [2025] Apr 05 07:31:48, 2000 mL Ref.m, 15, Sample Name:  cool down returned: -30.40.  sampling returned: 2003.10.  check heater returned: 285.70. , [2025] Apr 04 22:43:26, 
[2025] Apr 05 07:54:57, [2025] Apr 05 08:21:48, 2000 mL Ref.m, 15, Sample Name:  cool down returned: -30.50.  sampling returned: 2002.50.  check heater returned: 287.30. , [2025] Apr 04 22:43:26, 
[2025] Apr 05 08:44:57, [2025] Apr 05 09:11:48, 2000 mL Ref.m, 15, Sample Name:  cool down returned: -30.70.  sampling returned: 2002.90.  check heater returned: 287.40. , [2025] Apr 04 22:43:26, 
[2025] Apr 05 09:34:57, [2025] Apr 05 10:01:48, 2000 mL Ref.m, 15, Sample Name:  cool down returned: -30.60.  sampling returned: 2003.00.  check heater returned: 286.40. , [2025] Apr 04 22:43:26, 
[2025] Apr 05 10:24:56, [2025] Apr 05 10:51:47, 2000 mL Ref.m, 15, Sample Name:  cool down returned: -30.70.  sampling returned: 2002.90.  check heater returned: 287.60. , [2025] Apr 04 22:43:26, 
[2025] Apr 05 11:14:56, [2025] Apr 05 11:41:47, 2000 mL Ref.m, 15, Sample Name:  cool down returned: -30.50.  sampling returned: 2002.50.  check heater returned: 288.40. , [2025] Apr 04 22:43:26, 
[2025] Apr 05 12:04:56, [2025] Apr 05 12:31:46, 2000 mL Ref.m, 15, Sample Name:  cool down returned: -30.60.  sampling returned: 2002.20.  check heater returned: 287.60. , [2025] Apr 04 22:43:26, 
[2025] Apr 05 12:54:55, [2025] Apr 05 13:21:45, 2000 mL Ref.m, 15, Sample Name:  cool down returned: -30.60.  sampling returned: 2001.90.  check heater returned: 285.80. , [2025] Apr 04 22:43:26, 
[2025] Apr 05 13:44:55, [2025] Apr 05 14:11:46, 2000 mL Ref.m, 15, Sample Name:  cool down returned: -30.30.  sampling returned: 2003.10.  check heater returned: 289.50. , [2025] Apr 04 22:43:26, 
[2025] Apr 05 14:34:55, [2025] Apr 05 15:01:46, 2000 mL Ref.m, 15, Sample Name:  cool down returned: -30.10.  sampling returned: 2002.20.  check heater returned: 287.70. , [2025] Apr 04 22:43:26, 
[2025] Apr 05 15:24:55, [2025] Apr 05 15:29:04, 2000 mL Ref.m, 15, Sample Name:  cool down returned: -30.00. , [2025] Apr 04 22:43:26, Failed at [2025] Apr 05 15:29:04 on sampling, line 821: <class 'TimeoutError'> Device timed out.
[2025] Apr 05 15:39:25, [2025] Apr 05 15:43:29, bake out.m, 15, check heater returned: 331.70. , [2024] Sep 01 17:56:21, 
[2025] Apr 05 15:51:53, [2025] Apr 05 16:18:11, custom.m, 15, flow=100 volume=2000 temp=300 inject=40.  cool down returned: -27.20.  sampling returned: 2002.80.  check heater returned: 285.70. , [2025] Apr 05 15:51:53, 
[2025] Apr 05 16:43:32, [2025] Apr 05 17:10:13, 2000 mL Ref.m, 2, Sample Name: Archive cool down returned: -29.60.  sampling returned: 1905.90.  check heater returned: 286.80. , [2025] Apr 04 22:43:26, 
[2025] Apr 05 17:23:33, [2025] Apr 05 17:24:58, change over.m, 4, , [2024] Feb 22 14:51:17, 
[2025] Apr 05 17:23:32, [2025] Apr 05 17:51:59, 2000 mL Ref.m, 4, Sample Name: Archive cool down returned: -28.90.  sampling returned: 1616.80.  check heater returned: 287.70. , [2025] Apr 04 22:43:26, 
[2025] Apr 05 18:03:33, [2025] Apr 05 18:05:00, change over.m, 6, , [2024] Feb 22 14:51:17, 
[2025] Apr 05 18:03:32, [2025] Apr 05 18:31:40, 2000 mL Ref.m, 6, Sample Name: Archive cool down returned: -28.00.  sampling returned: 2002.90.  check heater returned: 289.20. , [2025] Apr 04 22:43:26, 
[2025] Apr 05 18:43:33, [2025] Apr 05 18:45:00, change over.m, 8, , [2024] Feb 22 14:51:17, 
[2025] Apr 05 18:43:31, [2025] Apr 05 19:11:38, 2000 mL Ref.m, 8, Sample Name: Archive cool down returned: -28.60.  sampling returned: 2002.40.  check heater returned: 287.90. , [2025] Apr 04 22:43:26, 
[2025] Apr 05 19:23:33, [2025] Apr 05 19:24:56, change over.m, 10, , [2024] Feb 22 14:51:17, 
[2025] Apr 05 19:23:31, [2025] Apr 05 19:51:34, 2000 mL Ref.m, 10, Sample Name: Archive cool down returned: -28.10.  sampling returned: 2003.00.  check heater returned: 286.60. , [2025] Apr 04 22:43:26, 
[2025] Apr 05 20:03:33, [2025] Apr 05 20:04:59, change over.m, 12, , [2024] Feb 22 14:51:17, 
[2025] Apr 05 20:03:31, [2025] Apr 05 20:31:35, 2000 mL Ref.m, 12, Sample Name: Archive cool down returned: -28.40.  sampling returned: 2002.30.  check heater returned: 286.70. , [2025] Apr 04 22:43:26, 
[2025] Apr 05 20:43:32, [2025] Apr 05 20:44:58, change over.m, 15, , [2024] Feb 22 14:51:17, 
[2025] Apr 05 20:43:30, [2025] Apr 05 21:11:32, 2000 mL Ref.m, 15, Sample Name: breathing air cool down returned: -29.40.  sampling returned: 2002.50.  check heater returned: 287.00. , [2025] Apr 04 22:43:26, 
[2025] Apr 05 21:23:30, [2025] Apr 05 21:50:42, 2000 mL Ref.m, 15, Sample Name: breathing air cool down returned: -28.80.  sampling returned: 2003.40.  check heater returned: 285.40. , [2025] Apr 04 22:43:26, 
[2025] Apr 05 22:32:29, [2025] Apr 05 22:59:19, 2000 mL Ref.m, 2, Sample Name: Archive cool down returned: -29.00.  sampling returned: 1981.00.  check heater returned: 288.30. , [2025] Apr 04 22:43:26, 
[2025] Apr 05 23:17:30, [2025] Apr 05 23:18:52, change over.m, 4, , [2024] Feb 22 14:51:17, 
[2025] Apr 05 23:17:28, [2025] Apr 05 23:45:34, 2000 mL Ref.m, 4, Sample Name: Archive cool down returned: -29.10.  sampling returned: 2002.10.  check heater returned: 287.50. , [2025] Apr 04 22:43:26, 
[2025] Apr 06 00:02:30, [2025] Apr 06 00:03:53, change over.m, 6, , [2024] Feb 22 14:51:17, 
[2025] Apr 06 00:02:28, [2025] Apr 06 00:30:34, 2000 mL Ref.m, 6, Sample Name: Archive cool down returned: -28.80.  sampling returned: 2001.50.  check heater returned: 288.00. , [2025] Apr 04 22:43:26, 
[2025] Apr 06 00:47:29, [2025] Apr 06 00:48:52, change over.m, 8, , [2024] Feb 22 14:51:17, 
[2025] Apr 06 00:47:28, [2025] Apr 06 01:15:34, 2000 mL Ref.m, 8, Sample Name: Archive cool down returned: -29.10.  sampling returned: 2002.70.  check heater returned: 288.10. , [2025] Apr 04 22:43:26, 
[2025] Apr 06 01:32:29, [2025] Apr 06 01:33:52, change over.m, 10, , [2024] Feb 22 14:51:17, 
[2025] Apr 06 01:32:27, [2025] Apr 06 02:00:35, 2000 mL Ref.m, 10, Sample Name: Archive cool down returned: -29.20.  sampling returned: 2002.30.  check heater returned: 287.50. , [2025] Apr 04 22:43:26, 
[2025] Apr 06 02:17:28, [2025] Apr 06 02:18:56, change over.m, 12, , [2024] Feb 22 14:51:17, 
[2025] Apr 06 02:17:27, [2025] Apr 06 02:45:39, 2000 mL Ref.m, 12, Sample Name: Archive cool down returned: -28.60.  sampling returned: 2002.60.  check heater returned: 287.70. , [2025] Apr 04 22:43:26, 
[2025] Apr 06 03:02:29, [2025] Apr 06 03:03:54, change over.m, 15, , [2024] Feb 22 14:51:17, 
[2025] Apr 06 03:02:27, [2025] Apr 06 03:30:37, 2000 mL Ref.m, 15, Sample Name: breathing air cool down returned: -28.90.  sampling returned: 2003.20.  check heater returned: 286.20. , [2025] Apr 04 22:43:26, 
[2025] Apr 06 03:47:27, [2025] Apr 06 04:14:17, 2000 mL Ref.m, 15, Sample Name: breathing air cool down returned: -29.20.  sampling returned: 2002.90.  check heater returned: 286.60. , [2025] Apr 04 22:43:26, 
[2025] Apr 06 04:32:26, [2025] Apr 06 04:59:17, 2000 mL Ref.m, 15, Sample Name: breathing air cool down returned: -29.10.  sampling returned: 2002.30.  check heater returned: 286.30. , [2025] Apr 04 22:43:26, 
[2025] Apr 06 05:17:26, [2025] Apr 06 05:44:22, 2000 mL Ref.m, 15, Sample Name: breathing air cool down returned: -29.30.  sampling returned: 2002.70.  check heater returned: 288.80. , [2025] Apr 04 22:43:26, 
[2025] Apr 06 06:02:25, [2025] Apr 06 06:26:44, 2000 mL Ref.m, 15, Sample Name: breathing air cool down returned: -29.40.  sampling returned: 2002.20. , [2025] Apr 04 22:43:26, Failed at [2025] Apr 06 06:26:44 on check heater, line 821: <class 'SystemError'> ads failed to reach 285 in time. Last measured: 284.90.
[2025] Apr 06 11:24:07, [2025] Apr 06 11:28:10, bake out.m, 15, check heater returned: 297.40. , [2024] Sep 01 17:56:21, 
[2025] Apr 06 11:32:18, [2025] Apr 06 12:02:10, 2000 mL Ref.m, 15, cool down returned: -25.10.  sampling returned: 2001.90.  check heater returned: 284.30. , [2025] Apr 04 22:43:26, 
[2025] Apr 06 12:27:08, [2025] Apr 06 12:53:57, 2000 mL Ref.m, 15, cool down returned: -29.40.  sampling returned: 2001.90.  check heater returned: 285.10. , [2025] Apr 04 22:43:26, 
[2025] Apr 06 13:23:05, [2025] Apr 06 13:49:55, 2000 mL Ref.m, 2, Sample Name: Archive cool down returned: -32.80.  sampling returned: 2002.60.  check heater returned: 287.70. , [2025] Apr 04 22:43:26, 
[2025] Apr 06 14:08:06, [2025] Apr 06 14:09:30, change over.m, 4, , [2024] Feb 22 14:51:17, 
[2025] Apr 06 14:08:04, [2025] Apr 06 14:36:13, 2000 mL Ref.m, 4, Sample Name: Archive cool down returned: -29.70.  sampling returned: 2001.20.  check heater returned: 289.30. , [2025] Apr 04 22:43:26, 
[2025] Apr 06 14:53:06, [2025] Apr 06 14:54:29, change over.m, 6, , [2024] Feb 22 14:51:17, 
[2025] Apr 06 14:53:04, [2025] Apr 06 15:21:11, 2000 mL Ref.m, 6, Sample Name: Archive cool down returned: -29.60.  sampling returned: 2001.10.  check heater returned: 285.60. , [2025] Apr 04 22:43:26, 
[2025] Apr 06 15:38:05, [2025] Apr 06 15:39:28, change over.m, 8, , [2024] Feb 22 14:51:17, 
[2025] Apr 06 15:38:03, [2025] Apr 06 16:06:10, 2000 mL Ref.m, 8, Sample Name: Archive cool down returned: -29.40.  sampling returned: 2001.70.  check heater returned: 286.20. , [2025] Apr 04 22:43:26, 
[2025] Apr 06 16:23:05, [2025] Apr 06 16:24:28, change over.m, 10, , [2024] Feb 22 14:51:17, 
[2025] Apr 06 16:23:03, [2025] Apr 06 16:51:11, 2000 mL Ref.m, 10, Sample Name: Archive cool down returned: -29.50.  sampling returned: 2002.60.  check heater returned: 289.10. , [2025] Apr 04 22:43:26, 
[2025] Apr 06 17:08:05, [2025] Apr 06 17:09:30, change over.m, 12, , [2024] Feb 22 14:51:17, 
[2025] Apr 06 17:08:03, [2025] Apr 06 17:36:14, 2000 mL Ref.m, 12, Sample Name: Archive cool down returned: -29.70.  sampling returned: 2002.30.  check heater returned: 286.00. , [2025] Apr 04 22:43:26, 
[2025] Apr 06 17:53:05, [2025] Apr 06 17:54:29, change over.m, 15, , [2024] Feb 22 14:51:17, 
[2025] Apr 06 17:53:03, [2025] Apr 06 18:18:41, 2000 mL Ref.m, 15, Sample Name: breathing air cool down returned: -29.00.  sampling returned: 2003.00. , [2025] Apr 04 22:43:26, Failed at [2025] Apr 06 18:18:41 on check heater, line 821: <class 'SystemError'> ads failed to reach 285 in time. Last measured: 282.40.
[2025] Apr 06 18:24:36, [2025] Apr 06 18:28:28, bake out.m, 15, check heater returned: 287.10. , [2024] Sep 01 17:56:21, 
[2025] Apr 06 18:40:28, [2025] Apr 06 19:07:16, 2000 mL Ref.m, 15, cool down returned: -28.60.  sampling returned: 2002.30.  check heater returned: 276.20. , [2025] Apr 06 18:35:06, 
[2025] Apr 06 19:21:58, [2025] Apr 06 19:48:46, 2000 mL Ref.m, 2, Sample Name: Archive cool down returned: -28.20.  sampling returned: 2002.00.  check heater returned: 280.90. , [2025] Apr 06 18:35:06, 
[2025] Apr 06 20:06:59, [2025] Apr 06 20:08:23, change over.m, 4, , [2024] Feb 22 14:51:17, 
[2025] Apr 06 20:06:57, [2025] Apr 06 20:35:03, 2000 mL Ref.m, 4, Sample Name: Archive cool down returned: -29.50.  sampling returned: 2001.90.  check heater returned: 285.00. , [2025] Apr 06 18:35:06, 
[2025] Apr 06 20:51:58, [2025] Apr 06 20:53:22, change over.m, 6, , [2024] Feb 22 14:51:17, 
[2025] Apr 06 20:51:57, [2025] Apr 06 21:20:02, 2000 mL Ref.m, 6, Sample Name: Archive cool down returned: -29.30.  sampling returned: 2001.10.  check heater returned: 286.10. , [2025] Apr 06 18:35:06, 
[2025] Apr 06 21:36:58, [2025] Apr 06 21:38:22, change over.m, 8, , [2024] Feb 22 14:51:17, 
[2025] Apr 06 21:36:56, [2025] Apr 06 22:05:03, 2000 mL Ref.m, 8, Sample Name: Archive cool down returned: -29.30.  sampling returned: 2002.40.  check heater returned: 288.70. , [2025] Apr 06 18:35:06, 
[2025] Apr 06 22:21:58, [2025] Apr 06 22:23:20, change over.m, 10, , [2024] Feb 22 14:51:17, 
[2025] Apr 06 22:21:56, [2025] Apr 06 22:50:02, 2000 mL Ref.m, 10, Sample Name: Archive cool down returned: -29.20.  sampling returned: 2002.80.  check heater returned: 288.70. , [2025] Apr 06 18:35:06, 
[2025] Apr 06 23:06:57, [2025] Apr 06 23:08:23, change over.m, 12, , [2024] Feb 22 14:51:17, 
[2025] Apr 06 23:06:55, [2025] Apr 06 23:35:05, 2000 mL Ref.m, 12, Sample Name: Archive cool down returned: -29.30.  sampling returned: 2001.90.  check heater returned: 288.10. , [2025] Apr 06 18:35:06, 
[2025] Apr 06 23:51:57, [2025] Apr 06 23:53:19, change over.m, 15, , [2024] Feb 22 14:51:17, 
[2025] Apr 06 23:51:55, [2025] Apr 07 00:20:00, 2000 mL Ref.m, 15, Sample Name: breathing air cool down returned: -28.70.  sampling returned: 2001.80.  check heater returned: 285.30. , [2025] Apr 06 18:35:06, 
[2025] Apr 07 00:36:55, [2025] Apr 07 00:37:03, 2000 mL Ref.m, 15, Sample Name: breathing air cool down returned: -29.30. , [2025] Apr 06 18:35:06, Failed at [2025] Apr 07 00:37:03 on flush, line 821: <class 'TypeError'> signal_handler() takes 2 positional arguments but 3 were given.
[2025] Apr 07 00:48:54, [2025] Apr 07 01:15:46, 2000 mL Ref.m, 2, Sample Name: Archive cool down returned: -33.40.  sampling returned: 1950.80.  check heater returned: 284.90. , [2025] Apr 06 18:35:06, 
[2025] Apr 07 01:33:56, [2025] Apr 07 01:35:19, change over.m, 4, , [2024] Feb 22 14:51:17, 
[2025] Apr 07 01:33:54, [2025] Apr 07 02:01:59, 2000 mL Ref.m, 4, Sample Name: Archive cool down returned: -28.80.  sampling returned: 2000.40.  check heater returned: 283.10. , [2025] Apr 06 18:35:06, 
[2025] Apr 07 02:18:55, [2025] Apr 07 02:20:21, change over.m, 6, , [2024] Feb 22 14:51:17, 
[2025] Apr 07 02:18:53, [2025] Apr 07 02:47:04, 2000 mL Ref.m, 6, Sample Name: Archive cool down returned: -29.00.  sampling returned: 2002.90.  check heater returned: 286.20. , [2025] Apr 06 18:35:06, 
[2025] Apr 07 03:03:54, [2025] Apr 07 03:05:18, change over.m, 8, , [2024] Feb 22 14:51:17, 
[2025] Apr 07 03:03:53, [2025] Apr 07 03:32:00, 2000 mL Ref.m, 8, Sample Name: Archive cool down returned: -28.60.  sampling returned: 2002.20.  check heater returned: 286.80. , [2025] Apr 06 18:35:06, 
[2025] Apr 07 03:48:53, [2025] Apr 07 03:50:16, change over.m, 10, , [2024] Feb 22 14:51:17, 
[2025] Apr 07 03:48:52, [2025] Apr 07 04:16:59, 2000 mL Ref.m, 10, Sample Name: Archive cool down returned: -28.70.  sampling returned: 2002.50.  check heater returned: 286.70. , [2025] Apr 06 18:35:06, 
[2025] Apr 07 04:33:53, [2025] Apr 07 04:35:19, change over.m, 12, , [2024] Feb 22 14:51:17, 
[2025] Apr 07 04:33:51, [2025] Apr 07 05:02:07, 2000 mL Ref.m, 12, Sample Name: Archive cool down returned: -28.60.  sampling returned: 2001.80.  check heater returned: 282.80. , [2025] Apr 06 18:35:06, 
[2025] Apr 07 05:18:53, [2025] Apr 07 05:20:15, change over.m, 15, , [2024] Feb 22 14:51:17, 
[2025] Apr 07 05:18:51, [2025] Apr 07 05:46:58, 2000 mL Ref.m, 15, Sample Name: breathing air cool down returned: -28.40.  sampling returned: 2003.30.  check heater returned: 279.20. , [2025] Apr 06 18:35:06, 
[2025] Apr 07 06:03:50, [2025] Apr 07 06:30:40, 2000 mL Ref.m, 15, Sample Name: breathing air cool down returned: -27.90.  sampling returned: 2002.30.  check heater returned: 285.50. , [2025] Apr 06 18:35:06, 
[2025] Apr 07 06:48:50, [2025] Apr 07 07:15:41, 2000 mL Ref.m, 15, Sample Name: breathing air cool down returned: -28.10.  sampling returned: 2003.00.  check heater returned: 285.20. , [2025] Apr 06 18:35:06, 
[2025] Apr 07 07:33:50, [2025] Apr 07 08:00:41, 2000 mL Ref.m, 15, Sample Name: breathing air cool down returned: -27.80.  sampling returned: 2002.80.  check heater returned: 288.00. , [2025] Apr 06 18:35:06, 
[2025] Apr 07 08:18:50, [2025] Apr 07 08:45:41, 2000 mL Ref.m, 15, Sample Name: breathing air cool down returned: -27.10.  sampling returned: 2003.00.  check heater returned: 287.70. , [2025] Apr 06 18:35:06, 
[2025] Apr 07 09:03:50, [2025] Apr 07 09:30:38, 2000 mL Ref.m, 15, Sample Name: breathing air cool down returned: -27.20.  sampling returned: 2001.50.  check heater returned: 290.00. , [2025] Apr 06 18:35:06, 
[2025] Apr 07 09:48:50, [2025] Apr 07 10:15:37, 2000 mL Ref.m, 15, Sample Name: breathing air cool down returned: -26.90.  sampling returned: 2002.00.  check heater returned: 284.20. , [2025] Apr 06 18:35:06, 
[2025] Apr 07 10:33:49, [2025] Apr 07 11:00:37, 2000 mL Ref.m, 15, Sample Name: breathing air cool down returned: -26.80.  sampling returned: 2003.00.  check heater returned: 287.60. , [2025] Apr 06 18:35:06, 
[2025] Apr 07 11:18:49, [2025] Apr 07 11:45:35, 2000 mL Ref.m, 15, Sample Name: breathing air cool down returned: -27.60.  sampling returned: 2003.30.  check heater returned: 285.40. , [2025] Apr 06 18:35:06, 
[2025] Apr 07 12:03:48, [2025] Apr 07 12:30:35, 2000 mL Ref.m, 15, Sample Name: breathing air cool down returned: -26.90.  sampling returned: 2002.10.  check heater returned: 287.70. , [2025] Apr 06 18:35:06, 
[2025] Apr 07 12:48:48, [2025] Apr 07 13:15:33, 2000 mL Ref.m, 15, Sample Name: breathing air cool down returned: -26.70.  sampling returned: 2002.20.  check heater returned: 287.80. , [2025] Apr 06 18:35:06, 
[2025] Apr 07 13:33:48, [2025] Apr 07 13:39:47, 2000 mL Ref.m, 15, Sample Name: breathing air cool down returned: -25.80. , [2025] Apr 06 18:35:06, Failed at [2025] Apr 07 13:39:47 on sampling, line 821: <class 'TypeError'> signal_handler() takes 2 positional arguments but 3 were given.
[2025] Apr 07 13:40:21, [2025] Apr 07 13:44:19, bake out.m, 15, check heater returned: 296.80. , [2024] Sep 01 17:56:21, 
[2025] Apr 07 14:06:55, [2025] Apr 07 14:33:46, 2000 mL Ref.m, 2, Sample Name: Archive cool down returned: -26.50.  sampling returned: 1999.90.  check heater returned: 284.50. , [2025] Apr 06 18:35:06, 
[2025] Apr 07 14:51:56, [2025] Apr 07 14:53:19, change over.m, 4, , [2024] Feb 22 14:51:17, 
[2025] Apr 07 14:51:55, [2025] Apr 07 15:20:00, 2000 mL Ref.m, 4, Sample Name: Archive cool down returned: -26.30.  sampling returned: 2001.60.  check heater returned: 287.20. , [2025] Apr 06 18:35:06, 
[2025] Apr 07 15:36:56, [2025] Apr 07 15:38:19, change over.m, 6, , [2024] Feb 22 14:51:17, 
[2025] Apr 07 15:36:54, [2025] Apr 07 16:04:54, 2000 mL Ref.m, 6, Sample Name: Archive cool down returned: -27.00.  sampling returned: 2001.50.  check heater returned: 289.10. , [2025] Apr 06 18:35:06, 
[2025] Apr 07 16:21:55, [2025] Apr 07 16:23:18, change over.m, 8, , [2024] Feb 22 14:51:17, 
[2025] Apr 07 16:21:53, [2025] Apr 07 16:49:51, 2000 mL Ref.m, 8, Sample Name: Archive cool down returned: -26.60.  sampling returned: 2001.80.  check heater returned: 290.20. , [2025] Apr 06 18:35:06, 
[2025] Apr 07 17:06:54, [2025] Apr 07 17:08:19, change over.m, 10, , [2024] Feb 22 14:51:17, 
[2025] Apr 07 17:06:52, [2025] Apr 07 17:34:55, 2000 mL Ref.m, 10, Sample Name: Archive cool down returned: -27.00.  sampling returned: 2002.00.  check heater returned: 279.40. , [2025] Apr 06 18:35:06, 
[2025] Apr 07 17:51:54, [2025] Apr 07 17:53:20, change over.m, 12, , [2024] Feb 22 14:51:17, 
[2025] Apr 07 17:51:52, [2025] Apr 07 18:20:00, 2000 mL Ref.m, 12, Sample Name: Archive cool down returned: -27.80.  sampling returned: 2002.40.  check heater returned: 275.80. , [2025] Apr 06 18:35:06, 
[2025] Apr 07 18:36:54, [2025] Apr 07 18:38:15, change over.m, 15, , [2024] Feb 22 14:51:17, 
[2025] Apr 07 18:36:52, [2025] Apr 07 19:04:51, 2000 mL Ref.m, 15, Sample Name: breathing air cool down returned: -27.90.  sampling returned: 2002.40.  check heater returned: 278.10. , [2025] Apr 06 18:35:06, 
[2025] Apr 07 19:21:51, [2025] Apr 07 19:25:50, 2000 mL Ref.m, 15, Sample Name: breathing air cool down returned: -28.60. , [2025] Apr 06 18:35:06, Failed at [2025] Apr 07 19:25:50 on sampling, line 821: <class 'TypeError'> signal_handler() takes 2 positional arguments but 3 were given.
[2025] Apr 07 19:26:20, [2025] Apr 07 19:30:12, bake out.m, 15, check heater returned: 283.20. , [2024] Sep 01 17:56:21, 
[2025] Apr 07 20:27:29, [2025] Apr 07 20:54:13, 2000 mL Ref.m, 2, Sample Name: Archive cool down returned: -28.20.  sampling returned: 2001.40.  check heater returned: 279.10. , [2025] Apr 06 18:35:06, 
[2025] Apr 07 21:12:31, [2025] Apr 07 21:13:53, change over.m, 4, , [2024] Feb 22 14:51:17, 
[2025] Apr 07 21:12:29, [2025] Apr 07 21:40:31, 2000 mL Ref.m, 4, Sample Name: Archive cool down returned: -26.30.  sampling returned: 2003.30.  check heater returned: 280.50. , [2025] Apr 06 18:35:06, 
[2025] Apr 07 21:57:30, [2025] Apr 07 21:58:54, change over.m, 6, , [2024] Feb 22 14:51:17, 
[2025] Apr 07 21:57:28, [2025] Apr 07 22:25:29, 2000 mL Ref.m, 6, Sample Name: Archive cool down returned: -28.30.  sampling returned: 2001.50.  check heater returned: 281.10. , [2025] Apr 06 18:35:06, 
[2025] Apr 07 22:42:30, [2025] Apr 07 22:43:53, change over.m, 8, , [2024] Feb 22 14:51:17, 
[2025] Apr 07 22:42:28, [2025] Apr 07 23:10:29, 2000 mL Ref.m, 8, Sample Name: Archive cool down returned: -28.00.  sampling returned: 2002.80.  check heater returned: 284.20. , [2025] Apr 06 18:35:06, 
[2025] Apr 07 23:27:29, [2025] Apr 07 23:28:55, change over.m, 10, , [2024] Feb 22 14:51:17, 
[2025] Apr 07 23:27:28, [2025] Apr 07 23:55:31, 2000 mL Ref.m, 10, Sample Name: Archive cool down returned: -27.90.  sampling returned: 2002.80.  check heater returned: 285.30. , [2025] Apr 06 18:35:06, 
[2025] Apr 08 00:12:29, [2025] Apr 08 00:13:55, change over.m, 12, , [2024] Feb 22 14:51:17, 
[2025] Apr 08 00:12:27, [2025] Apr 08 00:40:32, 2000 mL Ref.m, 12, Sample Name: Archive cool down returned: -26.90.  sampling returned: 2001.90.  check heater returned: 286.10. , [2025] Apr 06 18:35:06, 
[2025] Apr 08 00:57:29, [2025] Apr 08 00:58:53, change over.m, 15, , [2024] Feb 22 14:51:17, 
[2025] Apr 08 00:57:27, [2025] Apr 08 01:25:30, 2000 mL Ref.m, 15, Sample Name: breathing air cool down returned: -27.00.  sampling returned: 2003.10.  check heater returned: 285.30. , [2025] Apr 06 18:35:06, 
[2025] Apr 08 02:04:16, [2025] Apr 08 02:31:07, 2000 mL Ref.m, 2, Sample Name: Archive cool down returned: -27.40.  sampling returned: 1902.50.  check heater returned: 285.10. , [2025] Apr 06 18:35:06, 
[2025] Apr 08 02:49:17, [2025] Apr 08 02:50:40, change over.m, 4, , [2024] Feb 22 14:51:17, 
[2025] Apr 08 02:49:15, [2025] Apr 08 03:17:22, 2000 mL Ref.m, 4, Sample Name: Archive cool down returned: -26.40.  sampling returned: 2002.70.  check heater returned: 285.60. , [2025] Apr 06 18:35:06, 
[2025] Apr 08 03:34:17, [2025] Apr 08 03:35:40, change over.m, 6, , [2024] Feb 22 14:51:17, 
[2025] Apr 08 03:34:15, [2025] Apr 08 03:36:24, 2000 mL Ref.m, 6, Sample Name: Archive cool down returned: -26.50. , [2025] Apr 06 18:35:06, Failed at [2025] Apr 08 03:36:24 on sampling, line 821: <class 'TimeoutError'> Device timed out.
[2025] Apr 08 13:51:48, [2025] Apr 08 13:55:52, bake out.m, 6, check heater returned: 310.90. , [2024] Sep 01 17:56:21, 
[2025] Apr 08 15:06:41, [2025] Apr 08 15:08:08, change over.m, 15, , [2024] Feb 22 14:51:17, 
[2025] Apr 08 15:06:38, [2025] Apr 08 15:32:15, 2000 mL Ref.m, 15, cool down returned: -28.60.  sampling returned: 2002.80. , [2025] Apr 06 18:35:06, Failed at [2025] Apr 08 15:32:15 on check heater, line 821: <class 'SystemError'> ads failed to reach 275 in time. Last measured: -25.00.
[2025] Apr 08 15:49:45, [2025] Apr 08 15:53:48, bake out.m, 15, check heater returned: 294.00. , [2024] Sep 01 17:56:21, 
[2025] Apr 08 15:53:58, [2025] Apr 08 16:29:37, 2000 mL Ref.m, 15, cool down returned: -25.10.  sampling returned: 2002.60.  check heater returned: 275.30. , [2025] Apr 06 18:35:06, 
[2025] Apr 08 16:42:16, [2025] Apr 08 17:09:10, 2000 mL Ref.m, 15, cool down returned: -27.60.  sampling returned: 2002.60.  check heater returned: 275.10. , [2025] Apr 06 18:35:06, 
[2025] Apr 08 17:28:52, [2025] Apr 08 17:55:41, 2000 mL Ref.m, 15, cool down returned: -28.40.  sampling returned: 2002.60.  check heater returned: 275.30. , [2025] Apr 06 18:35:06, 
[2025] Apr 08 18:07:29, [2025] Apr 08 18:34:18, 2000 mL Ref.m, 15, cool down returned: -26.30.  sampling returned: 2003.30.  check heater returned: 300.20. , [2025] Apr 06 18:35:06, 
[2025] Apr 08 19:19:39, [2025] Apr 08 19:46:28, 2000 mL Ref.m, 15, cool down returned: -29.60.  sampling returned: 2001.60.  check heater returned: 309.40. , [2025] Apr 06 18:35:06, 
[2025] Apr 08 19:56:01, [2025] Apr 08 20:22:48, 2000 mL Ref.m, 15, cool down returned: -26.50.  sampling returned: 2001.80.  check heater returned: 304.70. , [2025] Apr 06 18:35:06, 
[2025] Apr 08 20:39:14, [2025] Apr 08 21:06:20, 2000 mL Ref.m, 2, Sample Name: Archive cool down returned: -26.70.  sampling returned: 1867.70.  check heater returned: 309.90. , [2025] Apr 06 18:35:06, 
[2025] Apr 08 21:24:15, [2025] Apr 08 21:25:39, change over.m, 4, , [2024] Feb 22 14:51:17, 
[2025] Apr 08 21:24:14, [2025] Apr 08 21:52:20, 2000 mL Ref.m, 4, Sample Name: Archive cool down returned: -27.40.  sampling returned: 2001.80.  check heater returned: 306.70. , [2025] Apr 06 18:35:06, 
[2025] Apr 08 22:09:15, [2025] Apr 08 22:10:39, change over.m, 6, , [2024] Feb 22 14:51:17, 
[2025] Apr 08 22:09:13, [2025] Apr 08 22:37:20, 2000 mL Ref.m, 6, Sample Name: Archive cool down returned: -27.40.  sampling returned: 2001.70.  check heater returned: 308.70. , [2025] Apr 06 18:35:06, 
[2025] Apr 08 22:54:15, [2025] Apr 08 22:55:39, change over.m, 8, , [2024] Feb 22 14:51:17, 
[2025] Apr 08 22:54:14, [2025] Apr 08 23:22:20, 2000 mL Ref.m, 8, Sample Name: Archive cool down returned: -27.60.  sampling returned: 2001.60.  check heater returned: 304.30. , [2025] Apr 06 18:35:06, 
[2025] Apr 08 23:39:15, [2025] Apr 08 23:40:38, change over.m, 10, , [2024] Feb 22 14:51:17, 
[2025] Apr 08 23:39:13, [2025] Apr 09 00:07:20, 2000 mL Ref.m, 10, Sample Name: Archive cool down returned: -27.00.  sampling returned: 2002.20.  check heater returned: 298.70. , [2025] Apr 06 18:35:06, 
[2025] Apr 09 00:24:15, [2025] Apr 09 00:25:42, change over.m, 12, , [2024] Feb 22 14:51:17, 
[2025] Apr 09 00:24:13, [2025] Apr 09 00:52:24, 2000 mL Ref.m, 12, Sample Name: Archive cool down returned: -28.10.  sampling returned: 2001.70.  check heater returned: 301.70. , [2025] Apr 06 18:35:06, 
[2025] Apr 09 01:09:14, [2025] Apr 09 01:10:39, change over.m, 15, , [2024] Feb 22 14:51:17, 
[2025] Apr 09 01:09:12, [2025] Apr 09 01:37:21, 2000 mL Ref.m, 15, Sample Name: breathing air cool down returned: -26.80.  sampling returned: 2002.30.  check heater returned: 301.70. , [2025] Apr 06 18:35:06, 
[2025] Apr 09 01:54:12, [2025] Apr 09 02:21:02, 2000 mL Ref.m, 15, Sample Name: breathing air cool down returned: -27.00.  sampling returned: 2002.20.  check heater returned: 296.40. , [2025] Apr 06 18:35:06, 
[2025] Apr 09 02:39:12, [2025] Apr 09 03:06:02, 2000 mL Ref.m, 15, Sample Name: breathing air cool down returned: -28.40.  sampling returned: 2001.90.  check heater returned: 303.00. , [2025] Apr 06 18:35:06, 
[2025] Apr 09 03:24:12, [2025] Apr 09 03:51:01, 2000 mL Ref.m, 15, Sample Name: breathing air cool down returned: -27.40.  sampling returned: 2001.70.  check heater returned: 302.40. , [2025] Apr 06 18:35:06, 
[2025] Apr 09 04:09:12, [2025] Apr 09 04:36:01, 2000 mL Ref.m, 15, Sample Name: breathing air cool down returned: -27.80.  sampling returned: 2001.80.  check heater returned: 307.30. , [2025] Apr 06 18:35:06, 
[2025] Apr 09 04:54:12, [2025] Apr 09 05:21:02, 2000 mL Ref.m, 15, Sample Name: breathing air cool down returned: -28.50.  sampling returned: 2002.30.  check heater returned: 305.00. , [2025] Apr 06 18:35:06, 
[2025] Apr 09 05:39:11, [2025] Apr 09 06:06:00, 2000 mL Ref.m, 15, Sample Name: breathing air cool down returned: -27.60.  sampling returned: 2002.40.  check heater returned: 306.70. , [2025] Apr 06 18:35:06, 
[2025] Apr 09 06:24:11, [2025] Apr 09 06:51:00, 2000 mL Ref.m, 15, Sample Name: breathing air cool down returned: -28.40.  sampling returned: 2002.20.  check heater returned: 308.10. , [2025] Apr 06 18:35:06, 
[2025] Apr 09 07:09:10, [2025] Apr 09 07:36:01, 2000 mL Ref.m, 15, Sample Name: breathing air cool down returned: -27.90.  sampling returned: 2003.10.  check heater returned: 308.40. , [2025] Apr 06 18:35:06, 
[2025] Apr 09 07:54:10, [2025] Apr 09 08:21:00, 2000 mL Ref.m, 15, Sample Name: breathing air cool down returned: -28.70.  sampling returned: 2002.10.  check heater returned: 310.90. , [2025] Apr 06 18:35:06, 
[2025] Apr 09 08:39:10, [2025] Apr 09 09:06:00, 2000 mL Ref.m, 15, Sample Name: breathing air cool down returned: -28.90.  sampling returned: 2001.50.  check heater returned: 307.20. , [2025] Apr 06 18:35:06, 
[2025] Apr 09 09:24:10, [2025] Apr 09 09:51:00, 2000 mL Ref.m, 15, Sample Name: breathing air cool down returned: -28.50.  sampling returned: 2002.20.  check heater returned: 311.30. , [2025] Apr 06 18:35:06, 
[2025] Apr 09 10:09:10, [2025] Apr 09 10:35:57, 2000 mL Ref.m, 15, Sample Name: breathing air cool down returned: -28.90.  sampling returned: 2001.90.  check heater returned: 300.60. , [2025] Apr 06 18:35:06, 
[2025] Apr 09 10:54:10, [2025] Apr 09 11:21:00, 2000 mL Ref.m, 15, Sample Name: breathing air cool down returned: -28.30.  sampling returned: 2001.60.  check heater returned: 295.90. , [2025] Apr 06 18:35:06, 
[2025] Apr 09 12:04:16, [2025] Apr 09 12:31:03, 2000 mL Ref.m, 2, Sample Name: Archive cool down returned: -28.40.  sampling returned: 2002.80.  check heater returned: 303.80. , [2025] Apr 06 18:35:06, 
[2025] Apr 09 12:49:16, [2025] Apr 09 12:50:39, change over.m, 4, , [2024] Feb 22 14:51:17, 
[2025] Apr 09 12:49:15, [2025] Apr 09 13:17:20, 2000 mL Ref.m, 4, Sample Name: Archive cool down returned: -25.70.  sampling returned: 2002.40.  check heater returned: 301.70. , [2025] Apr 06 18:35:06, 
[2025] Apr 09 13:34:16, [2025] Apr 09 13:35:40, change over.m, 6, , [2024] Feb 22 14:51:17, 
[2025] Apr 09 13:34:14, [2025] Apr 09 14:02:20, 2000 mL Ref.m, 6, Sample Name: Archive cool down returned: -26.40.  sampling returned: 2000.20.  check heater returned: 306.80. , [2025] Apr 06 18:35:06, 
[2025] Apr 09 14:19:16, [2025] Apr 09 14:20:41, change over.m, 8, , [2024] Feb 22 14:51:17, 
[2025] Apr 09 14:19:14, [2025] Apr 09 14:47:23, 2000 mL Ref.m, 8, Sample Name: Archive cool down returned: -26.20.  sampling returned: 2002.00.  check heater returned: 293.60. , [2025] Apr 06 18:35:06, 
[2025] Apr 09 15:04:15, [2025] Apr 09 15:05:38, change over.m, 10, , [2024] Feb 22 14:51:17, 
[2025] Apr 09 15:04:13, [2025] Apr 09 15:32:20, 2000 mL Ref.m, 10, Sample Name: Archive cool down returned: -26.00.  sampling returned: 2002.00.  check heater returned: 297.70. , [2025] Apr 06 18:35:06, 
[2025] Apr 09 15:49:15, [2025] Apr 09 15:50:41, change over.m, 12, , [2024] Feb 22 14:51:17, 
[2025] Apr 09 15:49:13, [2025] Apr 09 16:17:24, 2000 mL Ref.m, 12, Sample Name: Archive cool down returned: -26.50.  sampling returned: 2002.90.  check heater returned: 292.90. , [2025] Apr 06 18:35:06, 
[2025] Apr 09 16:34:15, [2025] Apr 09 16:35:37, change over.m, 15, , [2024] Feb 22 14:51:17, 
[2025] Apr 09 16:34:13, [2025] Apr 09 17:02:19, 2000 mL Ref.m, 15, Sample Name: breathing air cool down returned: -26.20.  sampling returned: 2001.60.  check heater returned: 306.40. , [2025] Apr 06 18:35:06, 
[2025] Apr 09 17:19:13, [2025] Apr 09 17:46:03, 2000 mL Ref.m, 15, Sample Name: breathing air cool down returned: -26.40.  sampling returned: 2002.10.  check heater returned: 307.30. , [2025] Apr 06 18:35:06, 
[2025] Apr 09 18:01:15, [2025] Apr 09 18:05:09, bake out.m, 15, check heater returned: 331.40. , [2024] Sep 01 17:56:21, 
[2025] Apr 09 18:23:13, [2025] Apr 09 18:50:00, 2000 mL Ref.m, 2, Sample Name: Archive cool down returned: -27.70.  sampling returned: 1774.80.  check heater returned: 297.40. , [2025] Apr 06 18:35:06, 
[2025] Apr 09 19:08:15, [2025] Apr 09 19:09:37, change over.m, 4, , [2024] Feb 22 14:51:17, 
[2025] Apr 09 19:08:13, [2025] Apr 09 19:36:19, 2000 mL Ref.m, 4, Sample Name: Archive cool down returned: -25.90.  sampling returned: 2001.90.  check heater returned: 286.70. , [2025] Apr 06 18:35:06, 
[2025] Apr 09 19:53:15, [2025] Apr 09 19:54:38, change over.m, 6, , [2024] Feb 22 14:51:17, 
[2025] Apr 09 19:53:13, [2025] Apr 09 20:21:20, 2000 mL Ref.m, 6, Sample Name: Archive cool down returned: -25.90.  sampling returned: 2002.40.  check heater returned: 285.20. , [2025] Apr 06 18:35:06, 
[2025] Apr 09 20:38:15, [2025] Apr 09 20:39:38, change over.m, 8, , [2024] Feb 22 14:51:17, 
[2025] Apr 09 20:38:13, [2025] Apr 09 21:06:16, 2000 mL Ref.m, 8, Sample Name: Archive cool down returned: -26.00.  sampling returned: 1915.90.  check heater returned: 286.80. , [2025] Apr 06 18:35:06, 
[2025] Apr 09 21:23:14, [2025] Apr 09 21:24:37, change over.m, 10, , [2024] Feb 22 14:51:17, 
[2025] Apr 09 21:23:13, [2025] Apr 09 21:51:18, 2000 mL Ref.m, 10, Sample Name: Archive cool down returned: -25.60.  sampling returned: 2002.80.  check heater returned: 288.50. , [2025] Apr 06 18:35:06, 
[2025] Apr 09 22:08:14, [2025] Apr 09 22:09:40, change over.m, 12, , [2024] Feb 22 14:51:17, 
[2025] Apr 09 22:08:13, [2025] Apr 09 22:36:22, 2000 mL Ref.m, 12, Sample Name: Archive cool down returned: -25.90.  sampling returned: 2003.10.  check heater returned: 284.40. , [2025] Apr 06 18:35:06, 
[2025] Apr 09 22:53:15, [2025] Apr 09 22:54:39, change over.m, 15, , [2024] Feb 22 14:51:17, 
[2025] Apr 09 22:53:13, [2025] Apr 09 23:21:20, 2000 mL Ref.m, 15, Sample Name: breathing air cool down returned: -25.10.  sampling returned: 2002.60.  check heater returned: 289.00. , [2025] Apr 06 18:35:06, 
[2025] Apr 09 23:38:12, [2025] Apr 10 00:05:01, 2000 mL Ref.m, 15, Sample Name: breathing air cool down returned: -25.60.  sampling returned: 2002.70.  check heater returned: 286.80. , [2025] Apr 06 18:35:06, 
[2025] Apr 10 00:23:12, [2025] Apr 10 00:50:01, 2000 mL Ref.m, 15, Sample Name: breathing air cool down returned: -25.40.  sampling returned: 2002.70.  check heater returned: 297.00. , [2025] Apr 06 18:35:06, 
[2025] Apr 10 01:08:12, [2025] Apr 10 01:45:06, 2000 mL Ref.m, 15, Sample Name: breathing air cool down returned: -25.10.  sampling returned: 2001.80.  check heater returned: 298.70. , [2025] Apr 06 18:35:06, 
[2025] Apr 10 01:53:11, [2025] Apr 10 02:13:15, 2000 mL Ref.m, 15, Sample Name: breathing air, [2025] Apr 06 18:35:06, Failed at [2025] Apr 10 02:13:15 on cool down, line 833: <class 'SystemError'> ads failed to reach -25 in time. Last measured: -24.60.
[2025] Apr 10 10:14:32, [2025] Apr 10 10:18:36, bake out.m, 15, check heater returned: 321.10. , [2024] Sep 01 17:56:21, 
[2025] Apr 10 14:03:58, [2025] Apr 10 14:30:59, 2000 mL Ref.m, 15, cool down returned: -25.10.  sampling returned: 2002.90.  check heater returned: 296.70. , [2025] Apr 06 18:35:06, 
[2025] Apr 10 15:42:43, [2025] Apr 10 15:46:47, bake out.m, 15, check heater returned: 321.20. , [2024] Sep 01 17:56:21, 

[2025] Apr 10 19:16:50, [2025] Apr 10 19:20:53, bake out.m, 15, check heater returned: 334.10. , [2024] Sep 01 17:56:21, 
[2025] Apr 10 19:44:19, [2025] Apr 10 19:44:32, 2000 mL Ref.m, 15, cool down returned: -27.80. , [2025] Apr 06 18:35:06, Failed at [2025] Apr 10 19:44:32 on flush, line 833: <class 'UnboundLocalError'> local variable 'name' referenced before assignment.
[2025] Apr 10 21:05:07, [2025] Apr 10 21:08:45, bake out.m, 15, check heater returned: 332.60. , [2024] Sep 01 17:56:21, 
[2025] Apr 10 21:13:15, [2025] Apr 10 21:14:53, 2000 mL Ref.m, 15, , [2025] Apr 06 18:35:06, Failed at [2025] Apr 10 21:14:53 on cool down, line 833: <class 'TypeError'> signal_handler() takes 2 positional arguments but 3 were given.
[2025] Apr 10 21:18:16, [2025] Apr 10 21:44:47, 2000 mL Ref.m, 15, cool down returned: -28.50.  sampling returned: 2001.60.  check heater returned: 287.70. , [2025] Apr 06 18:35:06, 
[2025] Apr 10 21:59:29, [2025] Apr 10 22:20:53, 2000 mL Ref.m, 15, cool down returned: -30.30.  sampling returned: 2002.40. , [2025] Apr 06 18:35:06, Failed at [2025] Apr 10 22:20:53 on pre-backflush, line 833: <class 'RuntimeError'> Setpoint not reached before the timeout of 30 s.>>>  (from uPy device).
[2025] Apr 10 22:22:41, [2025] Apr 10 22:28:02, process sample.m, 15, , [2024] Mar 04 17:22:19, 
[2025] Apr 14 14:29:14, [2025] Apr 14 14:50:40, 2000 mL Ref.m, 15, cool down returned: -30.70.  sampling returned: 2001.40. , [2025] Apr 06 18:35:06, Failed at [2025] Apr 14 14:50:40 on pre-backflush, line 833: <class 'RuntimeError'> Setpoint not reached before the timeout of 30 s.>>>  (from uPy device).
[2025] Apr 14 14:52:58, [2025] Apr 14 14:53:31, process sample.m, 15, , [2024] Mar 04 17:22:19, Failed at [2025] Apr 14 14:53:31 on pre-backflush, line 833: <class 'RuntimeError'> Setpoint not reached before the timeout of 30 s.>>>  (from uPy device).
[2025] Apr 14 14:54:52, [2025] Apr 14 15:00:16, process sample.m, 15, , [2024] Mar 04 17:22:19, 
[2025] Apr 14 15:57:30, [2025] Apr 14 16:24:20, 2000 mL Ref.m, 15, cool down returned: -30.10.  sampling returned: 2003.10.  check heater returned: 296.70. , [2025] Apr 06 18:35:06, 
[2025] Apr 14 17:06:36, [2025] Apr 14 17:33:25, 2000 mL Ref.m, 15, cool down returned: -29.50.  sampling returned: 2001.70.  check heater returned: 304.90. , [2025] Apr 06 18:35:06, 
[2025] Apr 14 17:44:51, [2025] Apr 14 18:12:19, 2000 mL Ref.m, 15, cool down returned: -28.40.  sampling returned: 2002.10.  check heater returned: 304.10. , [2025] Apr 06 18:35:06, 
[2025] Apr 14 18:50:48, [2025] Apr 14 19:17:36, 2000 mL Ref.m, 15, cool down returned: -29.30.  sampling returned: 2001.40.  check heater returned: 304.70. , [2025] Apr 06 18:35:06, 
[2025] Apr 14 19:30:20, [2025] Apr 14 19:57:11, 2000 mL Ref.m, 15, Sample Name:  cool down returned: -29.20.  sampling returned: 2003.20.  check heater returned: 304.80. , [2025] Apr 06 18:35:06, 
[2025] Apr 14 20:20:20, [2025] Apr 14 20:47:10, 2000 mL Ref.m, 15, Sample Name:  cool down returned: -30.10.  sampling returned: 2003.20.  check heater returned: 303.50. , [2025] Apr 06 18:35:06, 
[2025] Apr 14 21:10:20, [2025] Apr 14 21:37:10, 2000 mL Ref.m, 15, Sample Name:  cool down returned: -29.80.  sampling returned: 2002.20.  check heater returned: 299.10. , [2025] Apr 06 18:35:06, 
[2025] Apr 14 22:00:19, [2025] Apr 14 22:27:10, 2000 mL Ref.m, 15, Sample Name:  cool down returned: -30.00.  sampling returned: 2003.10.  check heater returned: 293.10. , [2025] Apr 06 18:35:06, 
[2025] Apr 14 22:50:19, [2025] Apr 14 23:17:10, 2000 mL Ref.m, 15, Sample Name:  cool down returned: -30.10.  sampling returned: 2003.00.  check heater returned: 299.70. , [2025] Apr 06 18:35:06, 
[2025] Apr 14 23:40:19, [2025] Apr 15 00:07:10, 2000 mL Ref.m, 15, Sample Name:  cool down returned: -30.30.  sampling returned: 2003.30.  check heater returned: 306.20. , [2025] Apr 06 18:35:06, 
[2025] Apr 15 00:30:19, [2025] Apr 15 00:57:10, 2000 mL Ref.m, 15, Sample Name:  cool down returned: -30.50.  sampling returned: 2001.80.  check heater returned: 305.90. , [2025] Apr 06 18:35:06, 
[2025] Apr 15 01:20:19, [2025] Apr 15 01:47:10, 2000 mL Ref.m, 15, Sample Name:  cool down returned: -30.30.  sampling returned: 2002.70.  check heater returned: 307.90. , [2025] Apr 06 18:35:06, 
[2025] Apr 15 02:10:19, [2025] Apr 15 02:37:10, 2000 mL Ref.m, 15, Sample Name:  cool down returned: -30.30.  sampling returned: 2003.20.  check heater returned: 306.70. , [2025] Apr 06 18:35:06, 
[2025] Apr 15 03:00:19, [2025] Apr 15 03:27:10, 2000 mL Ref.m, 15, Sample Name:  cool down returned: -30.30.  sampling returned: 2002.30.  check heater returned: 305.90. , [2025] Apr 06 18:35:06, 
[2025] Apr 15 03:50:19, [2025] Apr 15 04:17:10, 2000 mL Ref.m, 15, Sample Name:  cool down returned: -30.40.  sampling returned: 2002.40.  check heater returned: 303.90. , [2025] Apr 06 18:35:06, 
[2025] Apr 15 04:40:19, [2025] Apr 15 05:07:09, 2000 mL Ref.m, 15, Sample Name:  cool down returned: -30.20.  sampling returned: 2002.30.  check heater returned: 306.60. , [2025] Apr 06 18:35:06, 
[2025] Apr 15 05:30:19, [2025] Apr 15 05:57:09, 2000 mL Ref.m, 15, Sample Name:  cool down returned: -30.30.  sampling returned: 2003.30.  check heater returned: 305.70. , [2025] Apr 06 18:35:06, 
[2025] Apr 15 06:20:19, [2025] Apr 15 06:47:09, 2000 mL Ref.m, 15, Sample Name:  cool down returned: -30.10.  sampling returned: 2001.70.  check heater returned: 302.50. , [2025] Apr 06 18:35:06, 
[2025] Apr 15 07:10:18, [2025] Apr 15 07:37:09, 2000 mL Ref.m, 15, Sample Name:  cool down returned: -30.10.  sampling returned: 2002.70.  check heater returned: 305.60. , [2025] Apr 06 18:35:06, 
[2025] Apr 15 08:00:18, [2025] Apr 15 08:27:09, 2000 mL Ref.m, 15, Sample Name:  cool down returned: -30.20.  sampling returned: 2002.30.  check heater returned: 304.00. , [2025] Apr 06 18:35:06, 
[2025] Apr 15 08:50:18, [2025] Apr 15 09:17:09, 2000 mL Ref.m, 15, Sample Name:  cool down returned: -30.30.  sampling returned: 2002.10.  check heater returned: 306.50. , [2025] Apr 06 18:35:06, 
[2025] Apr 15 09:40:18, [2025] Apr 15 10:07:09, 2000 mL Ref.m, 15, Sample Name:  cool down returned: -30.00.  sampling returned: 2002.50.  check heater returned: 303.00. , [2025] Apr 06 18:35:06, 
[2025] Apr 15 10:30:18, [2025] Apr 15 10:57:09, 2000 mL Ref.m, 15, Sample Name:  cool down returned: -30.20.  sampling returned: 2003.10.  check heater returned: 301.10. , [2025] Apr 06 18:35:06, 
[2025] Apr 15 11:20:17, [2025] Apr 15 11:47:08, 2000 mL Ref.m, 15, Sample Name:  cool down returned: -30.20.  sampling returned: 2002.30.  check heater returned: 305.30. , [2025] Apr 06 18:35:06, 
[2025] Apr 15 12:10:17, [2025] Apr 15 12:37:07, 2000 mL Ref.m, 15, Sample Name:  cool down returned: -30.20.  sampling returned: 2002.30.  check heater returned: 305.90. , [2025] Apr 06 18:35:06, 
[2025] Apr 15 13:00:17, [2025] Apr 15 13:27:07, 2000 mL Ref.m, 15, Sample Name:  cool down returned: -30.20.  sampling returned: 2002.40.  check heater returned: 306.30. , [2025] Apr 06 18:35:06, 
[2025] Apr 15 13:50:16, [2025] Apr 15 14:17:07, 2000 mL Ref.m, 15, Sample Name:  cool down returned: -30.10.  sampling returned: 2002.50.  check heater returned: 304.90. , [2025] Apr 06 18:35:06, 
[2025] Apr 15 14:40:16, [2025] Apr 15 15:07:07, 2000 mL Ref.m, 15, Sample Name:  cool down returned: -29.80.  sampling returned: 2003.40.  check heater returned: 308.50. , [2025] Apr 06 18:35:06, 
[2025] Apr 15 15:18:15, [2025] Apr 15 15:46:01, 2000 mL Ref.m, 15, cool down returned: -28.10.  sampling returned: 2002.00.  check heater returned: 292.40. , [2025] Apr 06 18:35:06, 
[2025] Apr 15 16:02:30, [2025] Apr 15 16:29:17, 2000 mL Ref.m, 15, cool down returned: -28.20.  sampling returned: 2001.90.  check heater returned: 297.10. , [2025] Apr 06 18:35:06, 
[2025] Apr 15 17:16:53, [2025] Apr 15 17:43:41, 2000 mL Ref.m, 2, Sample Name: Archive cool down returned: -29.20.  sampling returned: 1862.80.  check heater returned: 296.90. , [2025] Apr 06 18:35:06, 
[2025] Apr 15 18:01:54, [2025] Apr 15 18:03:18, change over.m, 4, , [2024] Feb 22 14:51:17, 
[2025] Apr 15 18:01:53, [2025] Apr 15 18:29:59, 2000 mL Ref.m, 4, Sample Name: Archive cool down returned: -28.90.  sampling returned: 2001.30.  check heater returned: 295.60. , [2025] Apr 06 18:35:06, 
[2025] Apr 15 18:46:54, [2025] Apr 15 18:48:18, change over.m, 6, , [2024] Feb 22 14:51:17, 
[2025] Apr 15 18:46:53, [2025] Apr 15 19:15:00, 2000 mL Ref.m, 6, Sample Name: Archive cool down returned: -28.80.  sampling returned: 2002.30.  check heater returned: 283.90. , [2025] Apr 06 18:35:06, 
[2025] Apr 15 19:31:54, [2025] Apr 15 19:33:18, change over.m, 8, , [2024] Feb 22 14:51:17, 
[2025] Apr 15 19:31:53, [2025] Apr 15 20:00:00, 2000 mL Ref.m, 8, Sample Name: Archive cool down returned: -28.80.  sampling returned: 2002.60.  check heater returned: 282.80. , [2025] Apr 06 18:35:06, 
[2025] Apr 15 20:16:54, [2025] Apr 15 20:18:19, change over.m, 10, , [2024] Feb 22 14:51:17, 
[2025] Apr 15 20:16:53, [2025] Apr 15 20:45:22, 2000 mL Ref.m, 10, Sample Name: Archive cool down returned: -28.90.  sampling returned: 1844.50.  check heater returned: 275.90. , [2025] Apr 06 18:35:06, 
[2025] Apr 15 21:01:54, [2025] Apr 15 21:03:20, change over.m, 12, , [2024] Feb 22 14:51:17, 
[2025] Apr 15 21:01:53, [2025] Apr 15 21:30:03, 2000 mL Ref.m, 12, Sample Name: Archive cool down returned: -29.00.  sampling returned: 2002.50.  check heater returned: 277.00. , [2025] Apr 06 18:35:06, 
[2025] Apr 15 21:46:54, [2025] Apr 15 21:48:19, change over.m, 15, , [2024] Feb 22 14:51:17, 
[2025] Apr 15 21:46:52, [2025] Apr 15 22:15:00, 2000 mL Ref.m, 15, Sample Name: breathing air cool down returned: -29.20.  sampling returned: 2002.00.  check heater returned: 298.90. , [2025] Apr 06 18:35:06, 
[2025] Apr 15 22:35:38, [2025] Apr 15 23:02:21, 2000 mL Ref.m, 15, Sample Name:  cool down returned: -29.30.  sampling returned: 2002.00.  check heater returned: 300.30. , [2025] Apr 15 22:31:26, 
[2025] Apr 15 23:25:37, [2025] Apr 15 23:52:21, 2000 mL Ref.m, 15, Sample Name:  cool down returned: -29.40.  sampling returned: 2003.30.  check heater returned: 302.50. , [2025] Apr 15 22:31:26, 
[2025] Apr 16 00:15:36, [2025] Apr 16 00:42:21, 2000 mL Ref.m, 15, Sample Name:  cool down returned: -29.50.  sampling returned: 2003.00.  check heater returned: 306.50. , [2025] Apr 15 22:31:26, 
[2025] Apr 16 01:05:36, [2025] Apr 16 01:32:20, 2000 mL Ref.m, 15, Sample Name:  cool down returned: -29.50.  sampling returned: 2003.20.  check heater returned: 312.40. , [2025] Apr 15 22:31:26, 
[2025] Apr 16 01:55:36, [2025] Apr 16 02:22:20, 2000 mL Ref.m, 15, Sample Name:  cool down returned: -29.60.  sampling returned: 2002.60.  check heater returned: 310.70. , [2025] Apr 15 22:31:26, 
[2025] Apr 16 02:45:36, [2025] Apr 16 03:12:20, 2000 mL Ref.m, 15, Sample Name:  cool down returned: -29.60.  sampling returned: 2002.90.  check heater returned: 308.80. , [2025] Apr 15 22:31:26, 
[2025] Apr 16 03:35:36, [2025] Apr 16 04:02:20, 2000 mL Ref.m, 15, Sample Name:  cool down returned: -29.50.  sampling returned: 2003.30.  check heater returned: 308.60. , [2025] Apr 15 22:31:26, 
[2025] Apr 16 04:25:36, [2025] Apr 16 04:52:16, 2000 mL Ref.m, 15, Sample Name:  cool down returned: -29.30.  sampling returned: 2003.10.  check heater returned: 310.30. , [2025] Apr 15 22:31:26, 
[2025] Apr 16 05:15:36, [2025] Apr 16 05:42:19, 2000 mL Ref.m, 15, Sample Name:  cool down returned: -29.50.  sampling returned: 2003.20.  check heater returned: 307.50. , [2025] Apr 15 22:31:26, 
[2025] Apr 16 06:05:36, [2025] Apr 16 06:32:19, 2000 mL Ref.m, 15, Sample Name:  cool down returned: -29.90.  sampling returned: 2002.50.  check heater returned: 306.40. , [2025] Apr 15 22:31:26, 
[2025] Apr 16 06:55:36, [2025] Apr 16 07:22:19, 2000 mL Ref.m, 15, Sample Name:  cool down returned: -30.20.  sampling returned: 2003.00.  check heater returned: 311.70. , [2025] Apr 15 22:31:26, 
[2025] Apr 16 07:45:35, [2025] Apr 16 08:12:19, 2000 mL Ref.m, 15, Sample Name:  cool down returned: -30.50.  sampling returned: 2002.60.  check heater returned: 309.20. , [2025] Apr 15 22:31:26, 
[2025] Apr 16 08:35:35, [2025] Apr 16 09:02:19, 2000 mL Ref.m, 15, Sample Name:  cool down returned: -30.40.  sampling returned: 2002.40.  check heater returned: 310.00. , [2025] Apr 15 22:31:26, 
[2025] Apr 16 09:25:35, [2025] Apr 16 09:52:19, 2000 mL Ref.m, 15, Sample Name:  cool down returned: -30.40.  sampling returned: 2003.40.  check heater returned: 312.50. , [2025] Apr 15 22:31:26, 
[2025] Apr 16 10:15:35, [2025] Apr 16 10:42:19, 2000 mL Ref.m, 15, Sample Name:  cool down returned: -30.40.  sampling returned: 2002.60.  check heater returned: 313.30. , [2025] Apr 15 22:31:26, 
[2025] Apr 16 11:05:35, [2025] Apr 16 11:32:19, 2000 mL Ref.m, 15, Sample Name:  cool down returned: -30.30.  sampling returned: 2002.40.  check heater returned: 306.70. , [2025] Apr 15 22:31:26, 
[2025] Apr 16 11:55:35, [2025] Apr 16 12:22:19, 2000 mL Ref.m, 15, Sample Name:  cool down returned: -29.90.  sampling returned: 2002.30.  check heater returned: 311.70. , [2025] Apr 15 22:31:26, 
[2025] Apr 16 12:45:34, [2025] Apr 16 13:12:17, 2000 mL Ref.m, 15, Sample Name:  cool down returned: -29.60.  sampling returned: 2002.70.  check heater returned: 299.90. , [2025] Apr 15 22:31:26, 
[2025] Apr 16 13:32:05, [2025] Apr 16 13:58:47, 2000 mL Ref.m, 15, cool down returned: -29.00.  sampling returned: 2002.00.  check heater returned: 303.10. , [2025] Apr 15 22:31:26, 
[2025] Apr 16 14:20:07, [2025] Apr 16 14:20:43, 2000 mL Ref.m, 2, cool down returned: -28.60. , [2025] Apr 15 22:31:26, Failed at [2025] Apr 16 14:20:43 on flush, line 833: <class 'RuntimeError'> Setpoint not reached before the timeout of 30 s.>>>  (from uPy device).
[2025] Apr 16 14:21:04, [2025] Apr 16 14:22:23, change over.m, 15, , [2024] Feb 22 14:51:17, 
[2025] Apr 16 14:20:59, [2025] Apr 16 14:48:55, 2000 mL Ref.m, 15, cool down returned: -28.70.  sampling returned: 2002.90.  check heater returned: 304.80. , [2025] Apr 15 22:31:26, 
[2025] Apr 16 15:08:17, [2025] Apr 16 15:34:58, 2000 mL Ref.m, 15, cool down returned: -28.70.  sampling returned: 2002.00.  check heater returned: 309.50. , [2025] Apr 15 22:31:26, 
[2025] Apr 16 15:47:43, [2025] Apr 16 16:14:24, 2000 mL Ref.m, 15, cool down returned: -27.60.  sampling returned: 2003.10.  check heater returned: 306.90. , [2025] Apr 15 22:31:26, 
[2025] Apr 16 16:40:29, [2025] Apr 16 16:40:53, 2000 mL test.m, 15, cool down returned: -27.90. , [2025] Apr 16 16:40:00, Failed at [2025] Apr 16 16:40:53 on flush, line 833: <class 'TypeError'> signal_handler() takes 2 positional arguments but 3 were given.
[2025] Apr 16 16:41:50, [2025] Apr 16 16:41:56, 2000 mL Ref.m, 15, cool down returned: -28.10. , [2025] Apr 15 22:31:26, Failed at [2025] Apr 16 16:41:56 on flush, line 833: <class 'TypeError'> signal_handler() takes 2 positional arguments but 3 were given.
[2025] Apr 16 16:42:36, [2025] Apr 16 16:43:03, 2000 mL test.m, 15, cool down returned: -28.30. , [2025] Apr 16 16:40:00, Failed at [2025] Apr 16 16:43:03 on flush, line 833: <class 'TypeError'> signal_handler() takes 2 positional arguments but 3 were given.
[2025] Apr 16 16:44:12, [2025] Apr 16 17:10:48, 2000 mL test.m, 15, cool down returned: -28.50.  sampling returned: 2002.60.  check heater returned: 299.50. , [2025] Apr 16 16:43:48, 
[2025] Apr 16 17:33:08, [2025] Apr 16 17:54:32, 2000 mL Ref.m, 15, cool down returned: -28.20.  sampling returned: 2001.90. , [2025] Apr 15 22:31:26, Failed at [2025] Apr 16 17:54:32 on pre-backflush, line 833: <class 'RuntimeError'> Setpoint not reached before the timeout of 30 s.>>>  (from uPy device).
[2025] Apr 16 17:58:27, [2025] Apr 16 18:04:03, process sample.m, 15, , [2024] Mar 04 17:22:19, 
[2025] Apr 16 18:14:40, [2025] Apr 16 18:42:02, 2000 mL Ref.m, 15, cool down returned: -26.60.  sampling returned: 2002.90.  check heater returned: 302.90. , [2025] Apr 15 22:31:26, 
[2025] Apr 16 21:49:10, [2025] Apr 16 22:15:54, 2000 mL Ref.m, 15, cool down returned: -27.30.  sampling returned: 2002.80.  check heater returned: 295.40. , [2025] Apr 15 22:31:26, 
[2025] Apr 16 22:22:01, [2025] Apr 16 22:23:29, 2000 mL Ref.m, 15, , [2025] Apr 15 22:31:26, Failed at [2025] Apr 16 22:23:29 on cool down, line 833: <class 'TypeError'> signal_handler() takes 2 positional arguments but 3 were given.
[2025] Apr 16 22:24:42, [2025] Apr 16 22:51:35, 2000 mL Ref.m, 15, Sample Name:  cool down returned: -25.10.  sampling returned: 2003.10. , [2025] Apr 15 22:31:26, Failed at [2025] Apr 16 22:51:35 on check heater, line 833: <class 'SystemError'> ads failed to reach 275 in time. Last measured: 267.60.
[2025] Apr 16 23:01:35, [2025] Apr 16 23:01:52, 2000 mL Ref.m, 15, Sample Name: , [2025] Apr 15 22:31:26, Failed at [2025] Apr 16 23:01:52 on cool down, line 833: <class 'TypeError'> signal_handler() takes 2 positional arguments but 3 were given.
[2025] Apr 16 23:02:17, [2025] Apr 16 23:36:33, 2000 mL Ref.m, 15, Sample Name:  cool down returned: -25.10.  sampling returned: 2003.40.  check heater returned: 285.80. , [2025] Apr 15 22:31:26, 
[2025] Apr 17 11:12:10, [2025] Apr 17 11:16:14, bake out.m, 15, check heater returned: 308.30. , [2024] Sep 01 17:56:21, 
[2025] Apr 17 13:02:18, [2025] Apr 17 13:32:08, 2000 mL Ref.m, 15, cool down returned: -28.00.  sampling returned: 2001.90. , [2025] Apr 15 22:31:26, Failed at [2025] Apr 17 13:32:08 on check GC, line 833: <class 'RuntimeError'> GC not ready in time. Aborting run.
[2025] Apr 17 13:36:37, [2025] Apr 17 13:42:26, process sample.m, 15, , [2024] Mar 04 17:22:19, 
[2025] Apr 17 14:08:35, [2025] Apr 17 14:35:17, 2000 mL Ref.m, 15, cool down returned: -28.30.  sampling returned: 2002.40.  check heater returned: 284.40. , [2025] Apr 15 22:31:26, 
[2025] Apr 17 14:55:58, [2025] Apr 17 15:22:39, 2000 mL Ref.m, 15, cool down returned: -28.30.  sampling returned: 2002.90.  check heater returned: 300.90. , [2025] Apr 15 22:31:26, 
[2025] Apr 17 15:44:23, [2025] Apr 17 16:11:04, 2000 mL Ref.m, 15, cool down returned: -28.20.  sampling returned: 2002.20.  check heater returned: 308.90. , [2025] Apr 15 22:31:26, 
[2025] Apr 17 16:28:36, [2025] Apr 17 16:55:17, 2000 mL Ref.m, 15, cool down returned: -28.30.  sampling returned: 2002.50.  check heater returned: 303.60. , [2025] Apr 15 22:31:26, 
[2025] Apr 17 17:22:49, [2025] Apr 17 17:49:31, 2000 mL Ref.m, 15, cool down returned: -28.60.  sampling returned: 2002.00.  check heater returned: 308.80. , [2025] Apr 15 22:31:26, 
[2025] Apr 17 18:02:42, [2025] Apr 17 18:29:24, 2000 mL Ref.m, 15, cool down returned: -27.80.  sampling returned: 2003.10.  check heater returned: 295.80. , [2025] Apr 15 22:31:26, 
[2025] Apr 17 18:58:50, [2025] Apr 17 19:25:33, 2000 mL Ref.m, 15, Sample Name:  cool down returned: -29.60.  sampling returned: 2003.30.  check heater returned: 298.50. , [2025] Apr 15 22:31:26, 
[2025] Apr 17 19:48:49, [2025] Apr 17 20:15:32, 2000 mL Ref.m, 15, Sample Name:  cool down returned: -29.30.  sampling returned: 2002.00.  check heater returned: 297.40. , [2025] Apr 15 22:31:26, 
[2025] Apr 17 20:38:49, [2025] Apr 17 21:05:33, 2000 mL Ref.m, 15, Sample Name:  cool down returned: -29.30.  sampling returned: 2002.90.  check heater returned: 298.10. , [2025] Apr 15 22:31:26, 
[2025] Apr 17 21:28:49, [2025] Apr 17 21:55:33, 2000 mL Ref.m, 15, Sample Name:  cool down returned: -29.30.  sampling returned: 2003.20.  check heater returned: 311.70. , [2025] Apr 15 22:31:26, 
[2025] Apr 17 22:18:49, [2025] Apr 17 22:45:27, 2000 mL Ref.m, 15, Sample Name:  cool down returned: -29.20.  sampling returned: 2002.90.  check heater returned: 297.80. , [2025] Apr 15 22:31:26, 
[2025] Apr 17 23:08:48, [2025] Apr 17 23:35:31, 2000 mL Ref.m, 15, Sample Name:  cool down returned: -29.60.  sampling returned: 2003.00.  check heater returned: 311.00. , [2025] Apr 15 22:31:26, 
[2025] Apr 17 23:58:48, [2025] Apr 18 00:25:30, 2000 mL Ref.m, 15, Sample Name:  cool down returned: -29.50.  sampling returned: 2002.30.  check heater returned: 297.60. , [2025] Apr 15 22:31:26, 
[2025] Apr 18 00:48:48, [2025] Apr 18 01:15:31, 2000 mL Ref.m, 15, Sample Name:  cool down returned: -29.40.  sampling returned: 2002.80.  check heater returned: 306.30. , [2025] Apr 15 22:31:26, 
[2025] Apr 18 01:38:48, [2025] Apr 18 02:05:29, 2000 mL Ref.m, 15, Sample Name:  cool down returned: -29.50.  sampling returned: 2001.50.  check heater returned: 297.40. , [2025] Apr 15 22:31:26, 
[2025] Apr 18 02:28:47, [2025] Apr 18 02:55:30, 2000 mL Ref.m, 15, Sample Name:  cool down returned: -29.40.  sampling returned: 2003.10.  check heater returned: 310.10. , [2025] Apr 15 22:31:26, 
[2025] Apr 18 03:18:47, [2025] Apr 18 03:45:30, 2000 mL Ref.m, 15, Sample Name:  cool down returned: -29.30.  sampling returned: 2003.20.  check heater returned: 297.90. , [2025] Apr 15 22:31:26, 
[2025] Apr 18 04:08:46, [2025] Apr 18 04:35:25, 2000 mL Ref.m, 15, Sample Name:  cool down returned: -29.30.  sampling returned: 2002.90.  check heater returned: 310.90. , [2025] Apr 15 22:31:26, 
[2025] Apr 18 04:58:46, [2025] Apr 18 05:25:27, 2000 mL Ref.m, 15, Sample Name:  cool down returned: -29.10.  sampling returned: 2002.10.  check heater returned: 311.80. , [2025] Apr 15 22:31:26, 
[2025] Apr 18 05:48:45, [2025] Apr 18 06:15:27, 2000 mL Ref.m, 15, Sample Name:  cool down returned: -29.30.  sampling returned: 2001.60.  check heater returned: 299.10. , [2025] Apr 15 22:31:26, 
[2025] Apr 18 06:38:45, [2025] Apr 18 07:05:27, 2000 mL Ref.m, 15, Sample Name:  cool down returned: -29.10.  sampling returned: 2003.00.  check heater returned: 303.40. , [2025] Apr 15 22:31:26, 
[2025] Apr 18 07:28:44, [2025] Apr 18 07:55:26, 2000 mL Ref.m, 15, Sample Name:  cool down returned: -29.40.  sampling returned: 2002.30.  check heater returned: 311.00. , [2025] Apr 15 22:31:26, 
[2025] Apr 18 08:18:44, [2025] Apr 18 08:45:26, 2000 mL Ref.m, 15, Sample Name:  cool down returned: -29.20.  sampling returned: 2002.80.  check heater returned: 311.80. , [2025] Apr 15 22:31:26, 
[2025] Apr 18 09:08:44, [2025] Apr 18 09:35:21, 2000 mL Ref.m, 15, Sample Name:  cool down returned: -29.10.  sampling returned: 2001.70.  check heater returned: 307.30. , [2025] Apr 15 22:31:26, 
[2025] Apr 18 09:58:43, [2025] Apr 18 10:25:22, 2000 mL Ref.m, 15, Sample Name:  cool down returned: -28.60.  sampling returned: 2002.40.  check heater returned: 312.60. , [2025] Apr 15 22:31:26, 
[2025] Apr 18 10:48:43, [2025] Apr 18 11:15:21, 2000 mL Ref.m, 15, Sample Name:  cool down returned: -28.60.  sampling returned: 2001.70.  check heater returned: 303.90. , [2025] Apr 15 22:31:26, 
[2025] Apr 18 11:28:21, [2025] Apr 18 11:28:39, custom.m, 15, Blank run.  cool down returned: -27.70. , [2025] Apr 18 11:28:21, Failed at [2025] Apr 18 11:28:39 on pre-backflush, line 833: <class 'TypeError'> signal_handler() takes 2 positional arguments but 3 were given.
[2025] Apr 18 11:37:48, [2025] Apr 18 12:01:54, blank.m, 15, cool down returned: -28.80.  trap power check returned: 0.02.  sampling returned: 1994.20.  check heater returned: 298.30. , [2025] Apr 18 11:35:05, 
[2025] Apr 18 12:19:49, [2025] Apr 18 12:43:46, blank.m, 15, cool down returned: -28.80.  sampling returned: 1994.80.  check heater returned: 297.10. , [2025] Apr 18 11:38:06, 
[2025] Apr 18 13:19:09, [2025] Apr 18 13:45:50, 2000 mL Ref.m, 15, cool down returned: -28.80.  sampling returned: 2001.70.  check heater returned: 310.40. , [2025] Apr 18 11:35:45, 
[2025] Apr 18 14:05:52, [2025] Apr 18 14:29:52, blank.m, 15, cool down returned: -28.80.  sampling returned: 1993.60.  check heater returned: 310.70. , [2025] Apr 18 11:38:06, 
[2025] Apr 18 14:46:00, [2025] Apr 18 14:49:53, bake out.m, 15, check heater returned: 363.20. , [2024] Sep 01 17:56:21, 
[2025] Apr 18 14:50:02, [2025] Apr 18 15:30:47, 2000 mL Ref.m, 15, cool down returned: -27.10.  sampling returned: 2001.80.  check heater returned: 304.40. , [2025] Apr 18 14:49:40, 
[2025] Apr 18 15:39:47, [2025] Apr 18 16:05:11, blank.m, 15, cool down returned: -25.40.  sampling returned: 1995.20.  check heater returned: 312.00. , [2025] Apr 18 11:38:06, 
[2025] Apr 18 16:43:11, [2025] Apr 18 17:13:56, 2000 mL Ref.m, 15, cool down returned: -29.10.  sampling returned: 2002.40.  check heater returned: 305.70. , [2025] Apr 18 14:49:40, 
[2025] Apr 18 17:45:50, [2025] Apr 18 18:16:50, 2000 mL Ref.m, 2, Sample Name: Archive cool down returned: -29.60.  sampling returned: 1303.50.  check heater returned: 311.20. , [2025] Apr 18 17:12:47, 
[2025] Apr 18 18:30:51, [2025] Apr 18 18:32:14, change over.m, 4, , [2024] Feb 22 14:51:17, 
[2025] Apr 18 18:30:50, [2025] Apr 18 19:02:54, 2000 mL Ref.m, 4, Sample Name: Archive cool down returned: -28.80.  sampling returned: 1486.70.  check heater returned: 302.00. , [2025] Apr 18 17:12:47, 
[2025] Apr 18 19:15:51, [2025] Apr 18 19:17:14, change over.m, 6, , [2024] Feb 22 14:51:17, 
[2025] Apr 18 19:15:49, [2025] Apr 18 19:47:53, 2000 mL Ref.m, 6, Sample Name: Archive cool down returned: -28.70.  sampling returned: 1452.60.  check heater returned: 300.30. , [2025] Apr 18 17:12:47, 
[2025] Apr 18 19:47:56, [2025] Apr 18 19:48:10, change over.m, 15, , [2024] Feb 22 14:51:17, Failed at [2025] Apr 18 19:48:10 on evacuate, line 833: <class 'TypeError'> signal_handler() takes 2 positional arguments but 3 were given.
[2025] Apr 18 20:20:45, [2025] Apr 18 20:22:09, change over.m, 15, , [2024] Feb 22 14:51:17, 
[2025] Apr 18 20:20:41, [2025] Apr 18 21:03:06, 2000 mL Ref.m, 15, Sample Name:  cool down returned: -29.50.  sampling returned: 1875.20.  check heater returned: 295.20. , [2025] Apr 18 20:13:12, 
[2025] Apr 18 21:10:40, [2025] Apr 18 21:52:43, 2000 mL Ref.m, 15, Sample Name:  cool down returned: -25.10.  sampling returned: 1875.90.  check heater returned: 306.50. , [2025] Apr 18 20:13:12, 
[2025] Apr 18 22:00:40, [2025] Apr 18 22:42:19, 2000 mL Ref.m, 15, Sample Name:  cool down returned: -25.10.  sampling returned: 1875.50.  check heater returned: 299.80. , [2025] Apr 18 20:13:12, 
[2025] Apr 18 22:50:39, [2025] Apr 18 23:31:55, 2000 mL Ref.m, 15, Sample Name:  cool down returned: -25.10.  sampling returned: 1875.60.  check heater returned: 301.50. , [2025] Apr 18 20:13:12, 
[2025] Apr 18 23:40:39, [2025] Apr 19 00:21:48, 2000 mL Ref.m, 15, Sample Name:  cool down returned: -25.60.  sampling returned: 1875.30.  check heater returned: 298.60. , [2025] Apr 18 20:13:12, 
[2025] Apr 19 00:30:38, [2025] Apr 19 01:11:47, 2000 mL Ref.m, 15, Sample Name:  cool down returned: -25.80.  sampling returned: 1876.10.  check heater returned: 308.00. , [2025] Apr 18 20:13:12, 
[2025] Apr 19 01:20:38, [2025] Apr 19 02:01:43, 2000 mL Ref.m, 15, Sample Name:  cool down returned: -25.80.  sampling returned: 1875.30.  check heater returned: 310.40. , [2025] Apr 18 20:13:12, 
[2025] Apr 19 02:10:38, [2025] Apr 19 02:51:47, 2000 mL Ref.m, 15, Sample Name:  cool down returned: -25.50.  sampling returned: 1875.60.  check heater returned: 308.70. , [2025] Apr 18 20:13:12, 
[2025] Apr 19 03:00:38, [2025] Apr 19 03:41:46, 2000 mL Ref.m, 15, Sample Name:  cool down returned: -25.50.  sampling returned: 1875.10.  check heater returned: 308.60. , [2025] Apr 18 20:13:12, 
[2025] Apr 19 03:50:38, [2025] Apr 19 04:16:37, blank.m, 15, Sample Name:  cool down returned: -25.60.  sampling returned: 1995.10.  check heater returned: 308.20. , [2025] Apr 18 11:38:06, 
[2025] Apr 19 13:33:46, [2025] Apr 19 13:37:49, bake out.m, 15, check heater returned: 295.60. , [2024] Sep 01 17:56:21, 
[2025] Apr 19 13:51:46, [2025] Apr 19 13:55:50, bake out.m, 15, check heater returned: 308.50. , [2024] Sep 01 17:56:21, 
[2025] Apr 19 14:35:32, [2025] Apr 19 15:16:40, 2000 mL Ref.m, 15, cool down returned: -29.10.  sampling returned: 2001.40.  check heater returned: 299.80. , [2025] Apr 19 13:55:12, 
[2025] Apr 19 15:28:01, [2025] Apr 19 16:09:08, 2000 mL Ref.m, 15, cool down returned: -27.20.  sampling returned: 2001.00.  check heater returned: 303.50. , [2025] Apr 19 13:55:12, 
[2025] Apr 19 16:39:25, [2025] Apr 19 17:20:25, 2000 mL Ref.m, 2, Sample Name: Archive cool down returned: -28.90.  sampling returned: 2001.10.  check heater returned: 293.50. , [2025] Apr 19 13:55:12, 
[2025] Apr 19 17:29:26, [2025] Apr 19 17:30:49, change over.m, 4, , [2024] Feb 22 14:51:17, 
[2025] Apr 19 17:29:24, [2025] Apr 19 18:11:48, 2000 mL Ref.m, 4, Sample Name: Archive cool down returned: -26.50.  sampling returned: 2000.40.  check heater returned: 288.90. , [2025] Apr 19 13:55:12, 
[2025] Apr 19 18:19:25, [2025] Apr 19 18:20:49, change over.m, 6, , [2024] Feb 22 14:51:17, 
[2025] Apr 19 18:19:24, [2025] Apr 19 19:01:47, 2000 mL Ref.m, 6, Sample Name: Archive cool down returned: -25.30.  sampling returned: 2000.10.  check heater returned: 305.80. , [2025] Apr 19 13:55:12, 
[2025] Apr 19 19:09:25, [2025] Apr 19 19:10:48, change over.m, 8, , [2024] Feb 22 14:51:17, 
[2025] Apr 19 19:09:24, [2025] Apr 19 19:54:10, 2000 mL Ref.m, 8, Sample Name: Archive cool down returned: -25.40.  sampling returned: 2001.00.  check heater returned: 307.50. , [2025] Apr 19 13:55:12, 
[2025] Apr 19 19:59:25, [2025] Apr 19 20:00:49, change over.m, 10, , [2024] Feb 22 14:51:17, 
[2025] Apr 19 19:59:23, [2025] Apr 19 20:43:06, 2000 mL Ref.m, 10, Sample Name: Archive cool down returned: -25.10.  sampling returned: 1822.90. , [2025] Apr 19 13:55:12, Failed at [2025] Apr 19 20:43:06 on check GC, line 833: <class 'RuntimeError'> GC not ready in time. Aborting run.
[2025] Apr 19 20:48:11, [2025] Apr 19 20:52:08, bake out.m, 10, check heater returned: 308.60. , [2024] Sep 01 17:56:21, 
[2025] Apr 19 20:55:03, [2025] Apr 19 20:58:51, bake out.m, 10, check heater returned: 323.00. , [2024] Sep 01 17:56:21, 
[2025] Apr 19 21:43:00, [2025] Apr 19 21:44:26, change over.m, 15, , [2024] Feb 22 14:51:17, 
[2025] Apr 19 21:42:58, [2025] Apr 19 22:25:23, 2000 mL Ref.m, 15, Sample Name:  cool down returned: -29.00.  sampling returned: 2000.90.  check heater returned: 305.50. , [2025] Apr 19 13:55:12, 
[2025] Apr 19 22:32:57, [2025] Apr 19 23:15:17, 2000 mL Ref.m, 15, Sample Name:  cool down returned: -25.10.  sampling returned: 2001.20.  check heater returned: 298.70. , [2025] Apr 19 13:55:12, 
[2025] Apr 19 23:22:57, [2025] Apr 20 00:04:59, 2000 mL Ref.m, 15, Sample Name:  cool down returned: -25.10.  sampling returned: 2001.00.  check heater returned: 297.80. , [2025] Apr 19 13:55:12, 
[2025] Apr 20 00:12:57, [2025] Apr 20 00:54:40, 2000 mL Ref.m, 15, Sample Name:  cool down returned: -25.10.  sampling returned: 2001.60.  check heater returned: 307.20. , [2025] Apr 19 13:55:12, 
[2025] Apr 20 01:02:57, [2025] Apr 20 01:44:26, 2000 mL Ref.m, 15, Sample Name:  cool down returned: -25.10.  sampling returned: 2001.20.  check heater returned: 305.90. , [2025] Apr 19 13:55:12, 
[2025] Apr 20 01:52:57, [2025] Apr 20 02:34:18, 2000 mL Ref.m, 15, Sample Name:  cool down returned: -25.10.  sampling returned: 2000.40.  check heater returned: 308.20. , [2025] Apr 19 13:55:12, 
[2025] Apr 20 02:42:57, [2025] Apr 20 03:24:15, 2000 mL Ref.m, 15, Sample Name:  cool down returned: -25.10.  sampling returned: 2001.10.  check heater returned: 299.80. , [2025] Apr 19 13:55:12, 
[2025] Apr 20 03:32:57, [2025] Apr 20 04:14:30, 2000 mL Ref.m, 15, Sample Name:  cool down returned: -25.10.  sampling returned: 2001.60.  check heater returned: 306.10. , [2025] Apr 19 13:55:12, 
[2025] Apr 20 04:22:57, [2025] Apr 20 05:04:41, 2000 mL Ref.m, 15, Sample Name:  cool down returned: -25.10.  sampling returned: 2001.00.  check heater returned: 305.80. , [2025] Apr 19 13:55:12, 
[2025] Apr 20 05:12:57, [2025] Apr 20 05:37:55, blank.m, 15, Sample Name:  cool down returned: -25.10.  sampling returned: 1994.70.  check heater returned: 315.80. , [2025] Apr 18 11:38:06, 
[2025] Apr 20 06:02:56, [2025] Apr 20 06:44:05, 2000 mL Ref.m, 15, Sample Name:  cool down returned: -28.40.  sampling returned: 2001.50.  check heater returned: 302.40. , [2025] Apr 19 13:55:12, 
[2025] Apr 20 06:52:55, [2025] Apr 20 07:34:27, 2000 mL Ref.m, 15, Sample Name:  cool down returned: -25.10.  sampling returned: 2001.60.  check heater returned: 305.40. , [2025] Apr 19 13:55:12, 
[2025] Apr 20 07:42:55, [2025] Apr 20 08:24:47, 2000 mL Ref.m, 15, Sample Name:  cool down returned: -25.10.  sampling returned: 2001.40.  check heater returned: 305.70. , [2025] Apr 19 13:55:12, 
[2025] Apr 20 08:32:55, [2025] Apr 20 09:15:07, 2000 mL Ref.m, 15, Sample Name:  cool down returned: -25.10.  sampling returned: 2000.80.  check heater returned: 304.00. , [2025] Apr 19 13:55:12, 
[2025] Apr 20 09:22:55, [2025] Apr 20 10:05:41, 2000 mL Ref.m, 15, Sample Name:  cool down returned: -25.10.  sampling returned: 2001.60.  check heater returned: 308.20. , [2025] Apr 19 13:55:12, 
[2025] Apr 20 10:12:55, [2025] Apr 20 10:56:00, 2000 mL Ref.m, 15, Sample Name:  cool down returned: -25.10.  sampling returned: 2001.00.  check heater returned: 290.20. , [2025] Apr 19 13:55:12, 
[2025] Apr 20 11:02:55, [2025] Apr 20 11:46:21, 2000 mL Ref.m, 15, Sample Name:  cool down returned: -25.10.  sampling returned: 2001.30.  check heater returned: 305.90. , [2025] Apr 19 13:55:12, 
[2025] Apr 20 11:52:55, [2025] Apr 20 12:10:33, 2000 mL Ref.m, 15, Sample Name:  cool down returned: -25.10. , [2025] Apr 19 13:55:12, Failed at [2025] Apr 20 12:10:33 on sampling, line 833: <class 'TypeError'> signal_handler() takes 2 positional arguments but 3 were given.
[2025] Apr 20 12:10:57, [2025] Apr 20 12:15:00, bake out.m, 15, check heater returned: 308.00. , [2024] Sep 01 17:56:21, 
[2025] Apr 20 12:20:36, [2025] Apr 20 13:07:53, 2000 mL Ref.m, 15, cool down returned: -27.10.  sampling returned: 2001.20.  check heater returned: 306.30. , [2025] Apr 20 12:19:28, 
[2025] Apr 20 13:22:02, [2025] Apr 20 14:03:07, 2000 mL Ref.m, 2, Sample Name: Archive cool down returned: -27.10.  sampling returned: 2001.60.  check heater returned: 298.60. , [2025] Apr 20 12:19:28, 
[2025] Apr 20 14:12:04, [2025] Apr 20 14:13:09, change over.m, 8, , [2024] Feb 22 14:51:17, Failed at [2025] Apr 20 14:13:09 on flush, line 833: <class 'RuntimeError'> Setpoint not reached before the timeout of 30 s.>>>  (from uPy device).
[2025] Apr 20 15:50:08, [2025] Apr 20 15:51:30, change over.m, 8, , [2024] Feb 22 14:51:17, 
[2025] Apr 20 15:50:05, [2025] Apr 20 16:32:30, 2000 mL Ref.m, 8, Sample Name: Archive cool down returned: -28.10.  sampling returned: 2001.30.  check heater returned: 307.50. , [2025] Apr 20 12:19:28, 
[2025] Apr 20 16:40:07, [2025] Apr 20 16:41:31, change over.m, 10, , [2024] Feb 22 14:51:17, 
[2025] Apr 20 16:40:05, [2025] Apr 20 17:26:09, 2000 mL Ref.m, 10, Sample Name: Archive cool down returned: -27.10.  sampling returned: 1703.00.  check heater returned: 308.90. , [2025] Apr 20 12:19:28, 
[2025] Apr 20 17:30:06, [2025] Apr 20 17:31:31, change over.m, 12, , [2024] Feb 22 14:51:17, 
[2025] Apr 20 17:30:05, [2025] Apr 20 18:32:31, 2000 mL Ref.m, 12, Sample Name: Archive cool down returned: -27.10.  sampling returned: 2000.90.  check heater returned: 286.40. , [2025] Apr 20 12:19:28, 
[2025] Apr 20 18:32:34, [2025] Apr 20 18:33:57, change over.m, 15, , [2024] Feb 22 14:51:17, 
[2025] Apr 20 18:32:31, [2025] Apr 20 18:54:02, 2000 mL Ref.m, 15, Sample Name: breathing air, [2025] Apr 20 12:19:28, Failed at [2025] Apr 20 18:54:02 on cool down, line 833: <class 'SystemError'> ads failed to reach -27 in time. Last measured: -26.50.
[2025] Apr 20 19:43:34, [2025] Apr 20 19:47:38, bake out.m, 15, check heater returned: 313.80. , [2024] Sep 01 17:56:21, 
[2025] Apr 20 19:53:30, [2025] Apr 20 20:31:43, 2000 mL Ref.m, 15, cool down returned: -27.10. , [2025] Apr 20 12:19:28, Failed at [2025] Apr 20 20:31:43 on sampling, line 833: <class 'TimeoutError'> Device timed out.
[2025] Apr 20 20:40:41, [2025] Apr 20 20:40:55, bake out.m, 15, , [2024] Sep 01 17:56:21, Failed at [2025] Apr 20 20:40:55 on pre-backflush, line 833: <class 'TypeError'> signal_handler() takes 2 positional arguments but 3 were given.
[2025] Apr 20 20:41:28, [2025] Apr 20 20:45:08, bake out.m, 15, check heater returned: 301.90. , [2024] Sep 01 17:56:21, 
[2025] Apr 20 21:05:32, [2025] Apr 20 21:40:29, 2000 mL Ref.m, 15, cool down returned: -27.60.  sampling returned: 2000.60. , [2025] Apr 20 12:19:28, Failed at [2025] Apr 20 21:40:29 on check heater, line 833: <class 'SystemError'> ads failed to reach 275 in time. Last measured: 279.00.
[2025] Apr 20 21:41:19, [2025] Apr 20 21:45:02, bake out.m, 15, check heater returned: 272.40. , [2024] Sep 01 17:56:21, 
[2025] Apr 20 22:08:18, [2025] Apr 20 22:28:22, 2000 mL Ref.m, 15, , [2025] Apr 20 12:19:28, Failed at [2025] Apr 20 22:28:22 on cool down, line 833: <class 'SystemError'> ads failed to reach -27 in time. Last measured: -26.40.
[2025] Apr 20 22:33:41, [2025] Apr 20 23:16:27, 2000 mL Ref.m, 15, cool down returned: -27.10.  sampling returned: 2000.60.  check heater returned: 291.50. , [2025] Apr 20 12:19:28, 
[2025] Apr 20 23:55:14, [2025] Apr 20 23:56:35, change over.m, 2, , [2024] Feb 22 14:51:17, 
[2025] Apr 20 23:55:13, [2025] Apr 21 00:37:35, 2000 mL Ref.m, 2, Sample Name: Archive cool down returned: -28.60.  sampling returned: 2001.70.  check heater returned: 302.00. , [2025] Apr 20 12:19:28, 
[2025] Apr 21 00:45:14, [2025] Apr 21 00:46:36, change over.m, 4, , [2024] Feb 22 14:51:17, 
[2025] Apr 21 00:45:12, [2025] Apr 21 01:29:55, 2000 mL Ref.m, 4, Sample Name: Archive cool down returned: -27.10.  sampling returned: 2000.50.  check heater returned: 280.30. , [2025] Apr 20 12:19:28, 
[2025] Apr 21 01:35:13, [2025] Apr 21 01:36:36, change over.m, 6, , [2024] Feb 22 14:51:17, 
[2025] Apr 21 01:35:12, [2025] Apr 21 02:21:55, 2000 mL Ref.m, 6, Sample Name: Archive cool down returned: -27.10.  sampling returned: 1999.50.  check heater returned: 303.20. , [2025] Apr 20 12:19:28, 
[2025] Apr 21 02:25:13, [2025] Apr 21 02:26:35, change over.m, 8, , [2024] Feb 22 14:51:17, 
[2025] Apr 21 02:25:12, [2025] Apr 21 03:13:54, 2000 mL Ref.m, 8, Sample Name: Archive cool down returned: -27.10.  sampling returned: 2001.10.  check heater returned: 306.90. , [2025] Apr 20 12:19:28, 
[2025] Apr 21 03:15:13, [2025] Apr 21 03:16:35, change over.m, 10, , [2024] Feb 22 14:51:17, 
[2025] Apr 21 03:15:12, [2025] Apr 21 04:05:42, 2000 mL Ref.m, 10, Sample Name: Archive cool down returned: -27.10.  sampling returned: 2000.50.  check heater returned: 289.50. , [2025] Apr 20 12:19:28, 
[2025] Apr 21 04:05:44, [2025] Apr 21 04:07:09, change over.m, 12, , [2024] Feb 22 14:51:17, 
[2025] Apr 21 04:05:42, [2025] Apr 21 04:57:31, 2000 mL Ref.m, 12, Sample Name: Archive cool down returned: -27.10.  sampling returned: 2000.70.  check heater returned: 304.10. , [2025] Apr 20 12:19:28, 
[2025] Apr 21 04:57:33, [2025] Apr 21 04:58:57, change over.m, 15, , [2024] Feb 22 14:51:17, 
[2025] Apr 21 04:57:31, [2025] Apr 21 05:43:50, 2000 mL Ref.m, 15, Sample Name: breathing air cool down returned: -27.10.  sampling returned: 2000.40. , [2025] Apr 20 12:19:28, Failed at [2025] Apr 21 05:43:50 on check heater, line 833: <class 'SystemError'> ads failed to reach 275 in time. Last measured: 275.60.
[2025] Apr 21 10:24:25, [2025] Apr 21 10:28:28, bake out.m, 15, check heater returned: 270.60. , [2024] Sep 01 17:56:21, 
[2025] Apr 21 10:59:44, [2025] Apr 21 11:35:54, 2000 mL Ref.m, 15, cool down returned: -27.10.  sampling returned: 2001.10. , [2025] Apr 20 12:19:28, Failed at [2025] Apr 21 11:35:54 on check GC, line 832: <class 'OverflowError'> cannot convert float infinity to integer.
[2025] Apr 21 11:49:16, [2025] Apr 21 11:51:42, process sample.m, 15, , [2024] Mar 04 17:22:19, Failed at [2025] Apr 21 11:51:42 on start GC, line 832: <class 'OverflowError'> cannot convert float infinity to integer.
[2025] Apr 21 11:52:17, [2025] Apr 21 11:55:59, bake out.m, 15, check heater returned: 287.20. , [2024] Sep 01 17:56:21, 
[2025] Apr 21 11:59:07, [2025] Apr 21 12:32:54, custom.m, 15, flow=100 volume=2000 temp=300 inject=30.0.  cool down returned: -27.10.  sampling returned: 2002.00.  check heater returned: 298.70. , [2025] Apr 21 11:59:07, 
[2025] Apr 21 12:53:20, [2025] Apr 21 12:54:42, change over.m, 2, , [2024] Feb 22 14:51:17, 
[2025] Apr 21 12:53:19, [2025] Apr 21 13:35:42, 2000 mL Ref.m, 2, Sample Name: Archive cool down returned: -28.60.  sampling returned: 2001.20.  check heater returned: 298.40. , [2025] Apr 20 12:19:28, 
[2025] Apr 21 13:43:21, [2025] Apr 21 13:44:43, change over.m, 4, , [2024] Feb 22 14:51:17, 
[2025] Apr 21 13:43:19, [2025] Apr 21 14:28:30, 2000 mL Ref.m, 4, Sample Name: Archive cool down returned: -27.10.  sampling returned: 2000.40.  check heater returned: 305.10. , [2025] Apr 20 12:19:28, 
[2025] Apr 21 14:33:21, [2025] Apr 21 14:34:44, change over.m, 6, , [2024] Feb 22 14:51:17, 
[2025] Apr 21 14:33:19, [2025] Apr 21 15:20:17, 2000 mL Ref.m, 6, Sample Name: Archive cool down returned: -27.10.  sampling returned: 1999.90.  check heater returned: 304.70. , [2025] Apr 20 12:19:28, 
[2025] Apr 21 15:23:21, [2025] Apr 21 15:24:43, change over.m, 8, , [2024] Feb 22 14:51:17, 
[2025] Apr 21 15:23:19, [2025] Apr 21 16:12:45, 2000 mL Ref.m, 8, Sample Name: Archive cool down returned: -27.10.  sampling returned: 2000.10.  check heater returned: 305.70. , [2025] Apr 20 12:19:28, 
[2025] Apr 21 16:13:20, [2025] Apr 21 16:14:25, change over.m, 10, , [2024] Feb 22 14:51:17, Failed at [2025] Apr 21 16:14:25 on flush, line 832: <class 'RuntimeError'> Setpoint not reached before the timeout of 30 s.>>>  (from uPy device).
[2025] Apr 21 19:51:17, [2025] Apr 21 19:55:19, bake out.m, 10, check heater returned: 311.60. , [2024] Sep 01 17:56:21, 
[2025] Apr 21 20:03:50, [2025] Apr 21 20:05:09, change over.m, 10, , [2024] Feb 22 14:51:17, 
[2025] Apr 21 20:03:46, [2025] Apr 21 20:46:45, 2000 mL Ref.m, 10, Sample Name: Archive cool down returned: -27.10.  sampling returned: 2001.20.  check heater returned: 304.10. , [2025] Apr 20 12:19:28, 
[2025] Apr 21 20:53:48, [2025] Apr 21 20:55:14, change over.m, 12, , [2024] Feb 22 14:51:17, 
[2025] Apr 21 20:53:46, [2025] Apr 21 21:38:46, 2000 mL Ref.m, 12, Sample Name: Archive cool down returned: -27.10.  sampling returned: 2000.40.  check heater returned: 277.90. , [2025] Apr 20 12:19:28, 
[2025] Apr 21 21:43:48, [2025] Apr 21 21:45:12, change over.m, 15, , [2024] Feb 22 14:51:17, 
[2025] Apr 21 21:43:46, [2025] Apr 21 22:32:13, 2000 mL Ref.m, 15, Sample Name: breathing air cool down returned: -27.10.  sampling returned: 2001.10.  check heater returned: 295.00. , [2025] Apr 20 12:19:28, 
[2025] Apr 21 22:33:45, [2025] Apr 21 22:45:28, 2000 mL Ref.m, 15, Sample Name: breathing air cool down returned: -27.10. , [2025] Apr 20 12:19:28, Failed at [2025] Apr 21 22:45:28 on flush, line 832: <class 'TypeError'> signal_handler() takes 2 positional arguments but 3 were given.
[2025] Apr 21 22:52:53, [2025] Apr 21 22:54:14, change over.m, 2, , [2024] Feb 22 14:51:17, 
[2025] Apr 21 22:52:52, [2025] Apr 21 23:29:00, 2000 mL Ref.m, 2, Sample Name: Archive cool down returned: -28.00.  sampling returned: 2001.40. , [2025] Apr 20 12:19:28, Failed at [2025] Apr 21 23:29:00 on check heater, line 832: <class 'SystemError'> ads failed to reach 275 in time. Last measured: 243.70.
[2025] Apr 21 23:55:38, [2025] Apr 21 23:59:32, bake out.m, 2, check heater returned: 294.80. , [2024] Sep 01 17:56:21, 
[2025] Apr 22 00:11:53, [2025] Apr 22 00:13:15, change over.m, 2, , [2024] Feb 22 14:51:17, 
[2025] Apr 22 00:11:52, [2025] Apr 22 00:54:14, 2000 mL Ref.m, 2, Sample Name: Archive cool down returned: -26.80.  sampling returned: 2001.20.  check heater returned: 300.90. , [2025] Apr 20 12:19:28, 
[2025] Apr 22 01:01:54, [2025] Apr 22 01:03:16, change over.m, 4, , [2024] Feb 22 14:51:17, 
[2025] Apr 22 01:01:52, [2025] Apr 22 01:44:18, 2000 mL Ref.m, 4, Sample Name: Archive cool down returned: -25.10.  sampling returned: 2000.80.  check heater returned: 323.00. , [2025] Apr 20 12:19:28, 
[2025] Apr 22 01:51:53, [2025] Apr 22 01:53:16, change over.m, 6, , [2024] Feb 22 14:51:17, 
[2025] Apr 22 01:51:51, [2025] Apr 22 02:34:17, 2000 mL Ref.m, 6, Sample Name: Archive cool down returned: -25.20.  sampling returned: 1999.90.  check heater returned: 300.20. , [2025] Apr 20 12:19:28, 
[2025] Apr 22 02:41:52, [2025] Apr 22 02:43:15, change over.m, 8, , [2024] Feb 22 14:51:17, 
[2025] Apr 22 02:41:51, [2025] Apr 22 03:24:17, 2000 mL Ref.m, 8, Sample Name: Archive cool down returned: -25.40.  sampling returned: 1999.30.  check heater returned: 319.20. , [2025] Apr 20 12:19:28, 
[2025] Apr 22 03:31:52, [2025] Apr 22 03:33:14, change over.m, 10, , [2024] Feb 22 14:51:17, 
[2025] Apr 22 03:31:50, [2025] Apr 22 04:14:14, 2000 mL Ref.m, 10, Sample Name: Archive cool down returned: -25.50.  sampling returned: 2000.70.  check heater returned: 322.70. , [2025] Apr 20 12:19:28, 
[2025] Apr 22 04:21:52, [2025] Apr 22 04:23:18, change over.m, 12, , [2024] Feb 22 14:51:17, 
[2025] Apr 22 04:21:50, [2025] Apr 22 05:04:19, 2000 mL Ref.m, 12, Sample Name: Archive cool down returned: -25.80.  sampling returned: 2001.00.  check heater returned: 318.50. , [2025] Apr 20 12:19:28, 
[2025] Apr 22 05:11:52, [2025] Apr 22 05:13:16, change over.m, 15, , [2024] Feb 22 14:51:17, 
[2025] Apr 22 05:11:50, [2025] Apr 22 05:54:14, 2000 mL Ref.m, 15, Sample Name: breathing air cool down returned: -25.60.  sampling returned: 2000.50.  check heater returned: 275.80. , [2025] Apr 20 12:19:28, 
[2025] Apr 22 06:01:50, [2025] Apr 22 06:43:50, 2000 mL Ref.m, 15, Sample Name: breathing air cool down returned: -25.10.  sampling returned: 2001.30.  check heater returned: 295.50. , [2025] Apr 20 12:19:28, 
[2025] Apr 22 06:51:49, [2025] Apr 22 07:33:12, 2000 mL Ref.m, 15, Sample Name: breathing air cool down returned: -25.10.  sampling returned: 2001.00.  check heater returned: 308.50. , [2025] Apr 20 12:19:28, 
[2025] Apr 22 07:41:49, [2025] Apr 22 08:22:58, 2000 mL Ref.m, 15, Sample Name: breathing air cool down returned: -25.30.  sampling returned: 2000.40.  check heater returned: 305.40. , [2025] Apr 20 12:19:28, 
[2025] Apr 22 08:31:49, [2025] Apr 22 09:12:58, 2000 mL Ref.m, 15, Sample Name: breathing air cool down returned: -25.70.  sampling returned: 2000.60.  check heater returned: 306.70. , [2025] Apr 20 12:19:28, 
[2025] Apr 22 09:21:49, [2025] Apr 22 10:02:57, 2000 mL Ref.m, 15, Sample Name: breathing air cool down returned: -25.60.  sampling returned: 2001.30.  check heater returned: 287.80. , [2025] Apr 20 12:19:28, 
[2025] Apr 22 10:11:48, [2025] Apr 22 10:26:00, 2000 mL Ref.m, 15, Sample Name: breathing air cool down returned: -25.60. , [2025] Apr 20 12:19:28, Failed at [2025] Apr 22 10:26:00 on sampling, line 832: <class 'TypeError'> signal_handler() takes 2 positional arguments but 3 were given.
[2025] Apr 22 10:26:33, [2025] Apr 22 10:30:27, bake out.m, 15, check heater returned: 280.30. , [2024] Sep 01 17:56:21, 
[2025] Apr 22 10:32:49, [2025] Apr 22 10:34:10, change over.m, 6, , [2024] Feb 22 14:51:17, 
[2025] Apr 22 10:32:47, [2025] Apr 22 11:20:48, 2000 mL Ref.m, 6, Sample Name: Archive cool down returned: -26.10.  sampling returned: 1999.70.  check heater returned: 292.10. , [2025] Apr 20 12:19:28, 
[2025] Apr 22 11:22:48, [2025] Apr 22 11:24:11, change over.m, 8, , [2024] Feb 22 14:51:17, 
[2025] Apr 22 11:22:46, [2025] Apr 22 12:11:27, 2000 mL Ref.m, 8, Sample Name: Archive cool down returned: -26.10.  sampling returned: 1999.50.  check heater returned: 279.40. , [2025] Apr 20 12:19:28, 
[2025] Apr 22 12:12:49, [2025] Apr 22 12:14:13, change over.m, 12, , [2024] Feb 22 14:51:17, 
[2025] Apr 22 12:12:46, [2025] Apr 22 13:01:42, 2000 mL Ref.m, 12, Sample Name: Archive cool down returned: -26.10.  sampling returned: 2001.30.  check heater returned: 276.50. , [2025] Apr 20 12:19:28, 
[2025] Apr 22 13:02:48, [2025] Apr 22 13:04:09, change over.m, 15, , [2024] Feb 22 14:51:17, 
[2025] Apr 22 13:02:46, [2025] Apr 22 13:52:20, 2000 mL Ref.m, 15, Sample Name: breathing air cool down returned: -26.10.  sampling returned: 2000.50.  check heater returned: 277.80. , [2025] Apr 20 12:19:28, 
[2025] Apr 22 13:52:46, [2025] Apr 22 14:03:22, 2000 mL Ref.m, 15, Sample Name: breathing air cool down returned: -26.10. , [2025] Apr 20 12:19:28, Failed at [2025] Apr 22 14:03:22 on sampling, line 832: <class 'TypeError'> signal_handler() takes 2 positional arguments but 3 were given.
[2025] Apr 22 14:03:49, [2025] Apr 22 14:07:37, bake out.m, 15, check heater returned: 314.10. , [2024] Sep 01 17:56:21, 
[2025] Apr 22 14:33:07, [2025] Apr 22 14:34:28, change over.m, 2, , [2024] Feb 22 14:51:17, 
[2025] Apr 22 14:33:05, [2025] Apr 22 15:15:27, 2000 mL Ref.m, 2, Sample Name: Archive cool down returned: -28.30.  sampling returned: 2000.60.  check heater returned: 276.10. , [2025] Apr 20 12:19:28, 
[2025] Apr 22 15:23:06, [2025] Apr 22 15:24:28, change over.m, 4, , [2024] Feb 22 14:51:17, 
[2025] Apr 22 15:23:05, [2025] Apr 22 16:06:26, 2000 mL Ref.m, 4, Sample Name: Archive cool down returned: -26.10.  sampling returned: 2001.00.  check heater returned: 307.10. , [2025] Apr 20 12:19:28, 
[2025] Apr 22 16:13:06, [2025] Apr 22 16:14:29, change over.m, 6, , [2024] Feb 22 14:51:17, 
[2025] Apr 22 16:13:05, [2025] Apr 22 16:57:27, 2000 mL Ref.m, 6, Sample Name: Archive cool down returned: -26.10.  sampling returned: 1847.90.  check heater returned: 312.90. , [2025] Apr 20 12:19:28, 
[2025] Apr 22 17:03:06, [2025] Apr 22 17:04:28, change over.m, 8, , [2024] Feb 22 14:51:17, 
[2025] Apr 22 17:03:04, [2025] Apr 22 17:48:40, 2000 mL Ref.m, 8, Sample Name: Archive cool down returned: -26.10.  sampling returned: 1873.30.  check heater returned: 312.60. , [2025] Apr 20 12:19:28, 
[2025] Apr 22 17:53:05, [2025] Apr 22 17:54:27, change over.m, 10, , [2024] Feb 22 14:51:17, 
[2025] Apr 22 17:53:04, [2025] Apr 22 18:39:46, 2000 mL Ref.m, 10, Sample Name: Archive cool down returned: -26.10.  sampling returned: 2000.70.  check heater returned: 282.50. , [2025] Apr 20 12:19:28, 
[2025] Apr 22 18:43:05, [2025] Apr 22 18:44:29, change over.m, 12, , [2024] Feb 22 14:51:17, 
[2025] Apr 22 18:43:03, [2025] Apr 22 19:31:00, 2000 mL Ref.m, 12, Sample Name: Archive cool down returned: -26.10.  sampling returned: 2001.00.  check heater returned: 315.30. , [2025] Apr 20 12:19:28, 
[2025] Apr 22 19:33:05, [2025] Apr 22 19:34:26, change over.m, 15, , [2024] Feb 22 14:51:17, 
[2025] Apr 22 19:33:03, [2025] Apr 22 20:22:30, 2000 mL Ref.m, 15, Sample Name: breathing air cool down returned: -26.10.  sampling returned: 2000.60.  check heater returned: 279.80. , [2025] Apr 20 12:19:28, 
[2025] Apr 22 20:52:07, [2025] Apr 22 21:27:02, 2000 mL Ref.m, 15, Sample Name: breathing air cool down returned: -27.90.  sampling returned: 2001.20. , [2025] Apr 22 20:51:40, Failed at [2025] Apr 22 21:27:02 on check heater, line 832: <class 'SystemError'> ads failed to reach 250 in time. Last measured: -27.90.
[2025] Apr 23 09:35:06, [2025] Apr 23 09:36:39, bake out.m, 15, , [2024] Sep 01 17:56:21, Failed at [2025] Apr 23 09:36:39 on check heater, line 832: <class 'SystemError'> ads failed to reach 250 in time. Last measured: -26.60.
[2025] Apr 23 09:37:55, [2025] Apr 23 09:41:42, bake out.m, 15, check heater returned: 271.70. , [2024] Sep 01 17:56:21, 
[2025] Apr 23 12:35:23, [2025] Apr 23 13:20:30, 2000 mL Ref.m, 15, cool down returned: -26.10.  sampling returned: 2001.20.  check heater returned: 274.60. , [2025] Apr 22 20:51:40, 
[2025] Apr 23 14:29:49, [2025] Apr 23 15:09:15, 2000 mL Ref.m, 15, cool down returned: -29.10.  sampling returned: 2000.60.  check heater returned: 281.40. , [2025] Apr 22 20:51:40, 
[2025] Apr 23 15:27:45, [2025] Apr 23 15:28:02, 2000 mL Ref.m, 15, cool down returned: -28.40. , [2025] Apr 22 20:51:40, Failed at [2025] Apr 23 15:28:02 on flush, line 832: <class 'TypeError'> signal_handler() takes 2 positional arguments but 3 were given.
[2025] Apr 23 15:42:55, [2025] Apr 23 15:44:17, change over.m, 4, , [2024] Feb 22 14:51:17, 
[2025] Apr 23 15:42:53, [2025] Apr 23 16:23:35, 2000 mL Ref.m, 4, Sample Name: Archive cool down returned: -28.50.  sampling returned: 2001.30.  check heater returned: 301.60. , [2025] Apr 22 20:51:40, 
[2025] Apr 23 16:32:54, [2025] Apr 23 16:34:16, change over.m, 6, , [2024] Feb 22 14:51:17, 
[2025] Apr 23 16:32:53, [2025] Apr 23 17:15:46, 2000 mL Ref.m, 6, Sample Name: Archive cool down returned: -26.20.  sampling returned: 1999.50.  check heater returned: 279.70. , [2025] Apr 22 20:51:40, 
[2025] Apr 23 17:22:54, [2025] Apr 23 17:24:16, change over.m, 8, , [2024] Feb 22 14:51:17, 
[2025] Apr 23 17:22:52, [2025] Apr 23 18:08:01, 2000 mL Ref.m, 8, Sample Name: Archive cool down returned: -26.10.  sampling returned: 1990.80.  check heater returned: 275.10. , [2025] Apr 22 20:51:40, 
[2025] Apr 23 18:12:55, [2025] Apr 23 18:14:16, change over.m, 15, , [2024] Feb 22 14:51:17, 
[2025] Apr 23 18:12:51, [2025] Apr 23 19:00:20, 2000 mL Ref.m, 15, Sample Name: breathing air cool down returned: -26.10.  sampling returned: 2001.20.  check heater returned: 298.90. , [2025] Apr 22 20:51:40, 
[2025] Apr 23 19:02:51, [2025] Apr 23 19:52:40, 2000 mL Ref.m, 15, Sample Name: breathing air cool down returned: -26.10.  sampling returned: 2001.40.  check heater returned: 277.10. , [2025] Apr 22 20:51:40, 
[2025] Apr 23 19:52:51, [2025] Apr 23 19:57:56, 2000 mL Ref.m, 15, Sample Name: breathing air, [2025] Apr 22 20:51:40, Failed at [2025] Apr 23 19:57:56 on cool down, line 832: <class 'TypeError'> signal_handler() takes 2 positional arguments but 3 were given.
[2025] Apr 24 16:15:24, [2025] Apr 24 16:15:39, 2000 mL Ref.m, 15, , [2025] Apr 22 20:51:40, Failed at [2025] Apr 24 16:15:39 on cool down, line 832: <class 'TypeError'> signal_handler() takes 2 positional arguments but 3 were given.
[2025] Apr 24 16:22:17, [2025] Apr 24 17:04:16, 2000 mL Ref.m, 15, cool down returned: -31.60.  sampling returned: 2001.10.  check heater returned: 298.30. , [2025] Apr 24 16:18:04, 
[2025] Apr 24 17:44:37, [2025] Apr 24 18:25:09, 2000 mL Ref.m, 15, cool down returned: -35.70.  sampling returned: 2001.10.  check heater returned: 293.60. , [2025] Apr 24 17:05:14, 
[2025] Apr 24 18:53:34, [2025] Apr 24 19:34:08, 2000 mL Ref.m, 15, cool down returned: -35.20.  sampling returned: 2000.80.  check heater returned: 293.80. , [2025] Apr 24 18:26:15, 
[2025] Apr 24 19:48:53, [2025] Apr 24 19:48:56, 2000 mL Ref.m, 15, Sample Name: breathing air, [2025] Apr 24 19:38:54, Failed at [2025] Apr 24 19:48:56 on cool down, line 832: <class 'TypeError'> signal_handler() takes 2 positional arguments but 3 were given.
[2025] Apr 24 19:49:05, [2025] Apr 24 20:29:41, 2000 mL Ref.m, 15, Sample Name: breathing air cool down returned: -34.40.  sampling returned: 2001.00.  check heater returned: 295.00. , [2025] Apr 24 19:38:54, 
[2025] Apr 24 20:39:05, [2025] Apr 24 21:21:04, 2000 mL Ref.m, 15, Sample Name: breathing air cool down returned: -32.00.  sampling returned: 2000.20.  check heater returned: 297.30. , [2025] Apr 24 19:38:54, 
[2025] Apr 24 21:29:05, [2025] Apr 24 22:12:25, 2000 mL Ref.m, 15, Sample Name: breathing air cool down returned: -30.40.  sampling returned: 2001.30.  check heater returned: 294.80. , [2025] Apr 24 19:38:54, 
[2025] Apr 24 22:19:04, [2025] Apr 24 23:03:48, 2000 mL Ref.m, 15, Sample Name: breathing air cool down returned: -30.10.  sampling returned: 2000.70.  check heater returned: 297.80. , [2025] Apr 24 19:38:54, 
[2025] Apr 24 23:09:04, [2025] Apr 24 23:55:10, 2000 mL Ref.m, 15, Sample Name: breathing air cool down returned: -30.10.  sampling returned: 2000.60.  check heater returned: 296.30. , [2025] Apr 24 19:38:54, 
[2025] Apr 24 23:59:04, [2025] Apr 25 00:46:31, 2000 mL Ref.m, 15, Sample Name: breathing air cool down returned: -30.10.  sampling returned: 2001.30.  check heater returned: 295.70. , [2025] Apr 24 19:38:54, 
[2025] Apr 25 00:49:04, [2025] Apr 25 01:37:53, 2000 mL Ref.m, 15, Sample Name: breathing air cool down returned: -30.10.  sampling returned: 2000.30.  check heater returned: 296.60. , [2025] Apr 24 19:38:54, 
[2025] Apr 25 01:39:03, [2025] Apr 25 02:29:14, 2000 mL Ref.m, 15, Sample Name: breathing air cool down returned: -30.10.  sampling returned: 2000.60.  check heater returned: 296.00. , [2025] Apr 24 19:38:54, 
[2025] Apr 25 02:29:14, [2025] Apr 25 03:20:31, 2000 mL Ref.m, 15, Sample Name: breathing air cool down returned: -30.10.  sampling returned: 2001.00.  check heater returned: 296.30. , [2025] Apr 24 19:38:54, 
[2025] Apr 25 03:20:31, [2025] Apr 25 04:08:31, blank.m, 15, Sample Name: breathing air cool down returned: -30.10.  sampling returned: 1995.00.  check heater returned: 299.30. , [2025] Apr 18 11:38:06, 
[2025] Apr 25 04:10:31, [2025] Apr 25 05:03:13, 2000 mL Ref.m, 15, Sample Name: breathing air cool down returned: -30.10.  sampling returned: 2000.80.  check heater returned: 295.80. , [2025] Apr 24 19:38:54, 
[2025] Apr 25 05:03:13, [2025] Apr 25 05:54:35, 2000 mL Ref.m, 15, Sample Name: breathing air cool down returned: -30.10.  sampling returned: 2000.50.  check heater returned: 293.80. , [2025] Apr 24 19:38:54, 
[2025] Apr 25 05:54:35, [2025] Apr 25 06:45:57, 2000 mL Ref.m, 15, Sample Name: breathing air cool down returned: -30.10.  sampling returned: 2000.50.  check heater returned: 292.20. , [2025] Apr 24 19:38:54, 
[2025] Apr 25 06:45:57, [2025] Apr 25 07:37:13, 2000 mL Ref.m, 15, Sample Name: breathing air cool down returned: -30.10.  sampling returned: 2000.50.  check heater returned: 295.30. , [2025] Apr 24 19:38:54, 
[2025] Apr 25 07:37:13, [2025] Apr 25 08:28:29, 2000 mL Ref.m, 15, Sample Name: breathing air cool down returned: -30.10.  sampling returned: 2001.00.  check heater returned: 295.20. , [2025] Apr 24 19:38:54, 
[2025] Apr 25 08:28:29, [2025] Apr 25 08:51:11, 2000 mL Ref.m, 15, Sample Name: breathing air cool down returned: -30.10. , [2025] Apr 24 19:38:54, Failed at [2025] Apr 25 08:51:11 on sampling, line 832: <class 'TypeError'> signal_handler() takes 2 positional arguments but 3 were given.
[2025] Apr 25 08:51:45, [2025] Apr 25 08:55:42, bake out.m, 15, check heater returned: 267.00. , [2024] Sep 01 17:56:21, 
[2025] Apr 25 09:05:31, [2025] Apr 25 09:50:22, 2000 mL Ref.m, 15, cool down returned: -30.10.  sampling returned: 2000.40.  check heater returned: 307.50. , [2025] Apr 25 09:05:16, 
[2025] Apr 25 10:12:00, [2025] Apr 25 10:52:48, 2000 mL Ref.m, 15, cool down returned: -34.40.  sampling returned: 2000.90.  check heater returned: 308.50. , [2025] Apr 25 10:11:35, 
[2025] Apr 25 11:12:06, [2025] Apr 25 11:13:27, change over.m, 2, , [2024] Feb 22 14:51:17, 
[2025] Apr 25 11:12:05, [2025] Apr 25 11:54:08, 2000 mL Ref.m, 2, Sample Name: Archive cool down returned: -34.10.  sampling returned: 2001.40.  check heater returned: 311.00. , [2025] Apr 25 10:11:35, 
[2025] Apr 25 12:02:06, [2025] Apr 25 12:03:29, change over.m, 4, , [2024] Feb 22 14:51:17, 
[2025] Apr 25 12:02:04, [2025] Apr 25 12:45:25, 2000 mL Ref.m, 4, Sample Name: Archive cool down returned: -31.30.  sampling returned: 1999.90.  check heater returned: 319.70. , [2025] Apr 25 10:11:35, 
[2025] Apr 25 12:52:05, [2025] Apr 25 12:53:28, change over.m, 6, , [2024] Feb 22 14:51:17, 
[2025] Apr 25 12:52:04, [2025] Apr 25 13:36:41, 2000 mL Ref.m, 6, Sample Name: Archive cool down returned: -30.10.  sampling returned: 2001.00.  check heater returned: 320.70. , [2025] Apr 25 10:11:35, 
[2025] Apr 25 13:42:05, [2025] Apr 25 13:43:29, change over.m, 8, , [2024] Feb 22 14:51:17, 
[2025] Apr 25 13:42:03, [2025] Apr 25 14:27:57, 2000 mL Ref.m, 8, Sample Name: Archive cool down returned: -30.10.  sampling returned: 2000.90.  check heater returned: 312.20. , [2025] Apr 25 10:11:35, 
[2025] Apr 25 14:32:04, [2025] Apr 25 14:33:26, change over.m, 10, , [2024] Feb 22 14:51:17, 
[2025] Apr 25 14:32:02, [2025] Apr 25 15:19:18, 2000 mL Ref.m, 10, Sample Name: Archive cool down returned: -30.10.  sampling returned: 2000.50.  check heater returned: 309.60. , [2025] Apr 25 10:11:35, 
[2025] Apr 25 15:22:03, [2025] Apr 25 15:23:28, change over.m, 12, , [2024] Feb 22 14:51:17, 
[2025] Apr 25 15:22:01, [2025] Apr 25 16:10:35, 2000 mL Ref.m, 12, Sample Name: Archive cool down returned: -30.10.  sampling returned: 2001.10.  check heater returned: 310.00. , [2025] Apr 25 10:11:35, 
[2025] Apr 25 16:12:03, [2025] Apr 25 16:13:26, change over.m, 15, , [2024] Feb 22 14:51:17, 
[2025] Apr 25 16:12:01, [2025] Apr 25 17:01:56, 2000 mL Ref.m, 15, Sample Name: breathing air cool down returned: -30.10.  sampling returned: 2001.20.  check heater returned: 310.50. , [2025] Apr 25 10:11:35, 
[2025] Apr 25 17:02:00, [2025] Apr 25 17:53:17, 2000 mL Ref.m, 15, Sample Name: breathing air cool down returned: -30.10.  sampling returned: 2000.70.  check heater returned: 311.30. , [2025] Apr 25 10:11:35, 
[2025] Apr 25 18:03:31, [2025] Apr 25 18:04:52, change over.m, 2, , [2024] Feb 22 14:51:17, 
[2025] Apr 25 18:03:30, [2025] Apr 25 18:45:33, 2000 mL Ref.m, 2, Sample Name: Archive cool down returned: -32.90.  sampling returned: 2001.40.  check heater returned: 315.20. , [2025] Apr 25 10:11:35, 
[2025] Apr 25 18:53:31, [2025] Apr 25 18:54:55, change over.m, 4, , [2024] Feb 22 14:51:17, 
[2025] Apr 25 18:53:29, [2025] Apr 25 19:36:47, 2000 mL Ref.m, 4, Sample Name: Archive cool down returned: -31.30.  sampling returned: 1778.40.  check heater returned: 312.90. , [2025] Apr 25 10:11:35, 
[2025] Apr 25 19:43:30, [2025] Apr 25 19:44:52, change over.m, 6, , [2024] Feb 22 14:51:17, 
[2025] Apr 25 19:43:29, [2025] Apr 25 20:28:02, 2000 mL Ref.m, 6, Sample Name: Archive cool down returned: -30.10.  sampling returned: 2000.10.  check heater returned: 322.50. , [2025] Apr 25 10:11:35, 
[2025] Apr 25 20:33:30, [2025] Apr 25 20:34:53, change over.m, 8, , [2024] Feb 22 14:51:17, 
[2025] Apr 25 20:33:28, [2025] Apr 25 21:19:22, 2000 mL Ref.m, 8, Sample Name: Archive cool down returned: -30.10.  sampling returned: 1880.50.  check heater returned: 322.20. , [2025] Apr 25 10:11:35, 
[2025] Apr 25 21:23:30, [2025] Apr 25 21:24:51, change over.m, 10, , [2024] Feb 22 14:51:17, 
[2025] Apr 25 21:23:28, [2025] Apr 25 22:10:38, 2000 mL Ref.m, 10, Sample Name: Archive cool down returned: -30.10.  sampling returned: 2001.10.  check heater returned: 309.60. , [2025] Apr 25 10:11:35, 
[2025] Apr 25 22:13:29, [2025] Apr 25 22:14:54, change over.m, 12, , [2024] Feb 22 14:51:17, 
[2025] Apr 25 22:13:28, [2025] Apr 25 23:01:53, 2000 mL Ref.m, 12, Sample Name: Archive cool down returned: -30.10.  sampling returned: 2000.40.  check heater returned: 311.10. , [2025] Apr 25 10:11:35, 
[2025] Apr 25 23:03:30, [2025] Apr 25 23:04:53, change over.m, 15, , [2024] Feb 22 14:51:17, 
[2025] Apr 25 23:03:28, [2025] Apr 25 23:53:14, 2000 mL Ref.m, 15, Sample Name: breathing air cool down returned: -30.10.  sampling returned: 2000.20.  check heater returned: 311.80. , [2025] Apr 25 10:11:35, 
[2025] Apr 25 23:53:27, [2025] Apr 26 00:44:30, 2000 mL Ref.m, 15, Sample Name: breathing air cool down returned: -30.10.  sampling returned: 2001.40.  check heater returned: 307.70. , [2025] Apr 25 10:11:35, 
[2025] Apr 26 00:44:30, [2025] Apr 26 01:35:45, 2000 mL Ref.m, 15, Sample Name: breathing air cool down returned: -30.10.  sampling returned: 2001.40.  check heater returned: 307.80. , [2025] Apr 25 10:11:35, 
[2025] Apr 26 01:35:45, [2025] Apr 26 02:26:59, 2000 mL Ref.m, 15, Sample Name: breathing air cool down returned: -30.10.  sampling returned: 2000.20.  check heater returned: 307.40. , [2025] Apr 25 10:11:35, 
[2025] Apr 26 02:26:59, [2025] Apr 26 03:18:14, 2000 mL Ref.m, 15, Sample Name: breathing air cool down returned: -30.10.  sampling returned: 2001.50.  check heater returned: 308.70. , [2025] Apr 25 10:11:35, 
[2025] Apr 26 03:18:14, [2025] Apr 26 04:09:26, 2000 mL Ref.m, 15, Sample Name: breathing air cool down returned: -30.10.  sampling returned: 2000.30.  check heater returned: 308.30. , [2025] Apr 25 10:11:35, 
[2025] Apr 26 04:09:26, [2025] Apr 26 05:00:40, 2000 mL Ref.m, 15, Sample Name: breathing air cool down returned: -30.10.  sampling returned: 2000.50.  check heater returned: 309.70. , [2025] Apr 25 10:11:35, 
[2025] Apr 26 05:00:40, [2025] Apr 26 05:51:52, 2000 mL Ref.m, 15, Sample Name: breathing air cool down returned: -30.10.  sampling returned: 2000.60.  check heater returned: 310.20. , [2025] Apr 25 10:11:35, 
[2025] Apr 26 05:51:52, [2025] Apr 26 06:43:07, 2000 mL Ref.m, 15, Sample Name: breathing air cool down returned: -30.10.  sampling returned: 2001.20.  check heater returned: 309.90. , [2025] Apr 25 10:11:35, 
[2025] Apr 26 06:43:07, [2025] Apr 26 07:34:22, 2000 mL Ref.m, 15, Sample Name: breathing air cool down returned: -30.10.  sampling returned: 2000.40.  check heater returned: 308.40. , [2025] Apr 25 10:11:35, 
[2025] Apr 26 07:34:22, [2025] Apr 26 08:25:36, 2000 mL Ref.m, 15, Sample Name: breathing air cool down returned: -30.10.  sampling returned: 2001.60.  check heater returned: 306.00. , [2025] Apr 25 10:11:35, 
[2025] Apr 26 08:25:36, [2025] Apr 26 09:16:51, 2000 mL Ref.m, 15, Sample Name: breathing air cool down returned: -30.10.  sampling returned: 2000.50.  check heater returned: 309.50. , [2025] Apr 25 10:11:35, 
[2025] Apr 26 09:16:51, [2025] Apr 26 10:08:10, 2000 mL Ref.m, 15, Sample Name: breathing air cool down returned: -30.10.  sampling returned: 2000.80.  check heater returned: 309.80. , [2025] Apr 25 10:11:35, 
[2025] Apr 26 10:08:10, [2025] Apr 26 10:59:25, 2000 mL Ref.m, 15, Sample Name: breathing air cool down returned: -30.10.  sampling returned: 2000.70.  check heater returned: 308.40. , [2025] Apr 25 10:11:35, 
[2025] Apr 26 10:59:25, [2025] Apr 26 11:50:41, 2000 mL Ref.m, 15, Sample Name: breathing air cool down returned: -30.10.  sampling returned: 2000.40.  check heater returned: 307.90. , [2025] Apr 25 10:11:35, 
[2025] Apr 26 12:04:07, [2025] Apr 26 12:05:27, change over.m, 4, , [2024] Feb 22 14:51:17, 
[2025] Apr 26 12:04:05, [2025] Apr 26 12:46:08, 2000 mL Ref.m, 4, Sample Name: Archive cool down returned: -34.00.  sampling returned: 2000.60.  check heater returned: 308.00. , [2025] Apr 25 10:11:35, 
[2025] Apr 26 12:54:07, [2025] Apr 26 12:55:28, change over.m, 8, , [2024] Feb 22 14:51:17, 
[2025] Apr 26 12:54:05, [2025] Apr 26 13:37:24, 2000 mL Ref.m, 8, Sample Name: Archive cool down returned: -31.70.  sampling returned: 2000.40.  check heater returned: 308.70. , [2025] Apr 25 10:11:35, 
[2025] Apr 26 13:44:07, [2025] Apr 26 13:45:30, change over.m, 15, , [2024] Feb 22 14:51:17, 
[2025] Apr 26 13:44:04, [2025] Apr 26 14:45:57, 2000 mL Ref.m, 15, Sample Name: breathing air cool down returned: -30.20.  sampling returned: 2000.60.  check heater returned: 308.60. , [2025] Apr 25 10:11:35, 
[2025] Apr 26 14:45:57, [2025] Apr 26 14:54:15, 2000 mL Ref.m, 15, Sample Name: breathing air cool down returned: -30.10. , [2025] Apr 25 10:11:35, Failed at [2025] Apr 26 14:54:15 on flush, line 832: <class 'TypeError'> signal_handler() takes 2 positional arguments but 3 were given.
[2025] Apr 26 15:21:44, [2025] Apr 26 16:02:22, 2000 mL Ref.m, 15, cool down returned: -34.70.  sampling returned: 2001.00.  check heater returned: 308.10. , [2025] Apr 25 10:11:35, 
[2025] Apr 26 16:23:33, [2025] Apr 26 16:24:53, change over.m, 2, , [2024] Feb 22 14:51:17, 
[2025] Apr 26 16:23:32, [2025] Apr 26 17:05:33, 2000 mL Ref.m, 2, Sample Name: Archive cool down returned: -34.50.  sampling returned: 2001.30.  check heater returned: 307.60. , [2025] Apr 25 10:11:35, 
[2025] Apr 26 17:13:33, [2025] Apr 26 17:14:55, change over.m, 4, , [2024] Feb 22 14:51:17, 
[2025] Apr 26 17:13:31, [2025] Apr 26 17:56:48, 2000 mL Ref.m, 4, Sample Name: Archive cool down returned: -31.40.  sampling returned: 2000.50.  check heater returned: 306.20. , [2025] Apr 25 10:11:35, 
[2025] Apr 26 18:03:33, [2025] Apr 26 18:04:54, change over.m, 6, , [2024] Feb 22 14:51:17, 
[2025] Apr 26 18:03:31, [2025] Apr 26 18:48:04, 2000 mL Ref.m, 6, Sample Name: Archive cool down returned: -30.30.  sampling returned: 2000.40.  check heater returned: 307.80. , [2025] Apr 25 10:11:35, 
[2025] Apr 26 18:53:32, [2025] Apr 26 18:54:53, change over.m, 8, , [2024] Feb 22 14:51:17, 
[2025] Apr 26 18:53:31, [2025] Apr 26 19:39:19, 2000 mL Ref.m, 8, Sample Name: Archive cool down returned: -30.10.  sampling returned: 2000.50.  check heater returned: 309.20. , [2025] Apr 25 10:11:35, 
[2025] Apr 26 19:43:32, [2025] Apr 26 19:44:56, change over.m, 10, , [2024] Feb 22 14:51:17, 
[2025] Apr 26 19:43:31, [2025] Apr 26 20:30:34, 2000 mL Ref.m, 10, Sample Name: Archive cool down returned: -30.10.  sampling returned: 2000.80.  check heater returned: 308.00. , [2025] Apr 25 10:11:35, 
[2025] Apr 26 20:33:32, [2025] Apr 26 20:34:57, change over.m, 12, , [2024] Feb 22 14:51:17, 
[2025] Apr 26 20:33:30, [2025] Apr 26 21:21:47, 2000 mL Ref.m, 12, Sample Name: Archive cool down returned: -30.10.  sampling returned: 2001.20.  check heater returned: 306.80. , [2025] Apr 25 10:11:35, 
[2025] Apr 26 21:23:32, [2025] Apr 26 21:24:55, change over.m, 15, , [2024] Feb 22 14:51:17, 
[2025] Apr 26 21:23:29, [2025] Apr 26 22:13:03, 2000 mL Ref.m, 15, Sample Name: breathing air cool down returned: -30.10.  sampling returned: 2001.20.  check heater returned: 307.00. , [2025] Apr 25 10:11:35, 
[2025] Apr 26 22:23:50, [2025] Apr 26 22:25:11, change over.m, 2, , [2024] Feb 22 14:51:17, 
[2025] Apr 26 22:23:49, [2025] Apr 26 23:05:52, 2000 mL Ref.m, 2, Sample Name: Archive cool down returned: -33.00.  sampling returned: 2001.70.  check heater returned: 308.80. , [2025] Apr 25 10:11:35, 
[2025] Apr 26 23:13:51, [2025] Apr 26 23:15:12, change over.m, 4, , [2024] Feb 22 14:51:17, 
[2025] Apr 26 23:13:49, [2025] Apr 26 23:57:07, 2000 mL Ref.m, 4, Sample Name: Archive cool down returned: -30.90.  sampling returned: 2001.50.  check heater returned: 313.70. , [2025] Apr 25 10:11:35, 
[2025] Apr 27 00:03:51, [2025] Apr 27 00:05:12, change over.m, 6, , [2024] Feb 22 14:51:17, 
[2025] Apr 27 00:03:49, [2025] Apr 27 00:48:23, 2000 mL Ref.m, 6, Sample Name: Archive cool down returned: -30.20.  sampling returned: 2001.00.  check heater returned: 315.00. , [2025] Apr 25 10:11:35, 
[2025] Apr 27 00:53:50, [2025] Apr 27 00:55:11, change over.m, 8, , [2024] Feb 22 14:51:17, 
[2025] Apr 27 00:53:49, [2025] Apr 27 01:39:38, 2000 mL Ref.m, 8, Sample Name: Archive cool down returned: -30.10.  sampling returned: 2000.70.  check heater returned: 311.80. , [2025] Apr 25 10:11:35, 
[2025] Apr 27 01:43:50, [2025] Apr 27 01:45:14, change over.m, 10, , [2024] Feb 22 14:51:17, 
[2025] Apr 27 01:43:48, [2025] Apr 27 02:30:50, 2000 mL Ref.m, 10, Sample Name: Archive cool down returned: -30.10.  sampling returned: 1930.90.  check heater returned: 313.30. , [2025] Apr 25 10:11:35, 
[2025] Apr 27 02:33:50, [2025] Apr 27 02:35:14, change over.m, 12, , [2024] Feb 22 14:51:17, 
[2025] Apr 27 02:33:48, [2025] Apr 27 03:22:01, 2000 mL Ref.m, 12, Sample Name: Archive cool down returned: -30.10.  sampling returned: 2001.50.  check heater returned: 312.10. , [2025] Apr 25 10:11:35, 
[2025] Apr 27 03:23:50, [2025] Apr 27 03:25:14, change over.m, 15, , [2024] Feb 22 14:51:17, 
[2025] Apr 27 03:23:48, [2025] Apr 27 04:13:12, 2000 mL Ref.m, 15, Sample Name: breathing air cool down returned: -30.10.  sampling returned: 2001.50.  check heater returned: 310.70. , [2025] Apr 25 10:11:35, 
[2025] Apr 27 04:13:48, [2025] Apr 27 05:04:22, 2000 mL Ref.m, 15, Sample Name: breathing air cool down returned: -30.10.  sampling returned: 2001.20.  check heater returned: 292.90. , [2025] Apr 25 10:11:35, 
[2025] Apr 27 05:04:22, [2025] Apr 27 05:55:34, 2000 mL Ref.m, 15, Sample Name: breathing air cool down returned: -30.10.  sampling returned: 2000.80.  check heater returned: 312.40. , [2025] Apr 25 10:11:35, 
[2025] Apr 27 05:55:34, [2025] Apr 27 06:46:46, 2000 mL Ref.m, 15, Sample Name: breathing air cool down returned: -30.10.  sampling returned: 2000.70.  check heater returned: 310.80. , [2025] Apr 25 10:11:35, 
[2025] Apr 27 06:46:46, [2025] Apr 27 07:37:57, 2000 mL Ref.m, 15, Sample Name: breathing air cool down returned: -30.10.  sampling returned: 2000.90.  check heater returned: 293.60. , [2025] Apr 25 10:11:35, 
[2025] Apr 27 07:37:57, [2025] Apr 27 08:29:12, 2000 mL Ref.m, 15, Sample Name: breathing air cool down returned: -30.10.  sampling returned: 2000.40.  check heater returned: 293.30. , [2025] Apr 25 10:11:35, 
[2025] Apr 27 08:29:12, [2025] Apr 27 09:20:31, 2000 mL Ref.m, 15, Sample Name: breathing air cool down returned: -30.10.  sampling returned: 2001.30.  check heater returned: 293.30. , [2025] Apr 25 10:11:35, 
[2025] Apr 27 10:27:00, [2025] Apr 27 11:11:33, 2000 mL Ref.m, 15, cool down returned: -30.10.  sampling returned: 2000.80.  check heater returned: 309.80. , [2025] Apr 27 10:26:37, 
[2025] Apr 27 11:13:12, [2025] Apr 27 12:16:55, 2000 mL Ref.m, 15, cool down returned: -30.10.  sampling returned: 2000.80. , [2025] Apr 27 10:26:37, Failed at [2025] Apr 27 12:16:55 on check GC, line 832: <class 'RuntimeError'> GC not ready in time. Aborting run.
[2025] Apr 27 12:25:34, [2025] Apr 27 12:31:24, process sample.m, 15, , [2024] Mar 04 17:22:19, 
[2025] Apr 27 12:45:45, [2025] Apr 27 13:22:32, blank.m, 15, cool down returned: -33.60.  sampling returned: 1994.20.  check heater returned: 305.90. , [2025] Apr 18 11:38:06, 
[2025] Apr 27 13:29:35, [2025] Apr 27 14:08:40, custom.m, 15, flow=100 volume=500 temp=310 inject=30.0.  cool down returned: -30.10.  sampling returned: 498.90. , [2025] Apr 27 13:29:35, Failed at [2025] Apr 27 14:08:40 on check gc, line 832: <class 'RuntimeError'> GC not ready in time. Aborting run.
[2025] Apr 27 14:10:36, [2025] Apr 27 14:16:42, process sample.m, 15, , [2025] Apr 27 14:10:22, 
[2025] Apr 27 14:32:29, [2025] Apr 27 14:36:28, bake out.m, 15, check heater returned: 296.90. , [2024] Sep 01 17:56:21, 
[2025] Apr 27 14:49:52, [2025] Apr 27 15:30:56, 2000 mL Ref.m, 15, cool down returned: -33.20.  sampling returned: 2001.40.  check heater returned: 308.80. , [2025] Apr 27 10:26:37, 
[2025] Apr 27 15:34:51, [2025] Apr 27 16:22:52, 2000 mL Ref.m, 15, cool down returned: -30.10.  sampling returned: 2001.60.  check heater returned: 295.20. , [2025] Apr 27 10:26:37, 
[2025] Apr 27 16:30:39, [2025] Apr 27 16:32:01, change over.m, 2, , [2024] Feb 22 14:51:17, 
[2025] Apr 27 16:30:38, [2025] Apr 27 17:22:00, 2000 mL Ref.m, 2, Sample Name: Archive cool down returned: -31.80.  sampling returned: 2000.40.  check heater returned: 294.40. , [2025] Apr 27 10:26:37, 
[2025] Apr 27 17:22:02, [2025] Apr 27 17:23:23, change over.m, 4, , [2024] Feb 22 14:51:17, 
[2025] Apr 27 17:22:00, [2025] Apr 27 18:14:03, 2000 mL Ref.m, 4, Sample Name: Archive cool down returned: -30.10.  sampling returned: 2001.10.  check heater returned: 302.40. , [2025] Apr 27 10:26:37, 
[2025] Apr 27 18:14:05, [2025] Apr 27 18:15:26, change over.m, 6, , [2024] Feb 22 14:51:17, 
[2025] Apr 27 18:14:03, [2025] Apr 27 19:06:06, 2000 mL Ref.m, 6, Sample Name: Archive cool down returned: -30.10.  sampling returned: 2001.00.  check heater returned: 307.90. , [2025] Apr 27 10:26:37, 
[2025] Apr 27 19:06:08, [2025] Apr 27 19:07:29, change over.m, 8, , [2024] Feb 22 14:51:17, 
[2025] Apr 27 19:06:06, [2025] Apr 27 19:58:10, 2000 mL Ref.m, 8, Sample Name: Archive cool down returned: -30.10.  sampling returned: 2001.30.  check heater returned: 307.20. , [2025] Apr 27 10:26:37, 
[2025] Apr 27 19:58:11, [2025] Apr 27 19:59:32, change over.m, 10, , [2024] Feb 22 14:51:17, 
[2025] Apr 27 19:58:10, [2025] Apr 27 20:50:17, 2000 mL Ref.m, 10, Sample Name: Archive cool down returned: -30.10.  sampling returned: 2001.50.  check heater returned: 306.20. , [2025] Apr 27 10:26:37, 
[2025] Apr 27 20:50:19, [2025] Apr 27 20:51:42, change over.m, 12, , [2024] Feb 22 14:51:17, 
[2025] Apr 27 20:50:17, [2025] Apr 27 21:42:21, 2000 mL Ref.m, 12, Sample Name: Archive cool down returned: -30.10.  sampling returned: 2000.80.  check heater returned: 306.50. , [2025] Apr 27 10:26:37, 
[2025] Apr 27 21:42:23, [2025] Apr 27 21:43:44, change over.m, 15, , [2024] Feb 22 14:51:17, 
[2025] Apr 27 21:42:21, [2025] Apr 27 21:46:06, 2000 mL Ref.m, 15, Sample Name: breathing air, [2025] Apr 27 10:26:37, Failed at [2025] Apr 27 21:46:06 on cool down, line 832: <class 'TypeError'> signal_handler() takes 2 positional arguments but 3 were given.
[2025] Apr 28 00:10:39, [2025] Apr 28 00:51:42, 2000 mL Ref.m, 15, Sample Name: breathing air cool down returned: -33.90.  sampling returned: 2000.50.  check heater returned: 307.80. , [2025] Apr 27 10:26:37, 
[2025] Apr 28 01:00:40, [2025] Apr 28 01:02:03, change over.m, 2, , [2024] Feb 22 14:51:17, 
[2025] Apr 28 01:00:38, [2025] Apr 28 01:43:40, 2000 mL Ref.m, 2, Sample Name: Archive cool down returned: -32.60.  sampling returned: 2000.50.  check heater returned: 307.60. , [2025] Apr 27 10:26:37, 
[2025] Apr 28 01:50:40, [2025] Apr 28 01:52:01, change over.m, 4, , [2024] Feb 22 14:51:17, 
[2025] Apr 28 01:50:38, [2025] Apr 28 02:35:39, 2000 mL Ref.m, 4, Sample Name: Archive cool down returned: -31.70.  sampling returned: 2001.10.  check heater returned: 307.80. , [2025] Apr 27 10:26:37, 
[2025] Apr 28 02:40:39, [2025] Apr 28 02:42:03, change over.m, 6, , [2024] Feb 22 14:51:17, 
[2025] Apr 28 02:40:38, [2025] Apr 28 03:27:41, 2000 mL Ref.m, 6, Sample Name: Archive cool down returned: -30.10.  sampling returned: 2001.30.  check heater returned: 307.70. , [2025] Apr 27 10:26:37, 
[2025] Apr 28 03:30:38, [2025] Apr 28 03:31:59, change over.m, 8, , [2024] Feb 22 14:51:17, 
[2025] Apr 28 03:30:37, [2025] Apr 28 04:19:44, 2000 mL Ref.m, 8, Sample Name: Archive cool down returned: -30.10.  sampling returned: 2000.70.  check heater returned: 307.20. , [2025] Apr 27 10:26:37, 
[2025] Apr 28 04:20:38, [2025] Apr 28 04:21:59, change over.m, 10, , [2024] Feb 22 14:51:17, 
[2025] Apr 28 04:20:36, [2025] Apr 28 05:11:41, 2000 mL Ref.m, 10, Sample Name: Archive cool down returned: -30.10.  sampling returned: 2000.60.  check heater returned: 307.80. , [2025] Apr 27 10:26:37, 
[2025] Apr 28 05:11:43, [2025] Apr 28 05:13:07, change over.m, 12, , [2024] Feb 22 14:51:17, 
[2025] Apr 28 05:11:41, [2025] Apr 28 06:03:44, 2000 mL Ref.m, 12, Sample Name: Archive cool down returned: -30.10.  sampling returned: 2000.20.  check heater returned: 307.60. , [2025] Apr 27 10:26:37, 
[2025] Apr 28 06:03:46, [2025] Apr 28 06:05:09, change over.m, 15, , [2024] Feb 22 14:51:17, 
[2025] Apr 28 06:03:44, [2025] Apr 28 06:55:47, 2000 mL Ref.m, 15, Sample Name: breathing air cool down returned: -30.10.  sampling returned: 2000.50.  check heater returned: 306.90. , [2025] Apr 27 10:26:37, 
[2025] Apr 28 06:55:47, [2025] Apr 28 07:47:50, 2000 mL Ref.m, 15, Sample Name: breathing air cool down returned: -30.10.  sampling returned: 2000.40.  check heater returned: 308.10. , [2025] Apr 27 10:26:37, 
[2025] Apr 28 07:47:50, [2025] Apr 28 08:39:51, 2000 mL Ref.m, 15, Sample Name: breathing air cool down returned: -30.10.  sampling returned: 2001.00.  check heater returned: 306.70. , [2025] Apr 27 10:26:37, 
[2025] Apr 28 08:39:51, [2025] Apr 28 09:31:54, 2000 mL Ref.m, 15, Sample Name: breathing air cool down returned: -30.10.  sampling returned: 2000.60.  check heater returned: 307.80. , [2025] Apr 27 10:26:37, 
[2025] Apr 28 09:31:54, [2025] Apr 28 10:23:52, 2000 mL Ref.m, 15, Sample Name: breathing air cool down returned: -30.10.  sampling returned: 2000.50.  check heater returned: 306.90. , [2025] Apr 27 10:26:37, 
[2025] Apr 28 10:23:52, [2025] Apr 28 11:15:56, 2000 mL Ref.m, 15, Sample Name: breathing air cool down returned: -30.10.  sampling returned: 2001.20.  check heater returned: 307.10. , [2025] Apr 27 10:26:37, 
[2025] Apr 28 11:15:56, [2025] Apr 28 12:07:59, 2000 mL Ref.m, 15, Sample Name: breathing air cool down returned: -30.10.  sampling returned: 2001.00.  check heater returned: 307.10. , [2025] Apr 27 10:26:37, 
[2025] Apr 28 12:07:59, [2025] Apr 28 13:00:06, 2000 mL Ref.m, 15, Sample Name: breathing air cool down returned: -30.10.  sampling returned: 2001.10.  check heater returned: 307.90. , [2025] Apr 27 10:26:37, 
[2025] Apr 30 17:49:01, [2025] Apr 30 18:29:18, 2000 mL Ref.m, 15, cool down returned: -30.10.  sampling returned: 116.80. , [2025] Apr 27 10:26:37, Failed at [2025] Apr 30 18:29:18 on check heater, line 832: <class 'SystemError'> ads failed to reach 275 in time. Last measured: -36.00.
[2025] Apr 30 18:34:58, [2025] Apr 30 18:38:58, bake out.m, 15, check heater returned: 259.20. , [2024] Sep 01 17:56:21, 
[2025] Apr 30 18:44:53, [2025] Apr 30 19:26:21, 2000 mL Ref.m, 15, cool down returned: -30.10.  sampling returned: 2001.70.  check heater returned: 309.70. , [2025] Apr 27 10:26:37, 
[2025] Apr 30 19:34:23, [2025] Apr 30 20:18:04, 2000 mL Ref.m, 15, cool down returned: -32.90.  sampling returned: 2002.30.  check heater returned: 307.40. , [2025] Apr 27 10:26:37, 
[2025] Apr 30 20:28:02, [2025] Apr 30 20:47:59, custom.m, 15, flow=100 volume=1000 temp=310 inject=30.0.  cool down returned: -33.80.  sampling returned: 1000.70.  check heater returned: 306.20. , [2025] Apr 30 20:28:02, 
[2025] Apr 30 20:54:21, [2025] Apr 30 21:14:43, custom.m, 15, cool down returned: -30.10.  sampling returned: 1001.00.  check heater returned: 306.00. , [2025] Apr 30 20:28:02, 
[2025] Apr 30 21:33:07, [2025] Apr 30 21:49:14, custom.m, 15, cool down returned: -34.90.  sampling returned: 1000.80.  check heater returned: 307.10. , [2025] Apr 30 20:28:02, 
[2025] Apr 30 21:57:42, [2025] Apr 30 22:15:41, custom.m, 15, flow=100 volume=1000 temp=320 inject=30.0.  cool down returned: -32.40.  sampling returned: 1000.30.  check heater returned: 316.60. , [2025] Apr 30 21:57:41, 
[2025] Apr 30 22:21:56, [2025] Apr 30 22:38:59, custom.m, 15, cool down returned: -30.10.  sampling returned: 1001.10.  check heater returned: 316.20. , [2025] Apr 30 21:57:41, 
[2025] Apr 30 22:45:06, [2025] Apr 30 23:02:25, custom.m, 15, flow=100 volume=1000 temp=320 inject=60.  cool down returned: -30.10.  sampling returned: 1000.30.  check heater returned: 316.10. , [2025] Apr 30 22:45:06, 
[2025] Apr 30 23:11:30, [2025] Apr 30 23:28:07, custom.m, 15, cool down returned: -32.40.  sampling returned: 1001.30.  check heater returned: 316.30. , [2025] Apr 30 22:45:06, 
[2025] Apr 30 23:35:17, [2025] Apr 30 23:49:11, custom.m, 15, flow=100 volume=500 temp=310 inject=30.0.  cool down returned: -30.10.  sampling returned: 499.00.  check heater returned: 305.60. , [2025] Apr 30 23:35:17, 
[2025] May 01 00:04:53, [2025] May 01 00:45:56, 2000 mL Ref.m, 15, cool down returned: -34.90.  sampling returned: 2001.40.  check heater returned: 306.30. , [2025] Apr 27 10:26:37, 
[2025] May 01 00:55:21, [2025] May 01 01:36:21, 2000 mL Ref.m, 15, Sample Name: breathing air cool down returned: -32.20.  sampling returned: 2002.50.  check heater returned: 316.80. , [2025] May 01 00:27:47, 
[2025] May 01 01:45:23, [2025] May 01 01:46:45, change over.m, 2, , [2024] Feb 22 14:51:17, 
[2025] May 01 01:45:21, [2025] May 01 02:28:10, 2000 mL Ref.m, 2, Sample Name: Archive cool down returned: -33.20.  sampling returned: 2001.10.  check heater returned: 317.50. , [2025] May 01 00:27:47, 
[2025] May 01 02:35:22, [2025] May 01 02:36:44, change over.m, 4, , [2024] Feb 22 14:51:17, 
[2025] May 01 02:35:20, [2025] May 01 03:20:03, 2000 mL Ref.m, 4, Sample Name: Archive cool down returned: -31.50.  sampling returned: 2001.30.  check heater returned: 318.30. , [2025] May 01 00:27:47, 
[2025] May 01 03:25:21, [2025] May 01 03:26:43, change over.m, 6, , [2024] Feb 22 14:51:17, 
[2025] May 01 03:25:20, [2025] May 01 04:11:56, 2000 mL Ref.m, 6, Sample Name: Archive cool down returned: -30.10.  sampling returned: 2001.90.  check heater returned: 316.00. , [2025] May 01 00:27:47, 
[2025] May 01 04:15:21, [2025] May 01 04:16:42, change over.m, 8, , [2024] Feb 22 14:51:17, 
[2025] May 01 04:15:19, [2025] May 01 05:03:53, 2000 mL Ref.m, 8, Sample Name: Archive cool down returned: -30.10.  sampling returned: 2001.60.  check heater returned: 316.00. , [2025] May 01 00:27:47, 
[2025] May 01 05:05:21, [2025] May 01 05:06:45, change over.m, 10, , [2024] Feb 22 14:51:17, 
[2025] May 01 05:05:19, [2025] May 01 05:55:51, 2000 mL Ref.m, 10, Sample Name: Archive cool down returned: -30.10.  sampling returned: 2001.70.  check heater returned: 316.70. , [2025] May 01 00:27:47, 
[2025] May 01 05:55:53, [2025] May 01 05:57:17, change over.m, 12, , [2024] Feb 22 14:51:17, 
[2025] May 01 05:55:51, [2025] May 01 06:47:47, 2000 mL Ref.m, 12, Sample Name: Archive cool down returned: -30.10.  sampling returned: 2000.90.  check heater returned: 315.50. , [2025] May 01 00:27:47, 
[2025] May 01 06:47:50, [2025] May 01 06:49:10, change over.m, 15, , [2024] Feb 22 14:51:17, 
[2025] May 01 06:47:47, [2025] May 01 07:39:44, 2000 mL Ref.m, 15, Sample Name: breathing air cool down returned: -30.10.  sampling returned: 2001.60.  check heater returned: 316.70. , [2025] May 01 00:27:47, 
[2025] May 01 07:39:44, [2025] May 01 08:31:41, 2000 mL Ref.m, 15, Sample Name: breathing air cool down returned: -30.10.  sampling returned: 2001.90.  check heater returned: 315.50. , [2025] May 01 00:27:47, 
[2025] May 01 08:31:41, [2025] May 01 09:23:37, 2000 mL Ref.m, 15, Sample Name: breathing air cool down returned: -30.10.  sampling returned: 2001.50.  check heater returned: 316.70. , [2025] May 01 00:27:47, 
[2025] May 01 09:23:37, [2025] May 01 10:15:35, 2000 mL Ref.m, 15, Sample Name: breathing air cool down returned: -30.10.  sampling returned: 2001.90.  check heater returned: 316.60. , [2025] May 01 00:27:47, 
[2025] May 01 10:15:35, [2025] May 01 11:07:32, 2000 mL Ref.m, 15, Sample Name: breathing air cool down returned: -30.10.  sampling returned: 2001.10.  check heater returned: 315.90. , [2025] May 01 00:27:47, 
[2025] May 01 11:32:43, [2025] May 01 11:34:04, change over.m, 2, , [2024] Feb 22 14:51:17, 
[2025] May 01 11:32:41, [2025] May 01 12:14:59, 2000 mL Ref.m, 2, Sample Name: Archive cool down returned: -34.70.  sampling returned: 2001.40.  check heater returned: 316.50. , [2025] May 01 00:27:47, 
[2025] May 01 12:22:43, [2025] May 01 12:24:05, change over.m, 4, , [2024] Feb 22 14:51:17, 
[2025] May 01 12:22:41, [2025] May 01 13:06:51, 2000 mL Ref.m, 4, Sample Name: Archive cool down returned: -31.70.  sampling returned: 2001.20.  check heater returned: 314.60. , [2025] May 01 00:27:47, 
[2025] May 01 13:12:43, [2025] May 01 13:14:04, change over.m, 6, , [2024] Feb 22 14:51:17, 
[2025] May 01 13:12:41, [2025] May 01 13:58:53, 2000 mL Ref.m, 6, Sample Name: Archive cool down returned: -30.10.  sampling returned: 2001.40.  check heater returned: 315.50. , [2025] May 01 00:27:47, 
[2025] May 01 14:02:43, [2025] May 01 14:04:04, change over.m, 8, , [2024] Feb 22 14:51:17, 
[2025] May 01 14:02:41, [2025] May 01 14:50:55, 2000 mL Ref.m, 8, Sample Name: Archive cool down returned: -30.10.  sampling returned: 2002.20.  check heater returned: 314.40. , [2025] May 01 00:27:47, 
[2025] May 01 14:52:43, [2025] May 01 14:54:04, change over.m, 10, , [2024] Feb 22 14:51:17, 
[2025] May 01 14:52:41, [2025] May 01 15:42:57, 2000 mL Ref.m, 10, Sample Name: Archive cool down returned: -30.10.  sampling returned: 2002.00.  check heater returned: 315.90. , [2025] May 01 00:27:47, 
[2025] May 01 15:42:59, [2025] May 01 15:44:23, change over.m, 12, , [2024] Feb 22 14:51:17, 
[2025] May 01 15:42:57, [2025] May 01 16:34:59, 2000 mL Ref.m, 12, Sample Name: Archive cool down returned: -30.10.  sampling returned: 2001.30.  check heater returned: 316.00. , [2025] May 01 00:27:47, 
[2025] May 01 16:35:01, [2025] May 01 16:36:22, change over.m, 15, , [2024] Feb 22 14:51:17, 
[2025] May 01 16:34:59, [2025] May 01 17:27:01, 2000 mL Ref.m, 15, Sample Name: breathing air cool down returned: -30.10.  sampling returned: 2001.20.  check heater returned: 314.70. , [2025] May 01 00:27:47, 
[2025] May 01 17:58:14, [2025] May 01 17:58:17, 2000 mL Ref.m, 15, Sample Name: breathing air, [2025] May 01 00:27:47, Failed at [2025] May 01 17:58:17 on cool down, line 832: <class 'TypeError'> signal_handler() takes 2 positional arguments but 3 were given.
[2025] May 01 18:03:12, [2025] May 01 18:04:34, change over.m, 2, , [2024] Feb 22 14:51:17, 
[2025] May 01 18:03:10, [2025] May 01 18:45:31, 2000 mL Ref.m, 2, Sample Name: Archive cool down returned: -34.30.  sampling returned: 2001.10.  check heater returned: 314.80. , [2025] May 01 00:27:47, 
[2025] May 01 18:53:11, [2025] May 01 18:54:33, change over.m, 4, , [2024] Feb 22 14:51:17, 
[2025] May 01 18:53:10, [2025] May 01 19:37:23, 2000 mL Ref.m, 4, Sample Name: Archive cool down returned: -31.40.  sampling returned: 2001.20.  check heater returned: 316.60. , [2025] May 01 00:27:47, 
[2025] May 01 19:43:11, [2025] May 01 19:44:33, change over.m, 6, , [2024] Feb 22 14:51:17, 
[2025] May 01 19:43:09, [2025] May 01 20:29:25, 2000 mL Ref.m, 6, Sample Name: Archive cool down returned: -30.10.  sampling returned: 2002.20.  check heater returned: 315.30. , [2025] May 01 00:27:47, 
[2025] May 01 20:33:11, [2025] May 01 20:34:32, change over.m, 8, , [2024] Feb 22 14:51:17, 
[2025] May 01 20:33:09, [2025] May 01 21:21:29, 2000 mL Ref.m, 8, Sample Name: Archive cool down returned: -30.10.  sampling returned: 2002.30.  check heater returned: 315.00. , [2025] May 01 00:27:47, 
[2025] May 01 21:23:11, [2025] May 01 21:24:32, change over.m, 10, , [2024] Feb 22 14:51:17, 
[2025] May 01 21:23:09, [2025] May 01 22:13:30, 2000 mL Ref.m, 10, Sample Name: Archive cool down returned: -30.10.  sampling returned: 2002.30.  check heater returned: 314.80. , [2025] May 01 00:27:47, 
[2025] May 01 22:13:32, [2025] May 01 22:14:56, change over.m, 12, , [2024] Feb 22 14:51:17, 
[2025] May 01 22:13:30, [2025] May 01 23:05:33, 2000 mL Ref.m, 12, Sample Name: Archive cool down returned: -30.10.  sampling returned: 2001.70.  check heater returned: 315.50. , [2025] May 01 00:27:47, 
[2025] May 01 23:05:35, [2025] May 01 23:06:56, change over.m, 15, , [2024] Feb 22 14:51:17, 
[2025] May 01 23:05:33, [2025] May 01 23:08:23, 2000 mL Ref.m, 15, Sample Name: breathing air, [2025] May 01 00:27:47, Failed at [2025] May 01 23:08:23 on cool down, line 832: <class 'TypeError'> signal_handler() takes 2 positional arguments but 3 were given.
[2025] May 01 23:31:01, [2025] May 02 00:12:02, 2000 mL Ref.m, 15, Sample Name: breathing air cool down returned: -34.40.  sampling returned: 2002.80.  check heater returned: 315.20. , [2025] May 01 00:27:47, 
[2025] May 02 00:21:03, [2025] May 02 00:22:26, change over.m, 2, , [2024] Feb 22 14:51:17, 
[2025] May 02 00:21:01, [2025] May 02 01:03:56, 2000 mL Ref.m, 2, Sample Name: Archive cool down returned: -32.70.  sampling returned: 2001.00.  check heater returned: 315.20. , [2025] May 01 00:27:47, 
[2025] May 02 01:11:02, [2025] May 02 01:12:24, change over.m, 4, , [2024] Feb 22 14:51:17, 
[2025] May 02 01:11:00, [2025] May 02 01:55:54, 2000 mL Ref.m, 4, Sample Name: Archive cool down returned: -31.10.  sampling returned: 2001.20.  check heater returned: 317.00. , [2025] May 01 00:27:47, 
[2025] May 02 02:01:02, [2025] May 02 02:02:23, change over.m, 6, , [2024] Feb 22 14:51:17, 
[2025] May 02 02:01:00, [2025] May 02 02:47:51, 2000 mL Ref.m, 6, Sample Name: Archive cool down returned: -30.10.  sampling returned: 2001.60.  check heater returned: 315.90. , [2025] May 01 00:27:47, 
[2025] May 02 02:51:02, [2025] May 02 02:52:22, change over.m, 8, , [2024] Feb 22 14:51:17, 
[2025] May 02 02:51:00, [2025] May 02 03:39:47, 2000 mL Ref.m, 8, Sample Name: Archive cool down returned: -30.10.  sampling returned: 2001.20.  check heater returned: 315.40. , [2025] May 01 00:27:47, 
[2025] May 02 03:41:01, [2025] May 02 03:42:22, change over.m, 10, , [2024] Feb 22 14:51:17, 
[2025] May 02 03:40:59, [2025] May 02 04:31:45, 2000 mL Ref.m, 10, Sample Name: Archive cool down returned: -30.10.  sampling returned: 2001.70.  check heater returned: 315.20. , [2025] May 01 00:27:47, 
[2025] May 02 04:31:47, [2025] May 02 04:33:10, change over.m, 12, , [2024] Feb 22 14:51:17, 
[2025] May 02 04:31:45, [2025] May 02 05:23:43, 2000 mL Ref.m, 12, Sample Name: Archive cool down returned: -30.10.  sampling returned: 2001.30.  check heater returned: 314.70. , [2025] May 01 00:27:47, 
[2025] May 02 05:23:45, [2025] May 02 05:25:08, change over.m, 15, , [2024] Feb 22 14:51:17, 
[2025] May 02 05:23:43, [2025] May 02 06:15:35, 2000 mL Ref.m, 15, Sample Name: breathing air cool down returned: -30.10.  sampling returned: 2002.50.  check heater returned: 316.30. , [2025] May 01 00:27:47, 
[2025] May 02 06:15:35, [2025] May 02 07:07:27, 2000 mL Ref.m, 15, Sample Name: breathing air cool down returned: -30.10.  sampling returned: 2001.40.  check heater returned: 314.90. , [2025] May 01 00:27:47, 
[2025] May 02 07:07:27, [2025] May 02 07:59:19, 2000 mL Ref.m, 15, Sample Name: breathing air cool down returned: -30.10.  sampling returned: 2001.70.  check heater returned: 316.30. , [2025] May 01 00:27:47, 
[2025] May 02 07:59:19, [2025] May 02 08:47:55, blank.m, 15, Sample Name: H2 cool down returned: -30.10.  sampling returned: 1995.90.  check heater returned: 304.50. , [2025] Apr 18 11:38:06, 
[2025] May 02 08:49:19, [2025] May 02 09:39:46, blank.m, 15, Sample Name: H2 cool down returned: -30.10.  sampling returned: 1994.30.  check heater returned: 305.30. , [2025] Apr 18 11:38:06, 
[2025] May 02 09:39:46, [2025] May 02 10:31:45, blank.m, 15, Sample Name: H2 cool down returned: -30.10.  sampling returned: 1995.20.  check heater returned: 305.10. , [2025] Apr 18 11:38:06, 
[2025] May 02 11:02:41, [2025] May 02 11:43:41, 2000 mL Ref.m, 15, Sample Name: breathing air cool down returned: -34.30.  sampling returned: 2001.80.  check heater returned: 315.90. , [2025] May 01 00:27:47, 
[2025] May 02 11:52:42, [2025] May 02 11:54:05, change over.m, 2, , [2024] Feb 22 14:51:17, 
[2025] May 02 11:52:40, [2025] May 02 12:35:29, 2000 mL Ref.m, 2, Sample Name: Archive cool down returned: -32.30.  sampling returned: 2001.90.  check heater returned: 314.60. , [2025] May 01 00:27:47, 
[2025] May 02 12:42:42, [2025] May 02 12:44:03, change over.m, 4, , [2024] Feb 22 14:51:17, 
[2025] May 02 12:42:40, [2025] May 02 13:27:20, 2000 mL Ref.m, 4, Sample Name: Archive cool down returned: -31.10.  sampling returned: 2002.40.  check heater returned: 315.70. , [2025] May 01 00:27:47, 
[2025] May 02 13:32:41, [2025] May 02 13:34:03, change over.m, 6, , [2024] Feb 22 14:51:17, 
[2025] May 02 13:32:39, [2025] May 02 14:19:16, 2000 mL Ref.m, 6, Sample Name: Archive cool down returned: -30.20.  sampling returned: 2001.60.  check heater returned: 315.50. , [2025] May 01 00:27:47, 
[2025] May 02 14:22:40, [2025] May 02 14:24:02, change over.m, 8, , [2024] Feb 22 14:51:17, 
[2025] May 02 14:22:39, [2025] May 02 15:11:09, 2000 mL Ref.m, 8, Sample Name: Archive cool down returned: -30.10.  sampling returned: 2001.40.  check heater returned: 314.30. , [2025] May 01 00:27:47, 
[2025] May 02 15:12:40, [2025] May 02 15:14:02, change over.m, 10, , [2024] Feb 22 14:51:17, 
[2025] May 02 15:12:39, [2025] May 02 16:03:05, 2000 mL Ref.m, 10, Sample Name: Archive cool down returned: -30.10.  sampling returned: 2002.40.  check heater returned: 315.30. , [2025] May 01 00:27:47, 
[2025] May 02 16:03:07, [2025] May 02 16:04:31, change over.m, 12, , [2024] Feb 22 14:51:17, 
[2025] May 02 16:03:05, [2025] May 02 16:55:04, 2000 mL Ref.m, 12, Sample Name: Archive cool down returned: -30.10.  sampling returned: 2002.20.  check heater returned: 316.90. , [2025] May 01 00:27:47, 
[2025] May 02 16:55:06, [2025] May 02 16:56:27, change over.m, 15, , [2024] Feb 22 14:51:17, 
[2025] May 02 16:55:04, [2025] May 02 17:42:32, 2000 mL Ref.m, 15, Sample Name: breathing air cool down returned: -30.10.  sampling returned: 2002.40.  check heater returned: 314.70. , [2025] May 01 00:27:47, Failed at [2025] May 02 17:42:32 on bake out, line 832: <class 'TypeError'> signal_handler() takes 2 positional arguments but 3 were given.
[2025] May 02 17:42:50, [2025] May 02 17:46:36, bake out.m, 15, check heater returned: 299.40. , [2024] Sep 01 17:56:21, 
[2025] May 02 17:50:13, [2025] May 02 18:35:16, 2000 mL Ref.m, 15, Sample Name: breathing air cool down returned: -30.10.  sampling returned: 2001.50.  check heater returned: 315.80. , [2025] May 01 00:27:47, 
[2025] May 02 18:40:15, [2025] May 02 18:41:38, change over.m, 2, , [2024] Feb 22 14:51:17, 
[2025] May 02 18:40:13, [2025] May 02 19:27:14, 2000 mL Ref.m, 2, Sample Name: Archive cool down returned: -30.10.  sampling returned: 2001.40.  check heater returned: 315.30. , [2025] May 01 00:27:47, 
[2025] May 02 19:30:14, [2025] May 02 19:31:35, change over.m, 4, , [2024] Feb 22 14:51:17, 
[2025] May 02 19:30:12, [2025] May 02 20:19:12, 2000 mL Ref.m, 4, Sample Name: Archive cool down returned: -30.10.  sampling returned: 2001.90.  check heater returned: 315.90. , [2025] May 01 00:27:47, 
[2025] May 02 20:20:14, [2025] May 02 20:21:35, change over.m, 6, , [2024] Feb 22 14:51:17, 
[2025] May 02 20:20:12, [2025] May 02 21:11:13, 2000 mL Ref.m, 6, Sample Name: Archive cool down returned: -30.10.  sampling returned: 2001.40.  check heater returned: 315.70. , [2025] May 01 00:27:47, 
[2025] May 02 21:11:15, [2025] May 02 21:12:36, change over.m, 8, , [2024] Feb 22 14:51:17, 
[2025] May 02 21:11:13, [2025] May 02 22:03:11, 2000 mL Ref.m, 8, Sample Name: Archive cool down returned: -30.10.  sampling returned: 2001.80.  check heater returned: 315.30. , [2025] May 01 00:27:47, 
[2025] May 02 22:03:13, [2025] May 02 22:04:34, change over.m, 10, , [2024] Feb 22 14:51:17, 
[2025] May 02 22:03:11, [2025] May 02 22:55:08, 2000 mL Ref.m, 10, Sample Name: Archive cool down returned: -30.10.  sampling returned: 2001.40.  check heater returned: 315.00. , [2025] May 01 00:27:47, 
[2025] May 02 22:55:09, [2025] May 02 22:56:33, change over.m, 12, , [2024] Feb 22 14:51:17, 
[2025] May 02 22:55:08, [2025] May 02 23:47:05, 2000 mL Ref.m, 12, Sample Name: Archive cool down returned: -30.10.  sampling returned: 2002.30.  check heater returned: 313.90. , [2025] May 01 00:27:47, 
[2025] May 02 23:47:07, [2025] May 02 23:48:28, change over.m, 15, , [2024] Feb 22 14:51:17, 
[2025] May 02 23:47:05, [2025] May 02 23:52:54, 2000 mL Ref.m, 15, Sample Name: breathing air, [2025] May 01 00:27:47, Failed at [2025] May 02 23:52:54 on cool down, line 832: <class 'TypeError'> signal_handler() takes 2 positional arguments but 3 were given.
[2025] May 02 23:58:57, [2025] May 03 00:00:17, change over.m, 15, , [2024] Feb 22 14:51:17, 
[2025] May 02 23:58:56, [2025] May 03 00:41:11, 2000 mL Ref.m, 15, Sample Name: breathing air cool down returned: -33.70.  sampling returned: 2001.70.  check heater returned: 314.40. , [2025] May 01 00:27:47, 
[2025] May 03 00:48:58, [2025] May 03 00:50:19, change over.m, 2, , [2024] Feb 22 14:51:17, 
[2025] May 03 00:48:55, [2025] May 03 01:33:04, 2000 mL Ref.m, 2, Sample Name: Archive cool down returned: -31.40.  sampling returned: 2001.70.  check heater returned: 314.20. , [2025] May 01 00:27:47, 
[2025] May 03 01:38:57, [2025] May 03 01:40:19, change over.m, 4, , [2024] Feb 22 14:51:17, 
[2025] May 03 01:38:55, [2025] May 03 02:24:56, 2000 mL Ref.m, 4, Sample Name: Archive cool down returned: -30.10.  sampling returned: 2001.10.  check heater returned: 314.70. , [2025] May 01 00:27:47, 
[2025] May 03 02:28:56, [2025] May 03 02:30:17, change over.m, 6, , [2024] Feb 22 14:51:17, 
[2025] May 03 02:28:54, [2025] May 03 03:16:49, 2000 mL Ref.m, 6, Sample Name: Archive cool down returned: -30.10.  sampling returned: 2001.60.  check heater returned: 315.00. , [2025] May 01 00:27:47, 
[2025] May 03 03:18:56, [2025] May 03 03:20:16, change over.m, 8, , [2024] Feb 22 14:51:17, 
[2025] May 03 03:18:54, [2025] May 03 04:08:41, 2000 mL Ref.m, 8, Sample Name: Archive cool down returned: -30.10.  sampling returned: 2002.00.  check heater returned: 315.40. , [2025] May 01 00:27:47, 
[2025] May 03 04:08:56, [2025] May 03 04:10:16, change over.m, 10, , [2024] Feb 22 14:51:17, 
[2025] May 03 04:08:54, [2025] May 03 05:00:29, 2000 mL Ref.m, 10, Sample Name: Archive cool down returned: -30.10.  sampling returned: 2001.50.  check heater returned: 315.90. , [2025] May 01 00:27:47, 
[2025] May 03 05:00:31, [2025] May 03 05:01:54, change over.m, 12, , [2024] Feb 22 14:51:17, 
[2025] May 03 05:00:29, [2025] May 03 05:52:16, 2000 mL Ref.m, 12, Sample Name: Archive cool down returned: -30.10.  sampling returned: 2002.50.  check heater returned: 314.40. , [2025] May 01 00:27:47, 
[2025] May 03 05:52:18, [2025] May 03 05:53:42, change over.m, 15, , [2024] Feb 22 14:51:17, 
[2025] May 03 05:52:16, [2025] May 03 06:43:59, 2000 mL Ref.m, 15, Sample Name: breathing air cool down returned: -30.10.  sampling returned: 2001.90.  check heater returned: 315.60. , [2025] May 01 00:27:47, 
[2025] May 03 06:43:59, [2025] May 03 07:35:43, 2000 mL Ref.m, 15, Sample Name: breathing air cool down returned: -30.10.  sampling returned: 2002.20.  check heater returned: 314.90. , [2025] May 01 00:27:47, 
[2025] May 03 07:35:43, [2025] May 03 08:27:30, 2000 mL Ref.m, 15, Sample Name: breathing air cool down returned: -30.10.  sampling returned: 2001.70.  check heater returned: 315.60. , [2025] May 01 00:27:47, 
[2025] May 03 08:27:30, [2025] May 03 09:16:01, blank.m, 15, Sample Name: H2 cool down returned: -30.10.  sampling returned: 1994.60.  check heater returned: 305.30. , [2025] Apr 18 11:38:06, 
[2025] May 03 09:17:30, [2025] May 03 10:07:48, blank.m, 15, Sample Name: H2 cool down returned: -30.10.  sampling returned: 1994.70.  check heater returned: 304.10. , [2025] Apr 18 11:38:06, 
[2025] May 03 10:07:48, [2025] May 03 10:14:08, blank.m, 15, Sample Name: H2, [2025] Apr 18 11:38:06, Failed at [2025] May 03 10:14:08 on cool down, line 832: <class 'TypeError'> signal_handler() takes 2 positional arguments but 3 were given.
[2025] May 03 10:45:59, [2025] May 03 11:27:03, 2000 mL Ref.m, 15, cool down returned: -34.70.  sampling returned: 2001.90.  check heater returned: 315.90. , [2025] May 01 00:27:47, 
[2025] May 03 11:39:48, [2025] May 03 11:41:09, change over.m, 2, , [2024] Feb 22 14:51:17, 
[2025] May 03 11:39:46, [2025] May 03 12:22:04, 2000 mL Ref.m, 2, Sample Name: Archive cool down returned: -33.90.  sampling returned: 2001.60.  check heater returned: 315.40. , [2025] May 01 00:27:47, 
[2025] May 03 12:29:47, [2025] May 03 12:31:08, change over.m, 4, , [2024] Feb 22 14:51:17, 
[2025] May 03 12:29:45, [2025] May 03 13:13:56, 2000 mL Ref.m, 4, Sample Name: Archive cool down returned: -31.70.  sampling returned: 2002.00.  check heater returned: 313.70. , [2025] May 01 00:27:47, 
[2025] May 03 13:19:46, [2025] May 03 13:21:08, change over.m, 6, , [2024] Feb 22 14:51:17, 
[2025] May 03 13:19:45, [2025] May 03 14:05:48, 2000 mL Ref.m, 6, Sample Name: Archive cool down returned: -30.10.  sampling returned: 2002.40.  check heater returned: 313.90. , [2025] May 01 00:27:47, 
[2025] May 03 14:09:46, [2025] May 03 14:11:07, change over.m, 8, , [2024] Feb 22 14:51:17, 
[2025] May 03 14:09:45, [2025] May 03 14:57:40, 2000 mL Ref.m, 8, Sample Name: Archive cool down returned: -30.10.  sampling returned: 2002.10.  check heater returned: 314.20. , [2025] May 01 00:27:47, 
[2025] May 03 14:59:46, [2025] May 03 15:01:09, change over.m, 10, , [2024] Feb 22 14:51:17, 
[2025] May 03 14:59:44, [2025] May 03 15:49:32, 2000 mL Ref.m, 10, Sample Name: Archive cool down returned: -30.10.  sampling returned: 2002.10.  check heater returned: 314.80. , [2025] May 01 00:27:47, 
[2025] May 03 15:49:45, [2025] May 03 15:51:09, change over.m, 12, , [2024] Feb 22 14:51:17, 
[2025] May 03 15:49:43, [2025] May 03 16:41:23, 2000 mL Ref.m, 12, Sample Name: Archive cool down returned: -30.10.  sampling returned: 2001.80.  check heater returned: 314.10. , [2025] May 01 00:27:47, 
[2025] May 03 16:41:25, [2025] May 03 16:42:46, change over.m, 15, , [2024] Feb 22 14:51:17, 
[2025] May 03 16:41:23, [2025] May 03 17:33:14, 2000 mL Ref.m, 15, Sample Name: breathing air cool down returned: -30.10.  sampling returned: 2001.80.  check heater returned: 315.10. , [2025] May 01 00:27:47, 
[2025] May 03 17:33:14, [2025] May 03 18:25:08, 2000 mL Ref.m, 15, Sample Name: breathing air cool down returned: -30.10.  sampling returned: 2002.20.  check heater returned: 314.70. , [2025] May 01 00:27:47, 
[2025] May 03 18:25:08, [2025] May 03 18:29:25, 2000 mL Ref.m, 15, Sample Name: breathing air, [2025] May 01 00:27:47, Failed at [2025] May 03 18:29:25 on cool down, line 832: <class 'TypeError'> signal_handler() takes 2 positional arguments but 3 were given.
[2025] May 03 18:34:58, [2025] May 03 18:36:17, change over.m, 2, , [2024] Feb 22 14:51:17, 
[2025] May 03 18:34:56, [2025] May 03 19:17:14, 2000 mL Ref.m, 2, Sample Name: Archive cool down returned: -33.20.  sampling returned: 2002.80.  check heater returned: 315.40. , [2025] May 01 00:27:47, 
[2025] May 03 19:24:57, [2025] May 03 19:26:19, change over.m, 4, , [2024] Feb 22 14:51:17, 
[2025] May 03 19:24:55, [2025] May 03 20:09:05, 2000 mL Ref.m, 4, Sample Name: Archive cool down returned: -32.00.  sampling returned: 2001.90.  check heater returned: 314.60. , [2025] May 01 00:27:47, 
[2025] May 03 20:14:57, [2025] May 03 20:16:18, change over.m, 6, , [2024] Feb 22 14:51:17, 
[2025] May 03 20:14:55, [2025] May 03 21:00:53, 2000 mL Ref.m, 6, Sample Name: Archive cool down returned: -30.10.  sampling returned: 2002.10.  check heater returned: 317.20. , [2025] May 01 00:27:47, 
[2025] May 03 21:04:56, [2025] May 03 21:06:18, change over.m, 8, , [2024] Feb 22 14:51:17, 
[2025] May 03 21:04:55, [2025] May 03 21:52:41, 2000 mL Ref.m, 8, Sample Name: Archive cool down returned: -30.10.  sampling returned: 2002.50.  check heater returned: 315.60. , [2025] May 01 00:27:47, 
[2025] May 03 21:54:56, [2025] May 03 21:56:17, change over.m, 10, , [2024] Feb 22 14:51:17, 
[2025] May 03 21:54:54, [2025] May 03 22:44:28, 2000 mL Ref.m, 10, Sample Name: Archive cool down returned: -30.10.  sampling returned: 2002.20.  check heater returned: 315.80. , [2025] May 01 00:27:47, 
[2025] May 03 22:44:55, [2025] May 03 22:46:18, change over.m, 12, , [2024] Feb 22 14:51:17, 
[2025] May 03 22:44:53, [2025] May 03 23:36:21, 2000 mL Ref.m, 12, Sample Name: Archive cool down returned: -30.10.  sampling returned: 2002.10.  check heater returned: 316.00. , [2025] May 01 00:27:47, 
[2025] May 03 23:36:23, [2025] May 03 23:37:43, change over.m, 15, , [2024] Feb 22 14:51:17, 
[2025] May 03 23:36:21, [2025] May 04 00:28:10, 2000 mL Ref.m, 15, Sample Name: breathing air cool down returned: -30.10.  sampling returned: 2002.10.  check heater returned: 317.30. , [2025] May 01 00:27:47, 
[2025] May 04 00:28:10, [2025] May 04 00:30:23, blank.m, 15, Sample Name: H2, [2025] Apr 18 11:38:06, Failed at [2025] May 04 00:30:23 on cool down, line 832: <class 'TypeError'> signal_handler() takes 2 positional arguments but 3 were given.
[2025] May 04 00:34:19, [2025] May 04 00:35:39, change over.m, 2, , [2024] Feb 22 14:51:17, 
[2025] May 04 00:34:17, [2025] May 04 01:20:04, 2000 mL Ref.m, 2, Sample Name: Archive cool down returned: -30.10.  sampling returned: 2002.80.  check heater returned: 315.70. , [2025] May 01 00:27:47, 
[2025] May 04 01:24:18, [2025] May 04 01:25:40, change over.m, 4, , [2024] Feb 22 14:51:17, 
[2025] May 04 01:24:17, [2025] May 04 02:11:56, 2000 mL Ref.m, 4, Sample Name: Archive cool down returned: -30.10.  sampling returned: 2001.30.  check heater returned: 314.70. , [2025] May 01 00:27:47, 
[2025] May 04 02:14:18, [2025] May 04 02:15:39, change over.m, 6, , [2024] Feb 22 14:51:17, 
[2025] May 04 02:14:16, [2025] May 04 03:03:48, 2000 mL Ref.m, 6, Sample Name: Archive cool down returned: -30.10.  sampling returned: 2002.80.  check heater returned: 316.00. , [2025] May 01 00:27:47, 
[2025] May 04 03:04:17, [2025] May 04 03:05:38, change over.m, 8, , [2024] Feb 22 14:51:17, 
[2025] May 04 03:04:15, [2025] May 04 03:55:38, 2000 mL Ref.m, 8, Sample Name: Archive cool down returned: -30.10.  sampling returned: 2002.00.  check heater returned: 314.90. , [2025] May 01 00:27:47, 
[2025] May 04 03:55:40, [2025] May 04 03:57:00, change over.m, 10, , [2024] Feb 22 14:51:17, 
[2025] May 04 03:55:38, [2025] May 04 04:47:29, 2000 mL Ref.m, 10, Sample Name: Archive cool down returned: -30.10.  sampling returned: 2002.50.  check heater returned: 314.80. , [2025] May 01 00:27:47, 
[2025] May 04 04:47:31, [2025] May 04 04:48:55, change over.m, 12, , [2024] Feb 22 14:51:17, 
[2025] May 04 04:47:29, [2025] May 04 05:39:21, 2000 mL Ref.m, 12, Sample Name: Archive cool down returned: -30.10.  sampling returned: 2002.10.  check heater returned: 315.40. , [2025] May 01 00:27:47, 
[2025] May 04 05:39:24, [2025] May 04 05:40:47, change over.m, 15, , [2024] Feb 22 14:51:17, 
[2025] May 04 05:39:21, [2025] May 04 06:31:14, 2000 mL Ref.m, 15, Sample Name: breathing air cool down returned: -30.10.  sampling returned: 2002.00.  check heater returned: 315.50. , [2025] May 01 00:27:47, 
[2025] May 04 06:31:14, [2025] May 04 07:23:00, 2000 mL Ref.m, 15, Sample Name: breathing air cool down returned: -30.10.  sampling returned: 2002.10.  check heater returned: 315.90. , [2025] May 01 00:27:47, 
[2025] May 04 07:23:00, [2025] May 04 08:14:47, 2000 mL Ref.m, 15, Sample Name: breathing air cool down returned: -30.10.  sampling returned: 2002.40.  check heater returned: 315.40. , [2025] May 01 00:27:47, 
[2025] May 04 08:14:47, [2025] May 04 09:03:12, blank.m, 15, Sample Name: H2 cool down returned: -30.10.  sampling returned: 1994.70.  check heater returned: 305.30. , [2025] Apr 18 11:38:06, 
[2025] May 04 09:04:47, [2025] May 04 09:55:00, blank.m, 15, Sample Name: H2 cool down returned: -30.10.  sampling returned: 1994.10.  check heater returned: 305.20. , [2025] Apr 18 11:38:06, 
[2025] May 04 09:55:00, [2025] May 04 10:46:47, blank.m, 15, Sample Name: H2 cool down returned: -30.10.  sampling returned: 1995.90.  check heater returned: 304.60. , [2025] Apr 18 11:38:06, 
[2025] May 04 10:46:47, [2025] May 04 11:38:40, blank.m, 15, Sample Name: H2 cool down returned: -30.10.  sampling returned: 1995.10.  check heater returned: 304.60. , [2025] Apr 18 11:38:06, 
[2025] May 04 11:38:40, [2025] May 04 12:30:32, blank.m, 15, Sample Name: H2 cool down returned: -30.10.  sampling returned: 1994.20.  check heater returned: 304.40. , [2025] Apr 18 11:38:06, 
[2025] May 04 12:30:32, [2025] May 04 13:22:20, blank.m, 15, Sample Name: H2 cool down returned: -30.10.  sampling returned: 1994.40.  check heater returned: 305.20. , [2025] Apr 18 11:38:06, 
[2025] May 04 13:22:20, [2025] May 04 14:14:06, blank.m, 15, Sample Name: H2 cool down returned: -30.10.  sampling returned: 1995.00.  check heater returned: 304.80. , [2025] Apr 18 11:38:06, 
[2025] May 04 14:14:06, [2025] May 04 15:05:53, blank.m, 15, Sample Name: H2 cool down returned: -30.10.  sampling returned: 1995.00.  check heater returned: 303.80. , [2025] Apr 18 11:38:06, 
[2025] May 04 15:05:53, [2025] May 04 15:57:44, blank.m, 15, Sample Name: H2 cool down returned: -30.10.  sampling returned: 1995.30.  check heater returned: 303.40. , [2025] Apr 18 11:38:06, 
[2025] May 04 16:08:41, [2025] May 04 16:08:43, custom.m, 15, flow=100 volume=500 temp=310 inject=30.0. , [2025] May 04 16:08:41, Failed at [2025] May 04 16:08:43 on cool down, line 832: <class 'TypeError'> signal_handler() takes 2 positional arguments but 3 were given.
[2025] May 04 16:08:56, [2025] May 04 16:52:58, 2000 mL Ref.m, 15, cool down returned: -33.50.  sampling returned: 2001.80.  check heater returned: 314.30. , [2025] May 01 00:27:47, 
[2025] May 04 16:58:58, [2025] May 04 17:00:17, change over.m, 2, , [2024] Feb 22 14:51:17, 
[2025] May 04 16:58:56, [2025] May 04 17:44:52, 2000 mL Ref.m, 2, Sample Name: Archive cool down returned: -30.10.  sampling returned: 2002.50.  check heater returned: 312.30. , [2025] May 01 00:27:47, 
[2025] May 04 17:48:57, [2025] May 04 17:50:19, change over.m, 4, , [2024] Feb 22 14:51:17, 
[2025] May 04 17:48:56, [2025] May 04 18:36:49, 2000 mL Ref.m, 4, Sample Name: Archive cool down returned: -30.10.  sampling returned: 2002.50.  check heater returned: 312.70. , [2025] May 01 00:27:47, 
[2025] May 04 18:38:57, [2025] May 04 18:40:18, change over.m, 6, , [2024] Feb 22 14:51:17, 
[2025] May 04 18:38:55, [2025] May 04 19:28:51, 2000 mL Ref.m, 6, Sample Name: Archive cool down returned: -30.10.  sampling returned: 2001.50.  check heater returned: 312.90. , [2025] May 01 00:27:47, 
[2025] May 04 19:28:57, [2025] May 04 19:30:18, change over.m, 8, , [2024] Feb 22 14:51:17, 
[2025] May 04 19:28:55, [2025] May 04 20:20:54, 2000 mL Ref.m, 8, Sample Name: Archive cool down returned: -30.10.  sampling returned: 2002.40.  check heater returned: 314.40. , [2025] May 01 00:27:47, 
[2025] May 04 20:20:56, [2025] May 04 20:22:19, change over.m, 10, , [2024] Feb 22 14:51:17, 
[2025] May 04 20:20:54, [2025] May 04 21:12:55, 2000 mL Ref.m, 10, Sample Name: Archive cool down returned: -30.10.  sampling returned: 2002.00.  check heater returned: 314.10. , [2025] May 01 00:27:47, 
[2025] May 04 21:12:57, [2025] May 04 21:14:21, change over.m, 12, , [2024] Feb 22 14:51:17, 
[2025] May 04 21:12:55, [2025] May 04 22:04:59, 2000 mL Ref.m, 12, Sample Name: Archive cool down returned: -30.10.  sampling returned: 2002.70.  check heater returned: 313.60. , [2025] May 01 00:27:47, 
[2025] May 04 22:05:01, [2025] May 04 22:05:11, change over.m, 15, , [2024] Feb 22 14:51:17, Failed at [2025] May 04 22:05:11 on evacuate, line 832: <class 'TypeError'> signal_handler() takes 2 positional arguments but 3 were given.
[2025] May 04 22:24:38, [2025] May 04 22:28:39, bake out.m, 15, check heater returned: 285.40. , [2024] Sep 01 17:56:21, 
[2025] May 04 22:35:35, [2025] May 04 22:35:41, custom.m, 15, Blank run.  cool down returned: -30.40. , [2025] May 04 22:35:35, Failed at [2025] May 04 22:35:41 on pre-backflush, line 832: <class 'TypeError'> signal_handler() takes 2 positional arguments but 3 were given.
[2025] May 04 22:35:53, [2025] May 04 22:36:02, custom.m, 15, cool down returned: -30.80. , [2025] May 04 22:35:35, Failed at [2025] May 04 22:36:02 on pre-backflush, line 832: <class 'TypeError'> signal_handler() takes 2 positional arguments but 3 were given.
[2025] May 04 22:40:23, [2025] May 04 22:41:42, change over.m, 15, , [2024] Feb 22 14:51:17, 
[2025] May 04 22:40:22, [2025] May 04 23:22:36, 2000 mL Ref.m, 15, Sample Name: breathing air cool down returned: -34.20.  sampling returned: 2002.40.  check heater returned: 314.90. , [2025] May 01 00:27:47, 
[2025] May 04 23:30:24, [2025] May 04 23:31:46, change over.m, 2, , [2024] Feb 22 14:51:17, 
[2025] May 04 23:30:22, [2025] May 05 00:14:24, 2000 mL Ref.m, 2, Sample Name: Archive cool down returned: -31.80.  sampling returned: 2001.80.  check heater returned: 314.70. , [2025] May 01 00:27:47, 
[2025] May 05 00:20:23, [2025] May 05 00:21:44, change over.m, 4, , [2024] Feb 22 14:51:17, 
[2025] May 05 00:20:21, [2025] May 05 01:06:15, 2000 mL Ref.m, 4, Sample Name: Archive cool down returned: -30.10.  sampling returned: 2002.10.  check heater returned: 315.90. , [2025] May 01 00:27:47, 
[2025] May 05 01:10:22, [2025] May 05 01:11:45, change over.m, 6, , [2024] Feb 22 14:51:17, 
[2025] May 05 01:10:21, [2025] May 05 01:58:07, 2000 mL Ref.m, 6, Sample Name: Archive cool down returned: -30.10.  sampling returned: 2002.60.  check heater returned: 315.90. , [2025] May 01 00:27:47, 
[2025] May 05 02:00:22, [2025] May 05 02:01:43, change over.m, 8, , [2024] Feb 22 14:51:17, 
[2025] May 05 02:00:20, [2025] May 05 02:49:58, 2000 mL Ref.m, 8, Sample Name: Archive cool down returned: -30.10.  sampling returned: 2002.20.  check heater returned: 314.60. , [2025] May 01 00:27:47, 
[2025] May 05 02:50:21, [2025] May 05 02:51:42, change over.m, 10, , [2024] Feb 22 14:51:17, 
[2025] May 05 02:50:19, [2025] May 05 03:41:52, 2000 mL Ref.m, 10, Sample Name: Archive cool down returned: -30.10.  sampling returned: 2002.80.  check heater returned: 315.40. , [2025] May 01 00:27:47, 
[2025] May 05 03:41:54, [2025] May 05 03:43:18, change over.m, 12, , [2024] Feb 22 14:51:17, 
[2025] May 05 03:41:52, [2025] May 05 04:33:49, 2000 mL Ref.m, 12, Sample Name: Archive cool down returned: -30.10.  sampling returned: 2002.40.  check heater returned: 315.50. , [2025] May 01 00:27:47, 
[2025] May 05 04:33:51, [2025] May 05 04:35:12, change over.m, 15, , [2024] Feb 22 14:51:17, 
[2025] May 05 04:33:49, [2025] May 05 05:25:46, 2000 mL Ref.m, 15, Sample Name: breathing air cool down returned: -30.10.  sampling returned: 2002.10.  check heater returned: 314.10. , [2025] May 01 00:27:47, 
[2025] May 05 05:25:46, [2025] May 05 06:17:42, 2000 mL Ref.m, 15, Sample Name: breathing air cool down returned: -30.10.  sampling returned: 2001.90.  check heater returned: 315.40. , [2025] May 01 00:27:47, 
[2025] May 05 06:17:42, [2025] May 05 07:09:39, 2000 mL Ref.m, 15, Sample Name: breathing air cool down returned: -30.10.  sampling returned: 2002.50.  check heater returned: 314.70. , [2025] May 01 00:27:47, 
[2025] May 05 07:09:39, [2025] May 05 07:58:15, custom.m, 15, Sample Name: H2 cool down returned: -30.10.  check heater returned: 314.10. , [2025] May 04 22:35:35, 
[2025] May 05 07:59:39, [2025] May 05 08:50:12, custom.m, 15, Sample Name: H2 cool down returned: -30.10.  check heater returned: 314.70. , [2025] May 04 22:35:35, 
[2025] May 05 08:50:12, [2025] May 05 09:42:10, custom.m, 15, Sample Name: H2 cool down returned: -30.10.  check heater returned: 314.50. , [2025] May 04 22:35:35, 
[2025] May 05 09:42:10, [2025] May 05 10:34:14, custom.m, 15, Sample Name: H2 cool down returned: -30.10.  check heater returned: 314.30. , [2025] May 04 22:35:35, 
[2025] May 05 10:43:43, [2025] May 05 11:24:47, 2000 mL Ref.m, 15, cool down returned: -32.30.  sampling returned: 2002.60.  check heater returned: 315.40. , [2025] May 01 00:27:47, 
[2025] May 05 12:13:24, [2025] May 05 12:14:45, change over.m, 2, , [2024] Feb 22 14:51:17, 
[2025] May 05 12:13:21, [2025] May 05 12:55:41, 2000 mL Ref.m, 2, Sample Name: Archive cool down returned: -34.50.  sampling returned: 2002.90.  check heater returned: 313.60. , [2025] May 01 00:27:47, 
[2025] May 05 13:03:23, [2025] May 05 13:04:30, change over.m, 4, , [2024] Feb 22 14:51:17, Failed at [2025] May 05 13:04:30 on flush, line 832: <class 'TypeError'> signal_handler() takes 2 positional arguments but 3 were given.
[2025] May 05 13:31:01, [2025] May 05 13:32:22, change over.m, 15, , [2024] Feb 22 14:51:17, 
[2025] May 05 13:30:59, [2025] May 05 14:13:16, 2000 mL Ref.m, 15, Sample Name: breathing air cool down returned: -34.90.  sampling returned: 2002.40.  check heater returned: 313.50. , [2025] May 01 00:27:47, 
[2025] May 05 14:21:02, [2025] May 05 14:22:24, change over.m, 2, , [2024] Feb 22 14:51:17, 
[2025] May 05 14:21:00, [2025] May 05 15:05:09, 2000 mL Ref.m, 2, Sample Name: Archive cool down returned: -31.50.  sampling returned: 2002.90.  check heater returned: 314.50. , [2025] May 01 00:27:47, 
[2025] May 05 15:11:01, [2025] May 05 15:12:23, change over.m, 4, , [2024] Feb 22 14:51:17, 
[2025] May 05 15:10:59, [2025] May 05 15:57:00, 2000 mL Ref.m, 4, Sample Name: Archive cool down returned: -30.10.  sampling returned: 2002.10.  check heater returned: 313.80. , [2025] May 01 00:27:47, 
[2025] May 05 16:01:01, [2025] May 05 16:02:22, change over.m, 6, , [2024] Feb 22 14:51:17, 
[2025] May 05 16:00:59, [2025] May 05 16:48:56, 2000 mL Ref.m, 6, Sample Name: Archive cool down returned: -30.10.  sampling returned: 2002.60.  check heater returned: 314.00. , [2025] May 01 00:27:47, 
[2025] May 05 16:51:00, [2025] May 05 16:52:21, change over.m, 8, , [2024] Feb 22 14:51:17, 
[2025] May 05 16:50:59, [2025] May 05 17:40:54, 2000 mL Ref.m, 8, Sample Name: Archive cool down returned: -30.10.  sampling returned: 2001.80.  check heater returned: 315.50. , [2025] May 01 00:27:47, 
[2025] May 05 17:41:00, [2025] May 05 17:42:21, change over.m, 10, , [2024] Feb 22 14:51:17, 
[2025] May 05 17:40:58, [2025] May 05 18:32:52, 2000 mL Ref.m, 10, Sample Name: Archive cool down returned: -30.10.  sampling returned: 2001.70.  check heater returned: 315.70. , [2025] May 01 00:27:47, 
[2025] May 05 18:32:53, [2025] May 05 18:34:17, change over.m, 12, , [2024] Feb 22 14:51:17, 
[2025] May 05 18:32:52, [2025] May 05 19:24:49, 2000 mL Ref.m, 12, Sample Name: Archive cool down returned: -30.10.  sampling returned: 2002.00.  check heater returned: 313.90. , [2025] May 01 00:27:47, 
[2025] May 05 19:24:52, [2025] May 05 19:26:12, change over.m, 15, , [2024] Feb 22 14:51:17, 
[2025] May 05 19:24:49, [2025] May 05 20:16:49, 2000 mL Ref.m, 15, Sample Name: breathing air cool down returned: -30.10.  sampling returned: 2001.80.  check heater returned: 314.70. , [2025] May 01 00:27:47, 
[2025] May 05 20:16:49, [2025] May 05 21:08:48, 2000 mL Ref.m, 15, Sample Name: breathing air cool down returned: -30.10.  sampling returned: 2002.60.  check heater returned: 315.00. , [2025] May 01 00:27:47, 
[2025] May 05 21:08:48, [2025] May 05 21:13:28, 2000 mL Ref.m, 15, Sample Name: breathing air, [2025] May 01 00:27:47, Failed at [2025] May 05 21:13:28 on cool down, line 832: <class 'TypeError'> signal_handler() takes 2 positional arguments but 3 were given.
[2025] May 05 21:22:36, [2025] May 05 21:23:57, change over.m, 2, , [2024] Feb 22 14:51:17, 
[2025] May 05 21:22:34, [2025] May 05 22:04:52, 2000 mL Ref.m, 2, Sample Name: Archive cool down returned: -34.10.  sampling returned: 2001.90.  check heater returned: 316.30. , [2025] May 01 00:27:47, 
[2025] May 05 22:12:35, [2025] May 05 22:13:58, change over.m, 4, , [2024] Feb 22 14:51:17, 
[2025] May 05 22:12:34, [2025] May 05 22:56:49, 2000 mL Ref.m, 4, Sample Name: Archive cool down returned: -31.90.  sampling returned: 2001.50.  check heater returned: 315.00. , [2025] May 01 00:27:47, 
[2025] May 05 23:02:36, [2025] May 05 23:03:57, change over.m, 6, , [2024] Feb 22 14:51:17, 
[2025] May 05 23:02:34, [2025] May 05 23:48:41, 2000 mL Ref.m, 6, Sample Name: Archive cool down returned: -30.10.  sampling returned: 2002.50.  check heater returned: 314.40. , [2025] May 01 00:27:47, 
[2025] May 05 23:52:36, [2025] May 05 23:53:56, change over.m, 8, , [2024] Feb 22 14:51:17, 
[2025] May 05 23:52:34, [2025] May 06 00:40:37, 2000 mL Ref.m, 8, Sample Name: Archive cool down returned: -30.10.  sampling returned: 2002.60.  check heater returned: 315.50. , [2025] May 01 00:27:47, 
[2025] May 06 00:42:35, [2025] May 06 00:43:56, change over.m, 10, , [2024] Feb 22 14:51:17, 
[2025] May 06 00:42:33, [2025] May 06 01:32:34, 2000 mL Ref.m, 10, Sample Name: Archive cool down returned: -30.10.  sampling returned: 2001.80.  check heater returned: 314.60. , [2025] May 01 00:27:47, 
[2025] May 06 01:32:35, [2025] May 06 01:33:59, change over.m, 12, , [2024] Feb 22 14:51:17, 
[2025] May 06 01:32:34, [2025] May 06 02:24:33, 2000 mL Ref.m, 12, Sample Name: Archive cool down returned: -30.10.  sampling returned: 2002.60.  check heater returned: 315.20. , [2025] May 01 00:27:47, 
[2025] May 06 02:24:35, [2025] May 06 02:25:58, change over.m, 15, , [2024] Feb 22 14:51:17, 
[2025] May 06 02:24:33, [2025] May 06 03:16:30, 2000 mL Ref.m, 15, Sample Name: breathing air cool down returned: -30.10.  sampling returned: 2002.30.  check heater returned: 314.80. , [2025] May 01 00:27:47, 
[2025] May 06 03:16:30, [2025] May 06 04:08:23, 2000 mL Ref.m, 15, Sample Name: breathing air cool down returned: -30.10.  sampling returned: 2002.20.  check heater returned: 314.20. , [2025] May 01 00:27:47, 
[2025] May 06 04:08:23, [2025] May 06 05:00:21, 2000 mL Ref.m, 15, Sample Name: breathing air cool down returned: -30.10.  sampling returned: 2001.80.  check heater returned: 315.30. , [2025] May 01 00:27:47, 
[2025] May 06 05:00:21, [2025] May 06 05:48:58, blank.m, 15, Sample Name: H2 cool down returned: -30.10.  sampling returned: 1994.70.  check heater returned: 304.80. , [2025] Apr 18 11:38:06, 
[2025] May 06 05:50:20, [2025] May 06 06:41:01, blank.m, 15, Sample Name: H2 cool down returned: -30.10.  sampling returned: 1994.70.  check heater returned: 305.00. , [2025] Apr 18 11:38:06, 
[2025] May 06 06:41:01, [2025] May 06 07:33:04, blank.m, 15, Sample Name: H2 cool down returned: -30.10.  sampling returned: 1994.30.  check heater returned: 304.50. , [2025] Apr 18 11:38:06, 
[2025] May 06 07:33:04, [2025] May 06 08:25:07, blank.m, 15, Sample Name: H2 cool down returned: -30.10.  sampling returned: 1993.70.  check heater returned: 304.70. , [2025] Apr 18 11:38:06, 
[2025] May 06 08:25:07, [2025] May 06 09:17:11, blank.m, 15, Sample Name: H2 cool down returned: -30.10.  sampling returned: 1994.70.  check heater returned: 304.30. , [2025] Apr 18 11:38:06, 
[2025] May 06 09:17:11, [2025] May 06 10:09:13, blank.m, 15, Sample Name: H2 cool down returned: -30.10.  sampling returned: 1994.10.  check heater returned: 302.20. , [2025] Apr 18 11:38:06, 
[2025] May 06 10:09:13, [2025] May 06 11:01:21, blank.m, 15, Sample Name: H2 cool down returned: -30.10.  sampling returned: 1993.80.  check heater returned: 302.30. , [2025] Apr 18 11:38:06, 
[2025] May 06 11:01:21, [2025] May 06 11:53:24, blank.m, 15, Sample Name: H2 cool down returned: -30.10.  sampling returned: 1995.20.  check heater returned: 302.30. , [2025] Apr 18 11:38:06, 
[2025] May 06 11:53:24, [2025] May 06 12:45:31, blank.m, 15, Sample Name: H2 cool down returned: -30.10.  sampling returned: 1995.20.  check heater returned: 302.00. , [2025] Apr 18 11:38:06, 
[2025] May 06 12:45:31, [2025] May 06 13:37:43, blank.m, 15, Sample Name: H2 cool down returned: -30.10.  sampling returned: 1994.90.  check heater returned: 302.50. , [2025] Apr 18 11:38:06, 
[2025] May 06 13:46:35, [2025] May 06 14:33:03, 2000 mL Ref.m, 15, cool down returned: -31.50.  sampling returned: 2002.60.  check heater returned: 313.70. , [2025] May 01 00:27:47, 
[2025] May 06 15:15:10, [2025] May 06 15:19:09, bake out.m, 15, check heater returned: 298.60. , [2024] Sep 01 17:56:21, 
[2025] May 06 15:38:30, [2025] May 06 15:39:53, change over.m, 2, , [2024] Feb 22 14:51:17, 
[2025] May 06 15:38:28, [2025] May 06 16:39:19, 2000 mL Ref.m, 2, Sample Name: Archive cool down returned: -34.10.  sampling returned: 2000.90.  check heater returned: 315.00. , [2025] May 01 00:27:47, 
[2025] May 06 16:39:20, [2025] May 06 16:40:42, change over.m, 4, , [2024] Feb 22 14:51:17, 
[2025] May 06 16:39:19, [2025] May 06 16:42:30, 2000 mL Ref.m, 4, Sample Name: Archive, [2025] May 01 00:27:47, Failed at [2025] May 06 16:42:30 on cool down, line 832: <class 'TypeError'> signal_handler() takes 2 positional arguments but 3 were given.
[2025] May 06 16:47:09, [2025] May 06 16:48:28, change over.m, 2, , [2024] Feb 22 14:51:17, 
[2025] May 06 16:47:07, [2025] May 06 17:29:25, 2000 mL Ref.m, 2, Sample Name: Archive cool down returned: -31.00.  sampling returned: 2002.30.  check heater returned: 312.50. , [2025] May 01 00:27:47, 
[2025] May 06 17:37:08, [2025] May 06 17:38:30, change over.m, 4, , [2024] Feb 22 14:51:17, 
[2025] May 06 17:37:06, [2025] May 06 18:21:13, 2000 mL Ref.m, 4, Sample Name: Archive cool down returned: -31.70.  sampling returned: 2002.70.  check heater returned: 313.00. , [2025] May 01 00:27:47, 
[2025] May 06 18:27:08, [2025] May 06 18:28:29, change over.m, 6, , [2024] Feb 22 14:51:17, 
[2025] May 06 18:27:06, [2025] May 06 19:13:10, 2000 mL Ref.m, 6, Sample Name: Archive cool down returned: -30.10.  sampling returned: 2002.40.  check heater returned: 313.60. , [2025] May 01 00:27:47, 
[2025] May 06 19:17:07, [2025] May 06 19:18:28, change over.m, 8, , [2024] Feb 22 14:51:17, 
[2025] May 06 19:17:05, [2025] May 06 20:05:13, 2000 mL Ref.m, 8, Sample Name: Archive cool down returned: -30.10.  sampling returned: 2002.30.  check heater returned: 314.00. , [2025] May 01 00:27:47, 
[2025] May 06 20:07:08, [2025] May 06 20:08:32, change over.m, 15, , [2024] Feb 22 14:51:17, 
[2025] May 06 20:07:05, [2025] May 06 20:57:15, 2000 mL Ref.m, 15, Sample Name: breathing air cool down returned: -30.10.  sampling returned: 2002.30.  check heater returned: 313.50. , [2025] May 01 00:27:47, 
[2025] May 06 20:57:19, [2025] May 06 20:58:42, change over.m, 10, , [2024] Feb 22 14:51:17, 
[2025] May 06 20:57:15, [2025] May 06 22:04:44, 2000 mL Ref-slow.m, 10, Sample Name: Archive cool down returned: -30.10.  sampling returned: 2009.50.  check heater returned: 315.00. , [2025] May 06 15:22:53, 
[2025] May 06 22:04:46, [2025] May 06 22:06:09, change over.m, 12, , [2024] Feb 22 14:51:17, 
[2025] May 06 22:04:44, [2025] May 06 23:12:02, 2000 mL Ref-slow.m, 12, Sample Name: Archive cool down returned: -30.10.  sampling returned: 2009.80.  check heater returned: 313.90. , [2025] May 06 15:22:53, 
[2025] May 06 23:12:04, [2025] May 06 23:13:25, change over.m, 15, , [2024] Feb 22 14:51:17, 
[2025] May 06 23:12:02, [2025] May 07 00:19:14, 2000 mL Ref-slow.m, 15, Sample Name: breathing air cool down returned: -30.10.  sampling returned: 2009.20.  check heater returned: 313.70. , [2025] May 06 15:22:53, 
[2025] May 07 00:19:14, [2025] May 07 01:07:45, custom.m, 15, Sample Name: H2 cool down returned: -30.10.  check heater returned: 312.70. , [2025] May 04 22:35:35, 
[2025] May 07 01:09:14, [2025] May 07 01:59:42, custom.m, 15, Sample Name: H2 cool down returned: -30.10.  check heater returned: 312.90. , [2025] May 04 22:35:35, 
[2025] May 07 01:59:42, [2025] May 07 02:51:35, custom.m, 15, Sample Name: H2 cool down returned: -30.10.  check heater returned: 311.80. , [2025] May 04 22:35:35, 
[2025] May 07 02:51:35, [2025] May 07 03:43:29, custom.m, 15, Sample Name: H2 cool down returned: -30.10.  check heater returned: 312.10. , [2025] May 04 22:35:35, 
[2025] May 07 03:43:29, [2025] May 07 04:35:21, custom.m, 15, Sample Name: H2 cool down returned: -30.10.  check heater returned: 312.50. , [2025] May 04 22:35:35, 
[2025] May 07 04:35:21, [2025] May 07 05:27:18, custom.m, 15, Sample Name: H2 cool down returned: -30.10.  check heater returned: 313.90. , [2025] May 04 22:35:35, 
[2025] May 07 05:27:18, [2025] May 07 06:19:11, custom.m, 15, Sample Name: H2 cool down returned: -30.10.  check heater returned: 312.20. , [2025] May 04 22:35:35, 
[2025] May 07 06:19:11, [2025] May 07 07:11:04, custom.m, 15, Sample Name: H2 cool down returned: -30.10.  check heater returned: 311.90. , [2025] May 04 22:35:35, 
[2025] May 07 07:11:04, [2025] May 07 08:03:02, custom.m, 15, Sample Name: H2 cool down returned: -30.10.  check heater returned: 311.70. , [2025] May 04 22:35:35, 
[2025] May 07 08:03:02, [2025] May 07 08:54:59, custom.m, 15, Sample Name: H2 cool down returned: -30.10.  check heater returned: 312.70. , [2025] May 04 22:35:35, 
[2025] May 07 08:54:59, [2025] May 07 09:46:57, custom.m, 15, Sample Name: H2 cool down returned: -30.10.  check heater returned: 312.70. , [2025] May 04 22:35:35, 
[2025] May 07 09:46:57, [2025] May 07 10:39:00, custom.m, 15, Sample Name: H2 cool down returned: -30.10.  check heater returned: 313.30. , [2025] May 04 22:35:35, 
[2025] May 07 10:39:00, [2025] May 07 11:27:38, custom.m, 15, Sample Name: H2 cool down returned: -30.10. , [2025] May 04 22:35:35, Failed at [2025] May 07 11:27:38 on check gc, line 832: <class 'TypeError'> signal_handler() takes 2 positional arguments but 3 were given.
[2025] May 07 11:27:48, [2025] May 07 11:31:47, bake out.m, 15, check heater returned: 288.20. , [2024] Sep 01 17:56:21, 
[2025] May 07 11:44:51, [2025] May 07 12:25:55, 2000 mL Ref.m, 15, cool down returned: -32.60.  sampling returned: 2002.50.  check heater returned: 314.90. , [2025] May 01 00:27:47, 
[2025] May 07 13:06:58, [2025] May 07 13:08:03, change over.m, 2, , [2024] Feb 22 14:51:17, Failed at [2025] May 07 13:08:03 on flush, line 832: <class 'RuntimeError'> Setpoint not reached before the timeout of 30 s.>>>  (from uPy device).
[2025] May 07 13:26:51, [2025] May 07 14:26:34, 2000 mL Ref-slow.m, 2, cool down returned: -33.20.  sampling returned: 2009.60.  check heater returned: 314.20. , [2025] May 06 15:22:53, 
[2025] May 07 15:01:43, [2025] May 07 15:03:08, change over.m, 4, , [2024] Feb 22 14:51:17, 
[2025] May 07 15:01:42, [2025] May 07 15:44:01, 2000 mL Ref.m, 4, cool down returned: -33.00.  sampling returned: 2001.60.  check heater returned: 314.90. , [2025] May 01 00:27:47, 
[2025] May 07 16:39:09, [2025] May 07 16:40:31, change over.m, 6, , [2024] Feb 22 14:51:17, 
[2025] May 07 16:39:08, [2025] May 07 17:40:11, 2000 mL Ref-slow.m, 6, Sample Name: Archive cool down returned: -32.50.  sampling returned: 2009.50.  check heater returned: 314.20. , [2025] May 06 15:22:53, 
[2025] May 07 17:40:12, [2025] May 07 17:41:36, change over.m, 8, , [2024] Feb 22 14:51:17, 
[2025] May 07 17:40:11, [2025] May 07 18:49:09, 2000 mL Ref-slow.m, 8, Sample Name: Archive cool down returned: -30.10.  sampling returned: 2007.90.  check heater returned: 313.60. , [2025] May 06 15:22:53, 
[2025] May 07 18:49:10, [2025] May 07 18:50:31, change over.m, 10, , [2024] Feb 22 14:51:17, 
[2025] May 07 18:49:09, [2025] May 07 19:57:55, 2000 mL Ref-slow.m, 10, Sample Name: Archive cool down returned: -30.10.  sampling returned: 2009.80.  check heater returned: 312.70. , [2025] May 06 15:22:53, 
[2025] May 07 19:57:56, [2025] May 07 19:59:20, change over.m, 12, , [2024] Feb 22 14:51:17, 
[2025] May 07 19:57:55, [2025] May 07 21:06:29, 2000 mL Ref-slow.m, 12, Sample Name: Archive cool down returned: -30.10.  sampling returned: 2009.80.  check heater returned: 313.40. , [2025] May 06 15:22:53, 
[2025] May 07 21:06:31, [2025] May 07 21:07:51, change over.m, 15, , [2024] Feb 22 14:51:17, 
[2025] May 07 21:06:29, [2025] May 07 22:14:31, 2000 mL Ref-slow.m, 15, Sample Name: breathing air cool down returned: -30.10.  sampling returned: 2009.60.  check heater returned: 312.40. , [2025] May 06 15:22:53, 
[2025] May 07 22:14:31, [2025] May 07 22:29:31, custom.m, 15, Sample Name: H2 cool down returned: -30.10. , [2025] May 04 22:35:35, Failed at [2025] May 07 22:29:31 on check gc, line 832: <class 'TypeError'> signal_handler() takes 2 positional arguments but 3 were given.
[2025] May 31 17:17:57, [2025] May 31 17:25:42, custom.m, 15, Blank run.  cool down returned: -30.10.  check heater returned: 306.40. , [2025] May 31 17:17:57, 
[2025] May 31 19:05:51, [2025] May 31 20:23:48, 2000 mL Ref.m, 15, cool down returned: -34.50.  sampling returned: 2001.90.  check heater returned: 318.20. , [2025] May 01 00:27:47, 
[2025] Jun 07 16:28:42, [2025] Jun 07 16:59:26, blank.m, 15, cool down returned: -30.10.  sampling returned: 1994.40.  check heater returned: 304.90. , [2025] Apr 18 11:38:06, 
[2025] Jun 10 18:20:00, [2025] Jun 10 19:06:19, 2000 mL Ref.m, 15, cool down returned: -30.10.  sampling returned: 2002.00.  check heater returned: 316.20. , [2025] May 01 00:27:47, 
[2025] Jun 10 19:32:33, [2025] Jun 10 20:13:38, 2000 mL Ref.m, 15, cool down returned: -33.60.  sampling returned: 2001.70.  check heater returned: 314.60. , [2025] May 01 00:27:47, 
[2025] Jun 10 21:36:25, [2025] Jun 10 22:17:32, 2000 mL Ref.m, 15, Sample Name: breathing air cool down returned: -33.30.  sampling returned: 2001.70.  check heater returned: 313.90. , [2025] May 01 00:27:47, 
[2025] Jun 10 22:26:25, [2025] Jun 10 23:09:19, 2000 mL Ref.m, 15, Sample Name: breathing air cool down returned: -30.10.  sampling returned: 2001.50.  check heater returned: 314.20. , [2025] May 01 00:27:47, 
[2025] Jun 10 23:16:24, [2025] Jun 11 00:01:12, 2000 mL Ref.m, 15, Sample Name: breathing air cool down returned: -30.10.  sampling returned: 2001.20.  check heater returned: 313.70. , [2025] May 01 00:27:47, 
[2025] Jun 11 00:06:24, [2025] Jun 11 00:53:04, 2000 mL Ref.m, 15, Sample Name: breathing air cool down returned: -30.10.  sampling returned: 2001.70.  check heater returned: 313.60. , [2025] May 01 00:27:47, 
[2025] Jun 11 00:56:24, [2025] Jun 11 01:44:53, 2000 mL Ref.m, 15, Sample Name: breathing air cool down returned: -30.10.  sampling returned: 2001.60.  check heater returned: 312.30. , [2025] May 01 00:27:47, 
[2025] Jun 11 01:46:24, [2025] Jun 11 02:36:41, 2000 mL Ref.m, 15, Sample Name: breathing air cool down returned: -30.10.  sampling returned: 2002.50.  check heater returned: 312.50. , [2025] May 01 00:27:47, 
[2025] Jun 11 02:36:41, [2025] Jun 11 03:13:16, 2000 mL Ref.m, 15, Sample Name: breathing air cool down returned: -30.10. , [2025] May 01 00:27:47, Failed at [2025] Jun 11 03:13:16 on sampling, line 832: <class 'TimeoutError'> Device timed out.
[2025] Jun 11 14:38:35, [2025] Jun 11 14:39:09, bake out.m, 15, , [2024] Sep 01 17:56:21, Failed at [2025] Jun 11 14:39:09 on pre-backflush, line 832: <class 'TimeoutError'> Device timed out.
[2025] Jun 11 14:46:37, [2025] Jun 11 14:50:13, bake out.m, 15, check heater returned: 299.50. , [2024] Sep 01 17:56:21, 
[2025] Jun 11 14:58:07, [2025] Jun 11 14:58:21, bake out.m, 15, , [2024] Sep 01 17:56:21, Failed at [2025] Jun 11 14:58:21 on pre-backflush, line 832: <class 'TypeError'> signal_handler() takes 2 positional arguments but 3 were given.
[2025] Jun 11 14:58:44, [2025] Jun 11 15:03:53, custom.m, 15, Blank run.  cool down returned: -30.80.  check heater returned: 301.60. , [2025] Jun 11 14:58:44, 
[2025] Jun 11 15:41:43, [2025] Jun 11 15:55:30, custom.m, 15, Blank run.  cool down returned: -33.40.  check heater returned: 301.60. , [2025] Jun 11 15:41:43, 
[2025] Jun 11 16:12:41, [2025] Jun 11 16:53:45, 2000 mL Ref.m, 15, cool down returned: -33.20.  sampling returned: 2001.30.  check heater returned: 313.20. , [2025] May 01 00:27:47, 
[2025] Jun 11 17:13:40, [2025] Jun 11 17:54:47, 2000 mL Ref.m, 15, Sample Name: breathing air cool down returned: -33.30.  sampling returned: 2001.50.  check heater returned: 311.50. , [2025] May 01 00:27:47, 
[2025] Jun 11 18:03:39, [2025] Jun 11 18:46:36, 2000 mL Ref.m, 15, Sample Name: breathing air cool down returned: -30.10.  sampling returned: 2002.30.  check heater returned: 311.80. , [2025] May 01 00:27:47, 
[2025] Jun 11 18:53:39, [2025] Jun 11 19:38:28, 2000 mL Ref.m, 15, Sample Name: breathing air cool down returned: -30.10.  sampling returned: 2001.40.  check heater returned: 312.60. , [2025] May 01 00:27:47, 
[2025] Jun 11 19:43:38, [2025] Jun 11 20:30:21, 2000 mL Ref.m, 15, Sample Name: breathing air cool down returned: -30.10.  sampling returned: 2002.00.  check heater returned: 312.60. , [2025] May 01 00:27:47, 
[2025] Jun 11 20:33:38, [2025] Jun 11 20:35:23, 2000 mL Ref.m, 15, Sample Name: breathing air, [2025] May 01 00:27:47, Failed at [2025] Jun 11 20:35:23 on cool down, line 832: <class 'TypeError'> signal_handler() takes 2 positional arguments but 3 were given.
[2025] Jun 11 20:42:49, [2025] Jun 11 20:44:13, change over.m, 12, , [2024] Feb 22 14:51:17, 
[2025] Jun 11 20:42:44, [2025] Jun 11 21:25:09, 2000 mL Ref N2.m, 12, cool down returned: -32.50.  sampling returned: 2005.10.  check heater returned: 311.70. , [2025] Jun 11 20:42:10, 
[2025] Jun 11 21:37:29, [2025] Jun 11 22:18:36, 2000 mL Ref N2.m, 12, cool down returned: -32.30.  sampling returned: 2005.50.  check heater returned: 311.70. , [2025] Jun 11 20:42:10, 
[2025] Jun 11 22:40:05, [2025] Jun 11 22:41:31, change over.m, 15, , [2024] Feb 22 14:51:17, 
[2025] Jun 11 22:40:03, [2025] Jun 11 23:22:25, 2000 mL Ref.m, 15, Sample Name: breathing air cool down returned: -33.50.  sampling returned: 2001.90.  check heater returned: 312.60. , [2025] May 01 00:27:47, 
[2025] Jun 11 23:30:03, [2025] Jun 12 00:14:13, 2000 mL Ref.m, 15, Sample Name: breathing air cool down returned: -30.10.  sampling returned: 2001.50.  check heater returned: 311.70. , [2025] May 01 00:27:47, 
[2025] Jun 12 00:20:02, [2025] Jun 12 00:43:08, 2000 mL Ref.m, 15, Sample Name: breathing air cool down returned: -30.10. , [2025] May 01 00:27:47, Failed at [2025] Jun 12 00:43:08 on sampling, line 832: <class 'TimeoutError'> Device timed out.
[2025] Jun 12 16:04:04, [2025] Jun 12 16:08:08, bake out.m, 15, check heater returned: 295.80. , [2024] Sep 01 17:56:21, 
[2025] Jun 12 16:10:01, [2025] Jun 12 16:26:18, custom.m, 15, Blank run.  cool down returned: -30.10.  check heater returned: 304.00. , [2025] Jun 12 16:10:01, 
[2025] Jun 12 17:08:55, [2025] Jun 12 17:17:59, custom.m, 15, Blank run.  cool down returned: -32.00.  check heater returned: 304.00. , [2025] Jun 12 17:08:55, 
[2025] Jun 12 17:35:41, [2025] Jun 12 18:16:46, 2000 mL Ref.m, 15, cool down returned: -32.90.  sampling returned: 2001.50.  check heater returned: 314.40. , [2025] May 01 00:27:47, 
[2025] Jun 12 18:28:27, [2025] Jun 12 19:09:33, 2000 mL Ref.m, 15, Sample Name: breathing air cool down returned: -31.70.  sampling returned: 2002.30.  check heater returned: 311.60. , [2025] May 01 00:27:47, 
[2025] Jun 12 19:18:26, [2025] Jun 12 20:01:32, 2000 mL Ref.m, 15, Sample Name: breathing air cool down returned: -30.10.  sampling returned: 2001.80.  check heater returned: 312.00. , [2025] May 01 00:27:47, 
[2025] Jun 12 20:08:26, [2025] Jun 12 20:53:30, 2000 mL Ref.m, 15, Sample Name: breathing air cool down returned: -30.10.  sampling returned: 2002.70.  check heater returned: 312.80. , [2025] May 01 00:27:47, 
[2025] Jun 12 20:58:25, [2025] Jun 12 21:45:28, 2000 mL Ref.m, 15, Sample Name: breathing air cool down returned: -30.10.  sampling returned: 2002.70.  check heater returned: 311.50. , [2025] May 01 00:27:47, 
[2025] Jun 12 21:48:24, [2025] Jun 12 22:37:26, 2000 mL Ref.m, 15, Sample Name: breathing air cool down returned: -30.10.  sampling returned: 2002.30.  check heater returned: 311.60. , [2025] May 01 00:27:47, 
[2025] Jun 12 22:38:24, [2025] Jun 12 23:29:26, 2000 mL Ref.m, 15, Sample Name: breathing air cool down returned: -30.10.  sampling returned: 2002.70.  check heater returned: 311.60. , [2025] May 01 00:27:47, 
[2025] Jun 12 23:29:26, [2025] Jun 13 00:21:24, 2000 mL Ref.m, 15, Sample Name: breathing air cool down returned: -30.10.  sampling returned: 2001.60.  check heater returned: 311.40. , [2025] May 01 00:27:47, 
[2025] Jun 13 00:21:24, [2025] Jun 13 01:13:22, 2000 mL Ref.m, 15, Sample Name: breathing air cool down returned: -30.10.  sampling returned: 2002.00.  check heater returned: 312.00. , [2025] May 01 00:27:47, 
[2025] Jun 13 01:13:22, [2025] Jun 13 02:05:15, 2000 mL Ref.m, 15, Sample Name: breathing air cool down returned: -30.10.  sampling returned: 2002.50.  check heater returned: 310.90. , [2025] May 01 00:27:47, 
[2025] Jun 13 02:05:15, [2025] Jun 13 02:57:08, 2000 mL Ref.m, 15, Sample Name: breathing air cool down returned: -30.10.  sampling returned: 2002.40.  check heater returned: 310.90. , [2025] May 01 00:27:47, 
[2025] Jun 13 02:57:08, [2025] Jun 13 03:49:00, 2000 mL Ref.m, 15, Sample Name: breathing air cool down returned: -30.10.  sampling returned: 2002.20.  check heater returned: 311.60. , [2025] May 01 00:27:47, 
[2025] Jun 13 03:49:00, [2025] Jun 13 04:11:24, 2000 mL Ref.m, 15, Sample Name: breathing air cool down returned: -30.10. , [2025] May 01 00:27:47, Failed at [2025] Jun 13 04:11:24 on sampling, line 832: <class 'TimeoutError'> Device timed out.
[2025] Jun 13 16:52:27, [2025] Jun 13 16:56:32, bake out.m, 15, check heater returned: 293.30. , [2024] Sep 01 17:56:21, 
[2025] Jun 13 16:58:05, [2025] Jun 13 17:29:17, blank.m, 15, cool down returned: -30.10.  sampling returned: 1995.00.  check heater returned: 301.90. , [2025] Apr 18 11:38:06, 
[2025] Jun 13 20:26:03, [2025] Jun 13 22:23:47, blank.m, 15, cool down returned: -33.20.  sampling returned: 1995.30.  check heater returned: 305.20. , [2025] Apr 18 11:38:06, 
[2025] Jun 13 22:55:37, [2025] Jun 13 23:37:17, 2000 mL Ref.m, 15, Sample Name: breathing air cool down returned: -31.40.  sampling returned: 2002.30.  check heater returned: 320.80. , [2025] May 01 00:27:47, Failed at [2025] Jun 13 23:37:17 on off, line 832: <class 'TimeoutError'> Device timed out.
[2025] Jun 14 15:29:56, [2025] Jun 14 15:33:35, bake out.m, 15, check heater returned: 298.00. , [2024] Sep 01 17:56:21, 
[2025] Jun 14 15:45:01, [2025] Jun 14 15:49:02, bake out.m, 15, check heater returned: 290.00. , [2024] Sep 01 17:56:21, 
[2025] Jun 14 16:39:23, [2025] Jun 14 16:43:27, bake out.m, 15, check heater returned: 296.30. , [2024] Sep 01 17:56:21, 
[2025] Jun 14 17:26:50, [2025] Jun 14 18:07:55, 2000 mL Ref.m, 15, cool down returned: -32.90.  sampling returned: 2002.60.  check heater returned: 310.20. , [2025] May 01 00:27:47, 
[2025] Jun 14 18:17:21, [2025] Jun 14 18:59:36, 2000 mL Ref.m, 15, cool down returned: -30.30.  sampling returned: 2002.70.  check heater returned: 307.60. , [2025] May 01 00:27:47, 
[2025] Jun 14 20:08:31, [2025] Jun 14 20:08:33, custom.m, 15, flow=100 volume=500 temp=310 inject=30.0. , [2025] Jun 14 20:08:31, Failed at [2025] Jun 14 20:08:33 on cool down, line 832: <class 'TypeError'> signal_handler() takes 2 positional arguments but 3 were given.
[2025] Jun 14 20:08:56, [2025] Jun 14 20:10:22, change over.m, 12, , [2024] Feb 22 14:51:17, 
[2025] Jun 14 20:08:51, [2025] Jun 14 20:51:18, 2000 mL Ref N2.m, 12, cool down returned: -33.50.  sampling returned: 2005.70.  check heater returned: 309.30. , [2025] Jun 11 20:42:10, 
[2025] Jun 14 21:05:26, [2025] Jun 14 21:06:51, change over.m, 15, , [2024] Feb 22 14:51:17, 
[2025] Jun 14 21:05:24, [2025] Jun 14 21:47:44, 2000 mL Ref.m, 15, cool down returned: -32.70.  sampling returned: 2002.90.  check heater returned: 309.30. , [2025] May 01 00:27:47, 
[2025] Jun 16 19:01:47, [2025] Jun 16 19:48:43, 2000 mL Ref.m, 15, Sample Name: breathing air cool down returned: -30.10.  sampling returned: 2002.20.  check heater returned: 314.20. , [2025] May 01 00:27:47, 
[2025] Jun 16 19:51:47, [2025] Jun 16 20:40:10, 2000 mL Ref.m, 15, Sample Name: breathing air cool down returned: -30.10.  sampling returned: 2003.10.  check heater returned: 313.10. , [2025] May 01 00:27:47, 
[2025] Jun 16 20:41:46, [2025] Jun 16 21:31:47, 2000 mL Ref.m, 15, Sample Name: breathing air cool down returned: -30.10.  sampling returned: 2002.30.  check heater returned: 312.80. , [2025] May 01 00:27:47, 
[2025] Jun 16 21:31:47, [2025] Jun 16 22:23:24, 2000 mL Ref.m, 15, Sample Name: breathing air cool down returned: -30.10.  sampling returned: 2002.40.  check heater returned: 313.50. , [2025] May 01 00:27:47, 
[2025] Jun 16 22:23:24, [2025] Jun 16 23:15:01, 2000 mL Ref.m, 15, Sample Name: breathing air cool down returned: -30.10.  sampling returned: 2002.50.  check heater returned: 312.90. , [2025] May 01 00:27:47, 
[2025] Jun 16 23:15:01, [2025] Jun 17 00:06:38, 2000 mL Ref.m, 15, Sample Name: breathing air cool down returned: -30.10.  sampling returned: 2002.30.  check heater returned: 312.70. , [2025] May 01 00:27:47, 
[2025] Jun 17 00:06:38, [2025] Jun 17 00:58:17, 2000 mL Ref.m, 15, Sample Name: breathing air cool down returned: -30.10.  sampling returned: 2002.30.  check heater returned: 311.10. , [2025] May 01 00:27:47, 
[2025] Jun 17 00:58:17, [2025] Jun 17 01:49:54, 2000 mL Ref.m, 15, Sample Name: breathing air cool down returned: -30.10.  sampling returned: 2002.70.  check heater returned: 310.40. , [2025] May 01 00:27:47, 
[2025] Jun 17 01:49:54, [2025] Jun 17 02:41:31, 2000 mL Ref.m, 15, Sample Name: breathing air cool down returned: -30.10.  sampling returned: 2002.50.  check heater returned: 312.10. , [2025] May 01 00:27:47, 
[2025] Jun 17 02:41:31, [2025] Jun 17 03:33:10, 2000 mL Ref.m, 15, Sample Name: breathing air cool down returned: -30.10.  sampling returned: 2002.00.  check heater returned: 311.40. , [2025] May 01 00:27:47, 
[2025] Jun 17 03:33:10, [2025] Jun 17 04:24:47, 2000 mL Ref.m, 15, Sample Name: breathing air cool down returned: -30.10.  sampling returned: 2002.50.  check heater returned: 311.20. , [2025] May 01 00:27:47, 
[2025] Jun 17 04:24:47, [2025] Jun 17 05:16:24, 2000 mL Ref.m, 15, Sample Name: breathing air cool down returned: -30.10.  sampling returned: 2002.70.  check heater returned: 310.80. , [2025] May 01 00:27:47, 
[2025] Jun 17 05:16:24, [2025] Jun 17 06:08:02, 2000 mL Ref.m, 15, Sample Name: breathing air cool down returned: -30.10.  sampling returned: 2002.80.  check heater returned: 311.10. , [2025] May 01 00:27:47, 
[2025] Jun 17 06:08:02, [2025] Jun 17 06:59:34, 2000 mL Ref.m, 15, Sample Name: breathing air cool down returned: -30.10.  sampling returned: 2002.70.  check heater returned: 311.70. , [2025] May 01 00:27:47, 
[2025] Jun 17 06:59:34, [2025] Jun 17 07:51:12, 2000 mL Ref.m, 15, Sample Name: breathing air cool down returned: -30.10.  sampling returned: 2003.30.  check heater returned: 311.30. , [2025] May 01 00:27:47, 
[2025] Jun 17 07:51:12, [2025] Jun 17 08:42:49, 2000 mL Ref.m, 15, Sample Name: breathing air cool down returned: -30.10.  sampling returned: 2002.40.  check heater returned: 311.20. , [2025] May 01 00:27:47, 
[2025] Jun 17 08:42:49, [2025] Jun 17 09:34:26, 2000 mL Ref.m, 15, Sample Name: breathing air cool down returned: -30.10.  sampling returned: 2001.90.  check heater returned: 311.70. , [2025] May 01 00:27:47, 
[2025] Jun 17 09:34:26, [2025] Jun 17 10:26:04, 2000 mL Ref.m, 15, Sample Name: breathing air cool down returned: -30.10.  sampling returned: 2002.50.  check heater returned: 309.90. , [2025] May 01 00:27:47, 
[2025] Jun 17 10:26:04, [2025] Jun 17 11:14:24, blank.m, 15, Sample Name: breathing air cool down returned: -30.10.  sampling returned: 1994.40.  check heater returned: 300.90. , [2025] Apr 18 11:38:06, 
[2025] Jun 17 11:35:50, [2025] Jun 17 11:37:16, change over.m, 12, , [2024] Feb 22 14:51:17, 
[2025] Jun 17 11:35:45, [2025] Jun 17 12:18:12, 2000 mL Ref N2.m, 12, cool down returned: -33.40.  sampling returned: 2006.00.  check heater returned: 311.30. , [2025] Jun 11 20:42:10, 
[2025] Jun 17 12:40:07, [2025] Jun 17 13:21:15, 2000 mL Ref N2.m, 12, cool down returned: -33.70.  sampling returned: 2006.20.  check heater returned: 313.40. , [2025] Jun 11 20:42:10, 
[2025] Jun 17 13:53:14, [2025] Jun 17 14:34:22, 2000 mL Ref N2.m, 12, cool down returned: -34.00.  sampling returned: 2005.90.  check heater returned: 310.40. , [2025] Jun 11 20:42:10, 
[2025] Jun 17 15:43:48, [2025] Jun 17 15:45:13, change over.m, 15, , [2024] Feb 22 14:51:17, 
[2025] Jun 17 15:43:46, [2025] Jun 17 16:26:05, 2000 mL Ref.m, 15, cool down returned: -33.70.  sampling returned: 2002.30.  check heater returned: 311.60. , [2025] May 01 00:27:47, 
[2025] Jun 17 17:05:08, [2025] Jun 17 17:46:11, 2000 mL Ref.m, 15, cool down returned: -33.70.  sampling returned: 2001.90.  check heater returned: 311.50. , [2025] May 01 00:27:47, 
[2025] Jun 17 18:08:27, [2025] Jun 17 18:49:31, 2000 mL Ref.m, 15, cool down returned: -33.70.  sampling returned: 2002.10.  check heater returned: 311.50. , [2025] May 01 00:27:47, 
[2025] Jun 17 19:10:16, [2025] Jun 17 19:11:21, change over.m, 4, , [2024] Feb 22 14:51:17, Failed at [2025] Jun 17 19:11:21 on flush, line 832: <class 'RuntimeError'> Setpoint not reached before the timeout of 30 s.>>>  (from uPy device).
[2025] Jun 17 19:11:41, [2025] Jun 17 19:12:46, change over.m, 8, , [2024] Feb 22 14:51:17, Failed at [2025] Jun 17 19:12:46 on flush, line 832: <class 'RuntimeError'> Setpoint not reached before the timeout of 30 s.>>>  (from uPy device).
[2025] Jun 17 19:22:30, [2025] Jun 17 19:23:52, change over.m, 4, , [2024] Feb 22 14:51:17, 
[2025] Jun 17 19:22:25, [2025] Jun 17 20:04:50, 2000 mL Ref N2.m, 4, Sample Name: breathing air cool down returned: -33.70.  sampling returned: 2005.60.  check heater returned: 310.80. , [2025] Jun 11 20:42:10, 
[2025] Jun 17 20:12:25, [2025] Jun 17 20:56:37, 2000 mL Ref N2.m, 4, Sample Name: breathing air cool down returned: -30.10.  sampling returned: 2006.40.  check heater returned: 309.70. , [2025] Jun 11 20:42:10, 
[2025] Jun 17 21:02:25, [2025] Jun 17 21:48:24, 2000 mL Ref N2.m, 4, Sample Name: breathing air cool down returned: -30.10.  sampling returned: 2006.60.  check heater returned: 311.20. , [2025] Jun 11 20:42:10, 
[2025] Jun 17 21:52:24, [2025] Jun 17 22:40:12, 2000 mL Ref N2.m, 4, Sample Name: breathing air cool down returned: -30.10.  sampling returned: 2005.80.  check heater returned: 310.50. , [2025] Jun 11 20:42:10, 
[2025] Jun 17 22:42:24, [2025] Jun 17 23:31:55, 2000 mL Ref N2.m, 4, Sample Name: breathing air cool down returned: -30.10.  sampling returned: 1924.60.  check heater returned: 312.00. , [2025] Jun 11 20:42:10, 
[2025] Jun 17 23:32:23, [2025] Jun 18 00:23:38, 2000 mL Ref N2.m, 4, Sample Name: breathing air cool down returned: -30.10.  sampling returned: 1096.50.  check heater returned: 311.10. , [2025] Jun 11 20:42:10, 
[2025] Jun 18 00:23:38, [2025] Jun 18 00:32:59, 2000 mL Ref N2.m, 4, Sample Name: breathing air cool down returned: -30.10. , [2025] Jun 11 20:42:10, Failed at [2025] Jun 18 00:32:59 on flush, line 832: <class 'RuntimeError'> Setpoint not reached before the timeout of 30 s.>>>  (from uPy device).
[2025] Jun 18 01:04:26, [2025] Jun 18 01:08:31, bake out.m, 4, check heater returned: 288.90. , [2024] Sep 01 17:56:21, 
[2025] Jun 18 01:17:46, [2025] Jun 18 01:19:11, change over.m, 15, , [2024] Feb 22 14:51:17, 
[2025] Jun 18 01:17:42, [2025] Jun 18 02:00:06, 2000 mL Ref.m, 15, Sample Name: breathing air cool down returned: -32.00.  sampling returned: 2003.20.  check heater returned: 311.50. , [2025] May 01 00:27:47, 
[2025] Jun 18 02:07:45, [2025] Jun 18 02:09:09, change over.m, 8, , [2024] Feb 22 14:51:17, 
[2025] Jun 18 02:07:42, [2025] Jun 18 02:51:38, 2000 mL Ref N2.m, 8, Sample Name: 66% NPL dilution cool down returned: -30.30.  sampling returned: 2006.30.  check heater returned: 311.60. , [2025] Jun 11 20:42:10, 
[2025] Jun 18 02:57:41, [2025] Jun 18 03:43:12, 2000 mL Ref N2.m, 8, Sample Name: 66% NPL dilution cool down returned: -30.10.  sampling returned: 2005.80.  check heater returned: 310.40. , [2025] Jun 11 20:42:10, 
[2025] Jun 18 03:47:41, [2025] Jun 18 04:34:45, 2000 mL Ref N2.m, 8, Sample Name: 66% NPL dilution cool down returned: -30.10.  sampling returned: 2006.20.  check heater returned: 311.10. , [2025] Jun 11 20:42:10, 
[2025] Jun 18 04:37:44, [2025] Jun 18 04:39:08, change over.m, 15, , [2024] Feb 22 14:51:17, 
[2025] Jun 18 04:37:41, [2025] Jun 18 05:26:17, 2000 mL Ref.m, 15, Sample Name: breathing air cool down returned: -30.10.  sampling returned: 2002.80.  check heater returned: 311.60. , [2025] May 01 00:27:47, 
[2025] Jun 18 05:27:40, [2025] Jun 18 06:17:54, 2000 mL Ref.m, 15, Sample Name: breathing air cool down returned: -30.10.  sampling returned: 2002.90.  check heater returned: 310.90. , [2025] May 01 00:27:47, 
[2025] Jun 18 06:17:54, [2025] Jun 18 07:09:27, 2000 mL Ref.m, 15, Sample Name: breathing air cool down returned: -30.10.  sampling returned: 2002.90.  check heater returned: 312.30. , [2025] May 01 00:27:47, 
[2025] Jun 18 07:09:27, [2025] Jun 18 08:00:59, 2000 mL Ref.m, 15, Sample Name: breathing air cool down returned: -30.10.  sampling returned: 2002.50.  check heater returned: 311.30. , [2025] May 01 00:27:47, 
[2025] Jun 18 08:00:59, [2025] Jun 18 08:52:31, 2000 mL Ref.m, 15, Sample Name: breathing air cool down returned: -30.10.  sampling returned: 2002.60.  check heater returned: 311.30. , [2025] May 01 00:27:47, 
[2025] Jun 18 08:52:31, [2025] Jun 18 09:44:08, 2000 mL Ref.m, 15, Sample Name: breathing air cool down returned: -30.10.  sampling returned: 2002.80.  check heater returned: 311.80. , [2025] May 01 00:27:47, 
[2025] Jun 18 09:44:08, [2025] Jun 18 10:35:46, 2000 mL Ref.m, 15, Sample Name: breathing air cool down returned: -30.10.  sampling returned: 2002.50.  check heater returned: 309.70. , [2025] May 01 00:27:47, 
[2025] Jun 18 10:35:46, [2025] Jun 18 11:27:30, 2000 mL Ref.m, 15, Sample Name: breathing air cool down returned: -30.10.  sampling returned: 2002.30.  check heater returned: 311.00. , [2025] May 01 00:27:47, 
[2025] Jun 18 11:27:30, [2025] Jun 18 12:19:12, 2000 mL Ref.m, 15, Sample Name: breathing air cool down returned: -30.10.  sampling returned: 2002.90.  check heater returned: 310.30. , [2025] May 01 00:27:47, 
[2025] Jun 18 12:19:12, [2025] Jun 18 13:10:56, 2000 mL Ref.m, 15, Sample Name: breathing air cool down returned: -30.10.  sampling returned: 2003.10.  check heater returned: 309.70. , [2025] May 01 00:27:47, 
[2025] Jun 18 13:10:56, [2025] Jun 18 14:02:43, 2000 mL Ref.m, 15, Sample Name: breathing air cool down returned: -30.10.  sampling returned: 2002.20.  check heater returned: 311.10. , [2025] May 01 00:27:47, 
[2025] Jun 18 14:02:43, [2025] Jun 18 14:54:25, 2000 mL Ref.m, 15, Sample Name: breathing air cool down returned: -30.10.  sampling returned: 2002.70.  check heater returned: 311.00. , [2025] May 01 00:27:47, 
[2025] Jun 18 14:54:25, [2025] Jun 18 15:46:02, 2000 mL Ref.m, 15, Sample Name: breathing air cool down returned: -30.10.  sampling returned: 2003.00.  check heater returned: 311.20. , [2025] May 01 00:27:47, 
[2025] Jun 18 15:46:02, [2025] Jun 18 16:37:40, 2000 mL Ref.m, 15, Sample Name: breathing air cool down returned: -30.10.  sampling returned: 2002.40.  check heater returned: 312.40. , [2025] May 01 00:27:47, 
[2025] Jun 18 16:37:40, [2025] Jun 18 17:29:22, 2000 mL Ref.m, 15, Sample Name: breathing air cool down returned: -30.10.  sampling returned: 2002.80.  check heater returned: 310.80. , [2025] May 01 00:27:47, 
[2025] Jun 18 17:29:22, [2025] Jun 18 18:20:59, 2000 mL Ref.m, 15, Sample Name: breathing air cool down returned: -30.10.  sampling returned: 2002.80.  check heater returned: 311.00. , [2025] May 01 00:27:47, 
[2025] Jun 18 18:20:59, [2025] Jun 18 19:12:36, 2000 mL Ref.m, 15, Sample Name: breathing air cool down returned: -30.10.  sampling returned: 2003.60.  check heater returned: 311.00. , [2025] May 01 00:27:47, 
[2025] Jun 18 19:12:36, [2025] Jun 18 20:04:13, 2000 mL Ref.m, 15, Sample Name: breathing air cool down returned: -30.10.  sampling returned: 2002.70.  check heater returned: 310.70. , [2025] May 01 00:27:47, 
[2025] Jun 18 20:04:13, [2025] Jun 18 20:55:46, 2000 mL Ref.m, 15, Sample Name: breathing air cool down returned: -30.10.  sampling returned: 2002.80.  check heater returned: 312.30. , [2025] May 01 00:27:47, 
[2025] Jun 18 20:55:46, [2025] Jun 18 21:47:18, 2000 mL Ref.m, 15, Sample Name: breathing air cool down returned: -30.10.  sampling returned: 2003.40.  check heater returned: 311.60. , [2025] May 01 00:27:47, 
[2025] Jun 18 21:47:18, [2025] Jun 18 22:38:45, 2000 mL Ref.m, 15, Sample Name: breathing air cool down returned: -30.10.  sampling returned: 2002.90.  check heater returned: 311.70. , [2025] May 01 00:27:47, 
[2025] Jun 18 22:38:45, [2025] Jun 18 23:30:13, 2000 mL Ref.m, 15, Sample Name: breathing air cool down returned: -30.10.  sampling returned: 2003.20.  check heater returned: 311.40. , [2025] May 01 00:27:47, 
[2025] Jun 18 23:30:13, [2025] Jun 19 00:21:40, 2000 mL Ref.m, 15, Sample Name: breathing air cool down returned: -30.10.  sampling returned: 2002.50.  check heater returned: 310.90. , [2025] May 01 00:27:47, 
[2025] Jun 19 00:21:40, [2025] Jun 19 01:13:12, 2000 mL Ref.m, 15, Sample Name: breathing air cool down returned: -30.10.  sampling returned: 2002.10.  check heater returned: 311.00. , [2025] May 01 00:27:47, 
[2025] Jun 19 01:13:12, [2025] Jun 19 02:04:50, 2000 mL Ref.m, 15, Sample Name: breathing air cool down returned: -30.10.  sampling returned: 2003.00.  check heater returned: 310.80. , [2025] May 01 00:27:47, 
[2025] Jun 19 02:04:50, [2025] Jun 19 02:56:23, 2000 mL Ref.m, 15, Sample Name: breathing air cool down returned: -30.10.  sampling returned: 2002.30.  check heater returned: 311.00. , [2025] May 01 00:27:47, 
[2025] Jun 19 02:56:23, [2025] Jun 19 03:47:55, 2000 mL Ref.m, 15, Sample Name: breathing air cool down returned: -30.10.  sampling returned: 2002.70.  check heater returned: 311.30. , [2025] May 01 00:27:47, 
[2025] Jun 19 03:47:55, [2025] Jun 19 04:39:27, 2000 mL Ref.m, 15, Sample Name: breathing air cool down returned: -30.10.  sampling returned: 2002.40.  check heater returned: 312.10. , [2025] May 01 00:27:47, 
[2025] Jun 19 04:39:27, [2025] Jun 19 05:30:59, 2000 mL Ref.m, 15, Sample Name: breathing air cool down returned: -30.10.  sampling returned: 2002.40.  check heater returned: 312.10. , [2025] May 01 00:27:47, 
[2025] Jun 19 05:30:59, [2025] Jun 19 06:22:36, 2000 mL Ref.m, 15, Sample Name: breathing air cool down returned: -30.10.  sampling returned: 2002.90.  check heater returned: 310.90. , [2025] May 01 00:27:47, 
[2025] Jun 19 06:22:36, [2025] Jun 19 07:14:13, 2000 mL Ref.m, 15, Sample Name: breathing air cool down returned: -30.10.  sampling returned: 2002.70.  check heater returned: 311.30. , [2025] May 01 00:27:47, 
[2025] Jun 19 07:14:13, [2025] Jun 19 08:05:50, 2000 mL Ref.m, 15, Sample Name: breathing air cool down returned: -30.10.  sampling returned: 2002.40.  check heater returned: 311.70. , [2025] May 01 00:27:47, 
[2025] Jun 19 08:05:50, [2025] Jun 19 08:57:31, 2000 mL Ref.m, 15, Sample Name: breathing air cool down returned: -30.10.  sampling returned: 2002.50.  check heater returned: 311.40. , [2025] May 01 00:27:47, 
[2025] Jun 19 08:57:31, [2025] Jun 19 09:49:08, 2000 mL Ref.m, 15, Sample Name: breathing air cool down returned: -30.10.  sampling returned: 2002.70.  check heater returned: 311.40. , [2025] May 01 00:27:47, 
[2025] Jun 19 09:49:08, [2025] Jun 19 10:40:45, 2000 mL Ref.m, 15, Sample Name: breathing air cool down returned: -30.10.  sampling returned: 2003.30.  check heater returned: 313.10. , [2025] May 01 00:27:47, 
[2025] Jun 19 10:40:45, [2025] Jun 19 11:32:28, 2000 mL Ref.m, 15, Sample Name: breathing air cool down returned: -30.10.  sampling returned: 2003.40.  check heater returned: 311.80. , [2025] May 01 00:27:47, 
[2025] Jun 19 11:32:28, [2025] Jun 19 12:24:10, 2000 mL Ref.m, 15, Sample Name: breathing air cool down returned: -30.10.  sampling returned: 2002.80.  check heater returned: 311.90. , [2025] May 01 00:27:47, 
[2025] Jun 19 12:24:10, [2025] Jun 19 13:15:53, 2000 mL Ref.m, 15, Sample Name: breathing air cool down returned: -30.10.  sampling returned: 2002.90.  check heater returned: 311.80. , [2025] May 01 00:27:47, 
[2025] Jun 19 13:15:53, [2025] Jun 19 14:07:40, 2000 mL Ref.m, 15, Sample Name: breathing air cool down returned: -30.10.  sampling returned: 2003.00.  check heater returned: 311.60. , [2025] May 01 00:27:47, 
[2025] Jun 19 14:07:40, [2025] Jun 19 14:59:28, 2000 mL Ref.m, 15, Sample Name: breathing air cool down returned: -30.10.  sampling returned: 2003.00.  check heater returned: 311.70. , [2025] May 01 00:27:47, 
[2025] Jun 19 14:59:28, [2025] Jun 19 15:51:15, 2000 mL Ref.m, 15, Sample Name: breathing air cool down returned: -30.10.  sampling returned: 2002.80.  check heater returned: 311.10. , [2025] May 01 00:27:47, 
[2025] Jun 19 15:51:15, [2025] Jun 19 16:43:04, 2000 mL Ref.m, 15, Sample Name: breathing air cool down returned: -30.10.  sampling returned: 2003.10.  check heater returned: 310.40. , [2025] May 01 00:27:47, 
[2025] Jun 19 16:43:04, [2025] Jun 19 17:34:52, 2000 mL Ref.m, 15, Sample Name: breathing air cool down returned: -30.10.  sampling returned: 2002.50.  check heater returned: 310.70. , [2025] May 01 00:27:47, 
[2025] Jun 19 17:34:52, [2025] Jun 19 18:26:39, 2000 mL Ref.m, 15, Sample Name: breathing air cool down returned: -30.10.  sampling returned: 2003.40.  check heater returned: 311.20. , [2025] May 01 00:27:47, 
[2025] Jun 19 18:26:39, [2025] Jun 19 19:18:28, 2000 mL Ref.m, 15, Sample Name: breathing air cool down returned: -30.10.  sampling returned: 2002.50.  check heater returned: 311.00. , [2025] May 01 00:27:47, 
[2025] Jun 19 19:18:51, [2025] Jun 19 19:20:15, change over.m, 12, , [2024] Feb 22 14:51:17, 
[2025] Jun 19 19:18:46, [2025] Jun 19 19:20:19, 2000 mL Ref N2.m, 12, Sample Name: NPL, [2025] Jun 11 20:42:10, Failed at [2025] Jun 19 19:20:19 on cool down, line 832: <class 'TypeError'> signal_handler() takes 2 positional arguments but 3 were given.
[2025] Jun 19 19:21:52, [2025] Jun 19 20:10:12, 2000 mL Ref N2.m, 12, Sample Name: NPL cool down returned: -30.10.  sampling returned: 2005.80.  check heater returned: 310.70. , [2025] Jun 11 20:42:10, 
[2025] Jun 19 20:11:52, [2025] Jun 19 21:02:00, 2000 mL Ref N2.m, 12, Sample Name: NPL cool down returned: -30.10.  sampling returned: 2005.90.  check heater returned: 311.80. , [2025] Jun 11 20:42:10, 
[2025] Jun 19 21:02:00, [2025] Jun 19 21:53:42, 2000 mL Ref N2.m, 12, Sample Name: NPL cool down returned: -30.10.  sampling returned: 2005.60.  check heater returned: 310.20. , [2025] Jun 11 20:42:10, 
[2025] Jun 19 21:53:44, [2025] Jun 19 21:55:09, change over.m, 15, , [2024] Feb 22 14:51:17, 
[2025] Jun 19 21:53:42, [2025] Jun 19 22:45:23, 2000 mL Ref.m, 15, Sample Name: breathing air cool down returned: -30.10.  sampling returned: 2003.10.  check heater returned: 311.10. , [2025] May 01 00:27:47, 
[2025] Jun 19 22:45:23, [2025] Jun 19 23:37:06, 2000 mL Ref.m, 15, Sample Name: breathing air cool down returned: -30.10.  sampling returned: 2002.50.  check heater returned: 311.00. , [2025] May 01 00:27:47, 
[2025] Jun 19 23:37:06, [2025] Jun 20 00:28:47, 2000 mL Ref.m, 15, Sample Name: breathing air cool down returned: -30.10.  sampling returned: 2002.90.  check heater returned: 311.20. , [2025] May 01 00:27:47, 
[2025] Jun 20 00:28:47, [2025] Jun 20 01:20:29, 2000 mL Ref.m, 15, Sample Name: breathing air cool down returned: -30.10.  sampling returned: 2002.20.  check heater returned: 311.20. , [2025] May 01 00:27:47, 
[2025] Jun 20 01:20:29, [2025] Jun 20 02:12:11, 2000 mL Ref.m, 15, Sample Name: breathing air cool down returned: -30.10.  sampling returned: 2002.70.  check heater returned: 310.60. , [2025] May 01 00:27:47, 
[2025] Jun 20 02:12:11, [2025] Jun 20 03:03:54, 2000 mL Ref.m, 15, Sample Name: breathing air cool down returned: -30.10.  sampling returned: 2002.50.  check heater returned: 310.80. , [2025] May 01 00:27:47, 
[2025] Jun 20 03:03:54, [2025] Jun 20 03:55:32, 2000 mL Ref.m, 15, Sample Name: breathing air cool down returned: -30.10.  sampling returned: 2002.20.  check heater returned: 311.70. , [2025] May 01 00:27:47, 
[2025] Jun 20 03:55:32, [2025] Jun 20 04:47:14, 2000 mL Ref.m, 15, Sample Name: breathing air cool down returned: -30.10.  sampling returned: 2002.40.  check heater returned: 311.50. , [2025] May 01 00:27:47, 
[2025] Jun 20 04:47:14, [2025] Jun 20 05:38:57, 2000 mL Ref.m, 15, Sample Name: breathing air cool down returned: -30.10.  sampling returned: 2002.80.  check heater returned: 311.60. , [2025] May 01 00:27:47, 
[2025] Jun 20 05:38:57, [2025] Jun 20 06:30:36, 2000 mL Ref.m, 15, Sample Name: breathing air cool down returned: -30.10.  sampling returned: 2003.20.  check heater returned: 311.20. , [2025] May 01 00:27:47, 
[2025] Jun 20 06:30:36, [2025] Jun 20 07:22:18, 2000 mL Ref.m, 15, Sample Name: breathing air cool down returned: -30.10.  sampling returned: 2002.50.  check heater returned: 310.90. , [2025] May 01 00:27:47, 
[2025] Jun 20 07:22:18, [2025] Jun 20 08:14:00, 2000 mL Ref.m, 15, Sample Name: breathing air cool down returned: -30.10.  sampling returned: 2002.90.  check heater returned: 311.20. , [2025] May 01 00:27:47, 
[2025] Jun 20 08:14:00, [2025] Jun 20 09:05:43, 2000 mL Ref.m, 15, Sample Name: breathing air cool down returned: -30.10.  sampling returned: 2002.30.  check heater returned: 309.80. , [2025] May 01 00:27:47, 
[2025] Jun 20 09:05:43, [2025] Jun 20 09:57:25, 2000 mL Ref.m, 15, Sample Name: breathing air cool down returned: -30.10.  sampling returned: 2002.80.  check heater returned: 311.80. , [2025] May 01 00:27:47, 
[2025] Jun 20 09:57:25, [2025] Jun 20 10:49:07, 2000 mL Ref.m, 15, Sample Name: breathing air cool down returned: -30.10.  sampling returned: 2002.90.  check heater returned: 310.30. , [2025] May 01 00:27:47, 
[2025] Jun 20 10:49:07, [2025] Jun 20 11:40:46, 2000 mL Ref.m, 15, Sample Name: breathing air cool down returned: -30.10.  sampling returned: 2002.80.  check heater returned: 311.90. , [2025] May 01 00:27:47, 
[2025] Jun 20 11:40:46, [2025] Jun 20 12:32:29, 2000 mL Ref.m, 15, Sample Name: breathing air cool down returned: -30.10.  sampling returned: 2003.00.  check heater returned: 310.30. , [2025] May 01 00:27:47, 
[2025] Jun 20 12:32:29, [2025] Jun 20 13:24:11, 2000 mL Ref.m, 15, Sample Name: breathing air cool down returned: -30.10.  sampling returned: 2002.70.  check heater returned: 312.20. , [2025] May 01 00:27:47, 
[2025] Jun 20 13:24:11, [2025] Jun 20 14:15:54, 2000 mL Ref.m, 15, Sample Name: breathing air cool down returned: -30.10.  sampling returned: 2002.80.  check heater returned: 311.70. , [2025] May 01 00:27:47, 
[2025] Jun 20 14:15:54, [2025] Jun 20 15:07:32, 2000 mL Ref.m, 15, Sample Name: breathing air cool down returned: -30.10.  sampling returned: 2002.60.  check heater returned: 311.40. , [2025] May 01 00:27:47, 
[2025] Jun 20 15:07:32, [2025] Jun 20 15:59:14, 2000 mL Ref.m, 15, Sample Name: breathing air cool down returned: -30.10.  sampling returned: 2002.00.  check heater returned: 311.20. , [2025] May 01 00:27:47, 
[2025] Jun 20 16:35:11, [2025] Jun 20 16:36:36, change over.m, 12, , [2024] Feb 22 14:51:17, 
[2025] Jun 20 16:35:06, [2025] Jun 20 17:17:33, 2000 mL Ref N2.m, 12, Sample Name: NPL cool down returned: -34.00.  sampling returned: 2005.70.  check heater returned: 310.30. , [2025] Jun 11 20:42:10, 
[2025] Jun 20 17:25:06, [2025] Jun 20 18:09:10, 2000 mL Ref N2.m, 12, Sample Name: NPL cool down returned: -30.10.  sampling returned: 2005.30.  check heater returned: 309.70. , [2025] Jun 11 20:42:10, 
[2025] Jun 20 18:15:06, [2025] Jun 20 19:00:53, 2000 mL Ref N2.m, 12, Sample Name: NPL cool down returned: -30.10.  sampling returned: 2005.80.  check heater returned: 310.10. , [2025] Jun 11 20:42:10, 
[2025] Jun 20 19:05:08, [2025] Jun 20 19:06:29, change over.m, 15, , [2024] Feb 22 14:51:17, 
[2025] Jun 20 19:05:06, [2025] Jun 20 19:52:36, 2000 mL Ref.m, 15, Sample Name: breathing air cool down returned: -30.10.  sampling returned: 2002.90.  check heater returned: 311.10. , [2025] May 01 00:27:47, 
[2025] Jun 20 19:55:05, [2025] Jun 20 20:44:18, 2000 mL Ref.m, 15, Sample Name: breathing air cool down returned: -30.10.  sampling returned: 2002.60.  check heater returned: 311.60. , [2025] May 01 00:27:47, 
[2025] Jun 20 20:45:04, [2025] Jun 20 21:36:00, 2000 mL Ref.m, 15, Sample Name: breathing air cool down returned: -30.10.  sampling returned: 2003.20.  check heater returned: 309.50. , [2025] May 01 00:27:47, 
[2025] Jun 20 21:36:00, [2025] Jun 20 22:27:44, 2000 mL Ref.m, 15, Sample Name: breathing air cool down returned: -30.10.  sampling returned: 2002.60.  check heater returned: 310.90. , [2025] May 01 00:27:47, 
[2025] Jun 20 22:27:44, [2025] Jun 20 23:19:26, 2000 mL Ref.m, 15, Sample Name: breathing air cool down returned: -30.10.  sampling returned: 2003.00.  check heater returned: 310.60. , [2025] May 01 00:27:47, 
[2025] Jun 20 23:19:26, [2025] Jun 20 23:48:05, 2000 mL Ref.m, 15, Sample Name: breathing air cool down returned: -30.10. , [2025] May 01 00:27:47, Failed at [2025] Jun 20 23:48:05 on sampling, line 832: <class 'TypeError'> signal_handler() takes 2 positional arguments but 3 were given.
[2025] Jun 21 12:17:53, [2025] Jun 21 12:19:27, bake out.m, 15, , [2024] Sep 01 17:56:21, Failed at [2025] Jun 21 12:19:27 on check heater, line 832: <class 'SystemError'> ads failed to reach 275 in time. Last measured: 21.60.
[2025] Jun 21 14:34:25, [2025] Jun 21 14:38:32, bake out.m, 15, check heater returned: 296.60. , [2024] Sep 01 17:56:21, 
[2025] Jun 21 14:57:36, [2025] Jun 21 15:38:40, 2000 mL Ref.m, 15, cool down returned: -33.90.  sampling returned: 2002.20.  check heater returned: 310.90. , [2025] May 01 00:27:47, 
[2025] Jun 21 16:21:24, [2025] Jun 21 16:22:49, change over.m, 12, , [2024] Feb 22 14:51:17, 
[2025] Jun 21 16:21:19, [2025] Jun 21 17:03:44, 2000 mL Ref N2.m, 12, cool down returned: -34.10.  sampling returned: 2005.20.  check heater returned: 311.00. , [2025] Jun 11 20:42:10, 
[2025] Jun 21 17:43:31, [2025] Jun 21 17:44:57, change over.m, 15, , [2024] Feb 22 14:51:17, 
[2025] Jun 21 17:43:29, [2025] Jun 21 18:25:51, 2000 mL Ref.m, 15, cool down returned: -34.10.  sampling returned: 2002.80.  check heater returned: 308.70. , [2025] May 01 00:27:47, 
[2025] Jun 21 23:08:42, [2025] Jun 21 23:17:03, custom.m, 15, flow=100 volume=200 temp=310 inject=30.0.  cool down returned: -33.20.  sampling returned: 200.00.  check heater returned: 297.90. , [2025] Jun 21 23:08:42, 
[2025] Jun 22 11:26:02, [2025] Jun 22 11:40:55, custom.m, 15, flow=64 volume=200 temp=310 inject=30.0.  cool down returned: -30.10.  sampling returned: 200.40.  check heater returned: 301.10. , [2025] Jun 22 11:26:02, 
[2025] Jun 22 12:13:20, [2025] Jun 22 12:32:21, custom.m, 15, flow=64 volume=400 temp=310 inject=30.0.  cool down returned: -34.30.  sampling returned: 399.70.  check heater returned: 301.70. , [2025] Jun 22 12:13:20, 
[2025] Jun 22 13:04:57, [2025] Jun 22 13:24:02, custom.m, 15, flow=64 volume=600 temp=310 inject=30.0.  cool down returned: -33.60.  sampling returned: 600.50.  check heater returned: 301.60. , [2025] Jun 22 13:04:57, 
[2025] Jun 22 13:33:26, [2025] Jun 22 14:15:47, custom.m, 15, flow=64 volume=800 temp=310 inject=30.0.  cool down returned: -31.60.  sampling returned: 800.50.  check heater returned: 300.70. , [2025] Jun 22 13:33:26, 
[2025] Jun 22 14:39:03, [2025] Jun 22 15:07:29, custom.m, 15, flow=64 volume=1000 temp=310 inject=30.0.  cool down returned: -33.30.  sampling returned: 1000.90.  check heater returned: 299.30. , [2025] Jun 22 14:39:03, 
[2025] Jun 22 15:19:35, [2025] Jun 22 15:59:11, custom.m, 15, flow=64 volume=1200 temp=310 inject=30.0.  cool down returned: -31.40.  sampling returned: 1200.90.  check heater returned: 299.20. , [2025] Jun 22 15:19:35, 
[2025] Jun 22 16:39:19, [2025] Jun 22 17:07:56, custom.m, 15, flow=64 volume=1400 temp=310 inject=30.0.  cool down returned: -33.40.  sampling returned: 1402.20.  check heater returned: 299.90. , [2025] Jun 22 16:39:19, 
[2025] Jun 22 17:54:19, [2025] Jun 22 18:26:02, custom.m, 15, flow=64 volume=1600 temp=310 inject=30.0.  cool down returned: -33.80.  sampling returned: 1602.20.  check heater returned: 298.90. , [2025] Jun 22 17:54:19, 
[2025] Jun 22 18:55:16, [2025] Jun 22 19:30:08, custom.m, 15, flow=64 volume=1800 temp=310 inject=30.0.  cool down returned: -31.60.  sampling returned: 1802.50.  check heater returned: 299.10. , [2025] Jun 22 18:55:16, 
[2025] Jun 22 22:52:47, [2025] Jun 22 22:54:06, change over.m, 15, , [2024] Feb 22 14:51:17, 
[2025] Jun 22 22:52:45, [2025] Jun 22 23:35:02, 2000 mL Ref.m, 15, Sample Name: breathing air cool down returned: -32.80.  sampling returned: 2003.00.  check heater returned: 311.20. , [2025] May 01 00:27:47, 
[2025] Jun 22 23:42:47, [2025] Jun 22 23:44:09, change over.m, 4, , [2024] Feb 22 14:51:17, 
[2025] Jun 22 23:42:45, [2025] Jun 23 00:26:34, 2000 mL Ref.m, 4, Sample Name: Sauvie Island Sample cool down returned: -30.10.  sampling returned: 2003.10.  check heater returned: 308.90. , [2025] May 01 00:27:47, 
[2025] Jun 23 00:32:47, [2025] Jun 23 00:34:11, change over.m, 8, , [2024] Feb 22 14:51:17, 
[2025] Jun 23 00:32:45, [2025] Jun 23 01:18:11, 2000 mL Ref.m, 8, Sample Name: Sauvie Island Sample cool down returned: -30.10.  sampling returned: 1791.70.  check heater returned: 308.40. , [2025] May 01 00:27:47, 
[2025] Jun 23 01:22:46, [2025] Jun 23 01:24:08, change over.m, 10, , [2024] Feb 22 14:51:17, 
[2025] Jun 23 01:22:44, [2025] Jun 23 02:09:54, 2000 mL Ref.m, 10, Sample Name: Sauvie Island Sample cool down returned: -30.10.  sampling returned: 2002.10.  check heater returned: 308.50. , [2025] May 01 00:27:47, 
[2025] Jun 23 02:12:46, [2025] Jun 23 02:14:10, change over.m, 15, , [2024] Feb 22 14:51:17, 
[2025] Jun 23 02:12:44, [2025] Jun 23 03:01:32, 2000 mL Ref.m, 15, Sample Name: breathing air cool down returned: -30.10.  sampling returned: 2003.10.  check heater returned: 309.20. , [2025] May 01 00:27:47, 
[2025] Jun 23 03:02:43, [2025] Jun 23 03:53:20, 2000 mL Ref.m, 15, Sample Name: breathing air cool down returned: -30.10.  sampling returned: 2002.10.  check heater returned: 305.70. , [2025] May 01 00:27:47, 
[2025] Jun 23 03:53:20, [2025] Jun 23 04:44:58, 2000 mL Ref.m, 15, Sample Name: breathing air cool down returned: -30.10.  sampling returned: 2003.00.  check heater returned: 309.50. , [2025] May 01 00:27:47, 
[2025] Jun 23 04:44:58, [2025] Jun 23 05:36:41, 2000 mL Ref.m, 15, Sample Name: breathing air cool down returned: -30.10.  sampling returned: 2002.90.  check heater returned: 308.00. , [2025] May 01 00:27:47, 
[2025] Jun 23 05:36:41, [2025] Jun 23 06:28:19, 2000 mL Ref.m, 15, Sample Name: breathing air cool down returned: -30.10.  sampling returned: 2003.00.  check heater returned: 308.90. , [2025] May 01 00:27:47, 
[2025] Jun 23 06:28:19, [2025] Jun 23 07:20:01, 2000 mL Ref.m, 15, Sample Name: breathing air cool down returned: -30.10.  sampling returned: 2003.30.  check heater returned: 308.90. , [2025] May 01 00:27:47, 
[2025] Jun 23 07:20:01, [2025] Jun 23 08:11:43, 2000 mL Ref.m, 15, Sample Name: breathing air cool down returned: -30.10.  sampling returned: 2002.30.  check heater returned: 308.70. , [2025] May 01 00:27:47, 
[2025] Jun 23 08:11:43, [2025] Jun 23 09:03:26, 2000 mL Ref.m, 15, Sample Name: breathing air cool down returned: -30.10.  sampling returned: 2002.20.  check heater returned: 309.20. , [2025] May 01 00:27:47, 
[2025] Jun 23 09:03:26, [2025] Jun 23 09:55:08, 2000 mL Ref.m, 15, Sample Name: breathing air cool down returned: -30.10.  sampling returned: 2002.10.  check heater returned: 309.40. , [2025] May 01 00:27:47, 
[2025] Jun 23 09:55:08, [2025] Jun 23 10:46:51, 2000 mL Ref.m, 15, Sample Name: breathing air cool down returned: -30.10.  sampling returned: 2002.90.  check heater returned: 309.30. , [2025] May 01 00:27:47, 
[2025] Jun 23 10:46:51, [2025] Jun 23 11:38:38, 2000 mL Ref.m, 15, Sample Name: breathing air cool down returned: -30.10.  sampling returned: 2002.00.  check heater returned: 309.30. , [2025] May 01 00:27:47, 
[2025] Jun 23 11:38:38, [2025] Jun 23 12:30:26, 2000 mL Ref.m, 15, Sample Name: breathing air cool down returned: -30.10.  sampling returned: 2002.50.  check heater returned: 309.90. , [2025] May 01 00:27:47, 
[2025] Jun 23 12:30:26, [2025] Jun 23 13:22:08, 2000 mL Ref.m, 15, Sample Name: breathing air cool down returned: -30.10.  sampling returned: 2002.40.  check heater returned: 308.70. , [2025] May 01 00:27:47, 
[2025] Jun 23 14:15:25, [2025] Jun 23 14:16:44, change over.m, 15, , [2024] Feb 22 14:51:17, 
[2025] Jun 23 14:15:23, [2025] Jun 23 14:46:24, 1000 mL.m, 15, Sample Name: breathing air cool down returned: -32.80.  sampling returned: 1003.20.  check heater returned: 309.90. , [2025] Jun 23 14:12:26, 
[2025] Jun 23 15:05:25, [2025] Jun 23 15:06:47, change over.m, 4, , [2024] Feb 22 14:51:17, 
[2025] Jun 23 15:05:23, [2025] Jun 23 15:38:06, 1000 mL.m, 4, Sample Name: Sauvie Island Sample cool down returned: -32.70.  sampling returned: 1002.80.  check heater returned: 309.80. , [2025] Jun 23 14:12:26, 
[2025] Jun 23 15:55:24, [2025] Jun 23 15:56:50, change over.m, 8, , [2024] Feb 22 14:51:17, 
[2025] Jun 23 15:55:22, [2025] Jun 23 16:29:53, 1000 mL.m, 8, Sample Name: Sauvie Island Sample cool down returned: -32.80.  sampling returned: 998.40.  check heater returned: 310.00. , [2025] Jun 23 14:12:26, 
[2025] Jun 23 16:45:23, [2025] Jun 23 16:46:46, change over.m, 10, , [2024] Feb 22 14:51:17, 
[2025] Jun 23 16:45:21, [2025] Jun 23 17:21:41, 1000 mL.m, 10, Sample Name: Sauvie Island Sample cool down returned: -32.60.  sampling returned: 1002.60.  check heater returned: 309.10. , [2025] Jun 23 14:12:26, 
[2025] Jun 23 17:35:24, [2025] Jun 23 17:36:48, change over.m, 15, , [2024] Feb 22 14:51:17, 
[2025] Jun 23 17:35:21, [2025] Jun 23 18:13:28, 1000 mL.m, 15, Sample Name: breathing air cool down returned: -32.60.  sampling returned: 1002.40.  check heater returned: 309.50. , [2025] Jun 23 14:12:26, 
[2025] Jun 23 18:25:21, [2025] Jun 23 18:30:14, 1000 mL.m, 15, Sample Name: breathing air cool down returned: -31.80. , [2025] Jun 23 14:12:26, Failed at [2025] Jun 23 18:30:14 on sampling, line 832: <class 'TypeError'> signal_handler() takes 2 positional arguments but 3 were given.
[2025] Jun 26 17:30:57, [2025] Jun 26 18:12:03, 2000 mL Ref.m, 15, cool down returned: -34.80.  sampling returned: 2002.50.  check heater returned: 312.80. , [2025] May 01 00:27:47, 
[2025] Jun 26 18:25:56, [2025] Jun 26 19:07:01, 2000 mL Ref.m, 15, cool down returned: -33.80.  sampling returned: 2002.90.  check heater returned: 311.30. , [2025] May 01 00:27:47, 
[2025] Jun 26 19:47:45, [2025] Jun 26 19:49:04, change over.m, 15, , [2024] Feb 22 14:51:17, 
[2025] Jun 26 19:47:44, [2025] Jun 26 19:49:21, 2000 mL Ref.m, 15, Sample Name: breathing air cool down returned: -34.30. , [2025] May 01 00:27:47, Failed at [2025] Jun 26 19:49:21 on flush, line 832: <class 'TypeError'> signal_handler() takes 2 positional arguments but 3 were given.

[2025] Jun 29 17:19:13, [2025] Jun 29 17:20:35, change over.m, 15, , [2024] Feb 22 14:51:17, 